{
  "title": "",
  "description": "",
  "variables": {
    "backgroundColor": {
      "type": "string",
      "defaultValue": "dark-ocean"
    },
    "illustrationBackground": {
      "type": "string",
      "defaultValue": "https://static.oracle.com/cdn/fnd/gallery/2307.0.2/images/illust-welcome-banner-bg-01.png"
    },
    "illustrationForeground": {
      "type": "string",
      "defaultValue": "https://static.oracle.com/cdn/fnd/gallery/2307.0.2/images/illust-welcome-banner-fg-01.png"
    },
    "imageStretch": {
      "type": "string",
      "defaultValue": "none"
    },
    "inventoryOrganizationsLOVListSDP": {
      "type": "vb/ServiceDataProvider",
      "defaultValue": {
        "endpoint": "site_demo_wo:sn_inventoryOrganizationsLov/getall_inventoryOrganizationsLOV",
        "responseType": "getallInventoryOrganizationsLOVResponse",
        "itemsPath": "items",
        "keyAttributes": "OrganizationId",
        "transformsContext": {
          "vb-textFilterAttributes": [
            "OrganizationName",
            "OrganizationCode"
          ]
        }
      }
    },
    "mobileImage": {
      "type": "string",
      "defaultValue": "on"
    },
    "varDFF_1": {
      "type": "string",
      "defaultValue": "%"
    },
    "varOrgId": {
      "type": "string"
    },
    "varWorkOrder": {
      "type": "string",
      "defaultValue": "%"
    },
    "workOrdersListSDP": {
      "type": "vb/ServiceDataProvider",
      "defaultValue": {
        "endpoint": "site_demo_wo:sn_workorders/getall_workOrders",
        "keyAttributes": "WorkOrderId",
        "itemsPath": "items",
        "responseType": "getallWorkOrdersResponse",
        "filterCriterion": {
          "op": "$and",
          "criteria": [
            {
              "op": "$eq",
              "attribute": "OrganizationId",
              "value": "{{ $variables.varOrgId }}"
            },
{
              "op": "$co",
              "attribute": "WorkOrderNumber",
              "value": "{{ $variables.varWorkOrder }}"
            }
          ]
        }
      }
    }

  },
  "metadata": {},
  "types": {
    "@decorators.getallInventoryOrganizationsLOVResponse": {
      "endpoint": "getall_inventoryOrganizationsLOV",
      "service": "oracle_scm_maintenancemanagementpublicUI:inventoryOrganizationsLOV",
      "path": "response"
    },
    "@decorators.getallProcessWorkOrdersResponse": {
      "endpoint": "getall_processWorkOrders",
      "service": "site_demo_wo:sn_work_orders",
      "path": "response"
    },
    "@decorators.getallWorkOrdersResponse": {
      "endpoint": "getall_workOrders",
      "service": "site_demo_wo:sn_workorders",
      "path": "response"
    },
    "getallInventoryOrganizationsLOVResponse": {
      "items": [
        {
          "MasterOrganizationFlag": "boolean",
          "OrganizationCode": "string",
          "OrganizationId": "string",
          "OrganizationName": "string"
        }
      ]
    },
    "getallProcessWorkOrdersResponse": {
      "items": [
        {
          "ActualCompletionDate": "string",
          "ActualStartDate": "string",
          "CanceledDate": "string",
          "ClosedDate": "string",
          "CompletedQuantity": "string",
          "Description": "string",
          "ItemNumber": "string",
          "OrganizationCode": "string",
          "OrganizationName": "string",
          "ProcessWorkOrderDFF": {
            "items": [
              {
                "demoRedwood": "string"
              }
            ]
          },
          "WorkDefinitionName": "string",
          "WorkOrderDate": "string",
          "WorkOrderDescription": "string",
          "WorkOrderId": "string",
          "WorkOrderNumber": "string",
          "WorkOrderStatusName": "string",
          "WorkOrderType": "string"
        }
      ]
    },
    "getallWorkOrdersResponse": {
      "items": [
        {
          "ActualCompletionDate": "string",
          "ActualStartDate": "string",
          "CanceledDate": "string",
          "ClosedDate": "string",
          "Description": "string",
          "ItemNumber": "string",
          "OrganizationCode": "string",
          "OrganizationId": "string",
          "OrganizationName": "string",
          "PlannedStartDate": "string",
          "PlannedStartQuantity": "string",
          "ReleasedDate": "string",
          "UOMCode": "string",
          "WorkDefinitionCode": "string",
          "WorkOrderDate": "string",
          "WorkOrderDFF": {
            "items": [
              {
                "demoRedwood": "string"
              }
            ]
          },
          "WorkOrderId": "string",
          "WorkOrderNumber": "string",
          "WorkOrderStatusName": "string",
          "WorkOrderType": "string"

        }
      ]
    }
  },
  "eventListeners": {},
  "imports": {
    "components": {
      "oj-c-input-text": {
        "path": "oj-c/input-text"
      },
      "oj-select-single": {
        "path": "ojs/ojselectsingle"
      },
      "oj-sp-welcome-page": {
        "path": "oj-sp/welcome-page/loader"
      },
      "oj-table": {
        "path": "ojs/ojtable"
      }

    }
  }
}
