{
  "description": "",
  "variables": {
    "varPost": {
      "type": "create_purchaseRequisitions_DFF"
    }
  },
  "types": {
    "@decorators.create_purchaseRequisitions_DFF": {
      "endpoint": "create_purchaseRequisitions-DFF",
      "service": "site_prc_extension:sn_pr",
      "path": "request"
    },
    "create_purchaseRequisitions_DFF": {
      "demoRedwood": "string",
      "demoRedwood2": "string",
      "RequisitionHeaderId": "string"
    }
  },
  "eventListeners": {
    "vbBeforeEnter": {
      "chains": [
        {
          "parameters": {},
          "chain": "vbBeforeEnterListener"
        }
      ]
    },
    "vbEnter": {
      "chains": [
        {
          "parameters": {},
          "chain": "vbEnterListener"
        }
      ]
    }
  },
  "events": {},
  "imports": {},
  "addLayouts": {
    "containerLayout1-rule1": {
      "expression": "case1"
    }
  },
  "addSubLayouts": {
    "/containerLayout1": {
      "case1": {
        "label": "Case 1 (Copy)",
        "layoutType": "container",
        "layout": {
          "sectionTemplateMap": {
            "section": "section"
          },
          "displayProperties": [
            "section"
          ]
        },
        "usedIn": [
          "containerLayout1-rule1"
        ]
      }
    }
  },
  "chainRules": {
    "/containerLayout1": {
      "rules": [
        "containerLayout1-rule1"
      ]
    }
  },
  "addTemplates": {
    "section": {
      "title": "New Section",
      "extensible": "byReference",
      "@dt": {
        "type": "section",
        "layout": "/containerLayout1"
      },
      "dependencies": [
        "oj-c/input-text"
      ]
    }
  }
}
