{
  "title": "",
  "description": "",
  "variables": {
    "employeeListSDP": {
      "type": "vb/ServiceDataProvider",
      "defaultValue": {
        "endpoint": "businessObjects/getall_Employee",
        "keyAttributes": "id",
        "itemsPath": "items",
        "responseType": "getallEmployeeResponse",
        "filterCriterion": {
          "op": "$or",
          "criteria": [
            {
              "op": "$co",
              "attribute": "managerObject.firstName",
              "value": "{{ $variables.varSearch }}"
            },
            {
              "op": "$co",
              "attribute": "lastName",
              "value": "{{ $variables.varSearch }}"
            }
          ]
        }
      }
    },
    "varSearch": {
      "type": "string"
    }
  },
  "metadata": {},
  "types": {
    "@decorators.getallEmployeeResponse": {
      "endpoint": "getall_Employee",
      "service": "businessObjects",
      "path": "response"
    },
    "getallEmployeeResponse": {
      "items": [
        {
          "departmentObject": {
            "items": [
              {
                "departmentName": "string"
              }
            ]
          },
          "firstName": "string",
          "hireDate": "string",
          "id": "number",
          "lastName": "string",
          "phoneNumber": "string",
          "salary": "number"
        }
      ]
    }
  },
  "eventListeners": {},
  "imports": {
    "components": {
      "oj-input-search": {
        "path": "ojs/ojinputsearch"
      },
      "oj-sp-welcome-page": {
        "path": "oj-sp/welcome-page/loader"
      },
      "oj-table": {
        "path": "ojs/ojtable"
      }
    }
  }
}
