{
    "displayLabel": "YAG_LOOKUP_LINES_DATA",
    "fields": [
        {
            "displayLabel": "Id",
            "key": true,
            "name": "id",
            "oid": "50a69655-9cf4-4fad-a9a4-678d63215059",
            "required": true,
            "type": "number",
            "unique": true
        },
        {
            "displayLabel": "Created",
            "historyType": "timeCreated",
            "name": "creationDate",
            "oid": "27c44857-c96a-45f0-9b79-f3b395a667ec",
            "type": "datetime"
        },
        {
            "displayLabel": "Last Updated",
            "historyType": "timeUpdated",
            "name": "lastUpdateDate",
            "oid": "128a88ce-79ae-465a-a587-c1189c204222",
            "type": "datetime"
        },
        {
            "displayLabel": "Created By",
            "historyType": "createdBy",
            "name": "createdBy",
            "oid": "9ef4ef56-c1d5-4ca7-a5e4-126af368534c",
            "type": "string"
        },
        {
            "displayLabel": "Last Updated By",
            "historyType": "updatedBy",
            "name": "lastUpdatedBy",
            "oid": "2becce4e-6d67-44ec-ab47-c783856dda19",
            "type": "string"
        },
        {
            "displayLabel": "Version Number",
            "historyType": "versionNumber",
            "name": "versionNumber",
            "oid": "09956fe9-6574-4bf1-bfd4-cf78c12c7e0f",
            "type": "number"
        },
        {
            "displayLabel": "lookup_line_id",
            "name": "lookupLineId",
            "oid": "cf458d0a-0919-41af-b968-fe33c44ff60e",
            "required": true,
            "type": "number"
        },
        {
            "displayLabel": "lookup_header_id",
            "name": "lookupHeaderId",
            "oid": "362401c4-2c1a-4ab1-89b2-7974cc44ee8b",
            "required": true,
            "type": "number"
        },
        {
            "displayLabel": "lookup_line_code",
            "name": "lookupLineCode",
            "oid": "04215af4-8d20-45a7-854b-18b4e0d234cf",
            "required": true,
            "type": "string"
        },
        {
            "displayLabel": "lookup_line_value",
            "name": "lookupLineValue",
            "oid": "979531b1-da91-4b20-b36c-577462dcd84d",
            "required": true,
            "type": "string"
        },
        {
            "displayLabel": "lookup_line_name",
            "name": "lookupLineName",
            "oid": "b60f8a90-ae9c-4a7e-8430-7f664d317aaf",
            "required": true,
            "type": "string"
        },
        {
            "displayLabel": "lookup_line_description",
            "name": "lookupLineDescription",
            "oid": "5dc6cbfa-8522-4755-ae24-250a95105de4",
            "required": true,
            "type": "string"
        },
        {
            "displayLabel": "enabled_flag",
            "name": "enabledFlag",
            "oid": "0f2929c0-0f66-43af-915f-42fdca72776b",
            "required": true,
            "type": "string"
        },
        {
            "displayLabel": "start_date",
            "name": "startDate",
            "oid": "3de01179-7df7-4332-a226-9492a0906fd1",
            "required": true,
            "type": "date"
        },
        {
            "displayLabel": "end_date",
            "name": "endDate",
            "oid": "d0a11605-1cea-4623-8be8-e4ed0508bdff",
            "required": false,
            "type": "string"
        },
        {
            "displayLabel": "default_flag",
            "name": "defaultFlag",
            "oid": "8af35312-7c67-45d8-9e3d-14f3a0c2338c",
            "required": false,
            "type": "string"
        },
        {
            "displayLabel": "lookup_line_order",
            "name": "lookupLineOrder",
            "oid": "554878b0-9f6a-4fad-bce3-9e9bc37f76c4",
            "required": false,
            "type": "string"
        },
        {
            "displayLabel": "tag",
            "name": "tag",
            "oid": "a767b00b-13e5-4ae4-9766-67b9ef0e949d",
            "required": false,
            "type": "string"
        },
        {
            "displayLabel": "document",
            "name": "document",
            "oid": "98a4c23c-4ea6-460d-8d84-73255e94b69e",
            "required": false,
            "type": "string"
        },
        {
            "displayLabel": "attribute1",
            "name": "attribute1",
            "oid": "cfbf017f-c76b-4517-b41d-34772bfd94a3",
            "required": false,
            "type": "string"
        },
        {
            "displayLabel": "attribute2",
            "name": "attribute2",
            "oid": "b3d298fc-f987-40fc-aa3d-c9507406df60",
            "required": false,
            "type": "string"
        },
        {
            "displayLabel": "attribute3",
            "name": "attribute3",
            "oid": "4ed60d1d-6e27-4361-a577-08d541d4ab34",
            "required": false,
            "type": "string"
        },
        {
            "displayLabel": "attribute4",
            "name": "attribute4",
            "oid": "232641fd-6a47-48d3-a2e5-b714d53a275c",
            "required": false,
            "type": "string"
        },
        {
            "displayLabel": "attribute5",
            "name": "attribute5",
            "oid": "4669eb62-edd6-46b1-be3e-32e3940f3dc1",
            "required": false,
            "type": "string"
        },
        {
            "displayLabel": "attribute6",
            "name": "attribute6",
            "oid": "9f8bc367-0268-43c8-8925-979e4d9e2b33",
            "required": false,
            "type": "string"
        },
        {
            "displayLabel": "attribute7",
            "name": "attribute7",
            "oid": "0a76d648-1edf-410d-9b34-eda717b246e9",
            "required": false,
            "type": "string"
        },
        {
            "displayLabel": "attribute8",
            "name": "attribute8",
            "oid": "23ce0e1d-1ace-442b-922e-6b833971748f",
            "required": false,
            "type": "string"
        },
        {
            "displayLabel": "attribute9",
            "name": "attribute9",
            "oid": "ac601285-bba1-4de7-916f-a650caf69d30",
            "required": false,
            "type": "string"
        },
        {
            "displayLabel": "attribute10",
            "name": "attribute10",
            "oid": "47b93a60-7aec-481b-9f12-1d79dd6944d1",
            "required": false,
            "type": "string"
        },
        {
            "displayLabel": "attribute_number1",
            "name": "attributeNumber1",
            "oid": "9f54e20c-1503-4998-b627-4afb17f7cfc4",
            "required": false,
            "type": "string"
        },
        {
            "displayLabel": "attribute_number2",
            "name": "attributeNumber2",
            "oid": "01e11f8c-f01e-42c8-92b6-c8cc70c836aa",
            "required": false,
            "type": "string"
        },
        {
            "displayLabel": "attribute_number3",
            "name": "attributeNumber3",
            "oid": "f0303e05-42f7-42fa-bfc8-31d708e668e2",
            "required": false,
            "type": "string"
        },
        {
            "displayLabel": "attribute_number4",
            "name": "attributeNumber4",
            "oid": "0fe52dff-42a5-4675-a7d9-6d9c452d25f1",
            "required": false,
            "type": "string"
        },
        {
            "displayLabel": "attribute_number5",
            "name": "attributeNumber5",
            "oid": "61231388-f750-4911-a278-74fbc05bd0af",
            "required": false,
            "type": "string"
        },
        {
            "displayLabel": "attribute_date1",
            "name": "attributeDate1",
            "oid": "da2215dc-df85-4ed6-a611-29af7906e20c",
            "required": false,
            "type": "string"
        },
        {
            "displayLabel": "attribute_date2",
            "name": "attributeDate2",
            "oid": "074ca075-ebb0-475e-be97-ef671ba134d9",
            "required": false,
            "type": "string"
        },
        {
            "displayLabel": "attribute_date3",
            "name": "attributeDate3",
            "oid": "a0477353-e873-456e-94d5-f520aa115d9a",
            "required": false,
            "type": "string"
        },
        {
            "displayLabel": "attribute_date4",
            "name": "attributeDate4",
            "oid": "4709cbaf-4eb7-4f70-89c1-581a1580233e",
            "required": false,
            "type": "string"
        },
        {
            "displayLabel": "attribute_date5",
            "name": "attributeDate5",
            "oid": "b788013d-c94e-434d-a325-8d85d144f136",
            "required": false,
            "type": "string"
        },
        {
            "displayLabel": "creation_date",
            "name": "creationDate2",
            "oid": "f1472fc3-d803-4ff0-93eb-b8f1a2b224c0",
            "required": true,
            "type": "date"
        },
        {
            "displayLabel": "created_by",
            "name": "createdBy2",
            "oid": "3517f35b-546d-4010-ae36-399efd82bd19",
            "required": true,
            "type": "string"
        },
        {
            "displayLabel": "last_updated_date",
            "name": "lastUpdatedDate",
            "oid": "00e418d1-5f06-4451-9860-1925db0bd250",
            "required": true,
            "type": "date"
        },
        {
            "displayLabel": "last_updated_by",
            "name": "lastUpdatedBy2",
            "oid": "f97d6a60-d950-496b-903c-5fb1c15343c9",
            "required": true,
            "type": "string"
        },
        {
            "displayLabel": "last_updated_login",
            "name": "lastUpdatedLogin",
            "oid": "546a4710-fc74-4f9c-9fa9-320612fa2c28",
            "required": true,
            "type": "string"
        }
    ],
    "hidden": false,
    "name": "YAGLOOKUPLINESDATA",
    "oid": "9da84f79-f6f4-4922-944e-67d1ec665364",
    "relationships": [
        {
            "name": "yAGLOOKUPHEADERSDATAObject",
            "reverseRelationship": "yAGLOOKUPLINESDATACollection",
            "targetEntity": "YAGLOOKUPHEADERSDATA",
            "type": "outgoing",
            "exposeAccessor": true,
            "mappingField": "lookupHeaderId",
            "deleteRule": "restrict"
        }
    ]
}