id,creationDate,lastUpdateDate,createdBy,lastUpdatedBy,lookupLineId,lookupHeaderId,lookupLineCode,lookupLineValue,lookupLineName,lookupLineDescription,enabledFlag,startDate,endDate,defaultFlag,lookupLineOrder,tag,document,attribute1,attribute2,attribute3,attribute4,attribute5,attribute6,attribute7,attribute8,attribute9,attribute10,attributeNumber1,attributeNumber2,attributeNumber3,attributeNumber4,attributeNumber5,attributeDate1,attributeDate2,attributeDate3,attributeDate4,attributeDate5,creationDate2,createdBy2,lastUpdatedDate,lastUpdatedBy2,lastUpdatedLogin
1,2024-09-20T12:35:16.801,2024-09-20T12:35:16.801,juan.montero@entrust.es,juan.montero@entrust.es,1.0,1,H2H_IN_WFBI,H2H_IN_WFBI,H2H In Wellsfargo,Name of the IN process for Wellsfargo bank,Y,2024-09-16,,,,,,,,,,,,,,,,,,,,,,,,,,2024-09-17,OIC_POC,2024-09-17,OIC_POC,OIC_POC
2,2024-09-20T12:35:16.814,2024-09-20T12:35:16.814,juan.montero@entrust.es,juan.montero@entrust.es,2.0,2,H2H_OUT_WFBI,H2H_OUT_WFBI,H2H Out Wellsfargo,Name of the OUT process for Wellsfargo bank,Y,2024-09-16,,,,,,,,,,,,,,,,,,,,,,,,,,2024-09-17,OIC_POC,2024-09-17,OIC_POC,OIC_POC
3,2024-09-20T12:35:16.815,2024-09-20T12:35:16.815,juan.montero@entrust.es,juan.montero@entrust.es,3.0,4,OUT_FILE_PATH,/var/www/html/OIC/SIT/FUSION/SIT/ERPCloud/H2H/outbound,Out File Path,Out File Path,Y,2024-09-16,,,,,,,,,,,,,,,,,,,,,,,,,,2024-09-17,OIC_POC,2024-09-17,OIC_POC,OIC_POC
4,2024-09-20T12:35:16.816,2024-09-20T12:35:16.816,juan.montero@entrust.es,juan.montero@entrust.es,4.0,4,OUT_FILE_PATTERN,PAY*.xml,Out File Pattern,Out File Pattern,Y,2024-09-16,,,,,,,,,,,,,,,,,,,,,,,,,,2024-09-17,OIC_POC,2024-09-17,OIC_POC,OIC_POC
5,2024-09-20T12:35:16.817,2024-09-20T12:35:16.817,juan.montero@entrust.es,juan.montero@entrust.es,5.0,4,OUT_RUNNING_FILE_PATH,/var/www/html/OIC/SIT/FUSION/SIT/ERPCloud/H2H/outbound/running,Out Running File Pattern,Out Running File Pattern,Y,2024-09-16,,,,,,,,,,,,,,,,,,,,,,,,,,2024-09-17,OIC_POC,2024-09-17,OIC_POC,OIC_POC
6,2024-09-20T12:38:31,2024-09-20T12:38:31.021,juan.montero@entrust.es,juan.montero@entrust.es,1.0,1,H2H_IN_WFBI,H2H_IN_WFBI,H2H In Wellsfargo,Name of the IN process for Wellsfargo bank,Y,2024-09-16,,,,,,,,,,,,,,,,,,,,,,,,,,2024-09-17,OIC_POC,2024-09-17,OIC_POC,OIC_POC
