{
    "displayLabel": "Region",
    "fields": [
        {
            "displayLabel": "Id",
            "key": true,
            "name": "id",
            "oid": "4ac38202-f068-4b8c-9480-771fbeb71741",
            "required": true,
            "type": "number",
            "unique": true
        },
        {
            "displayLabel": "Created",
            "historyType": "timeCreated",
            "name": "creationDate",
            "oid": "f3ff73e0-a5f1-4e4e-a5af-434684ce36a3",
            "required": true,
            "type": "datetime"
        },
        {
            "displayLabel": "Last Updated",
            "historyType": "timeUpdated",
            "name": "lastUpdateDate",
            "oid": "1bb1acde-fabd-49bc-8beb-916cdc71a5b1",
            "required": true,
            "type": "datetime"
        },
        {
            "displayLabel": "Created By",
            "historyType": "createdBy",
            "name": "createdBy",
            "oid": "2863614f-a605-4e3d-820d-723022c00534",
            "required": true,
            "type": "string"
        },
        {
            "displayLabel": "Last Updated By",
            "historyType": "updatedBy",
            "name": "lastUpdatedBy",
            "oid": "b4527ac8-c291-4a88-919b-eb52e5cc145f",
            "required": true,
            "type": "string"
        },
        {
            "displayLabel": "Version Number",
            "historyType": "versionNumber",
            "name": "versionNumber",
            "oid": "3cd71c4b-67cf-487d-9dad-dfe804d27e19",
            "type": "number"
        },
        {
            "displayLabel": "regionName",
            "name": "regionName",
            "oid": "a0efa2e9-68f6-460f-8cb3-2078d4d8c20c",
            "required": true,
            "type": "string"
        }
    ],
    "hidden": false,
    "name": "Region",
    "oid": "d610bf10-45cb-4a5b-a245-647be7a616bc"
}