{
    "backends": {
        "fa": {
            "description": "Oracle Cloud Applications",
            "serviceType": "fa-base",
            "servers": [
                {
                    "url": "https://eqjz.ds-fa.oraclepdemos.com",
                    "description": "Default Server",
                    "x-vb": {
                        "authentication": {
                            "authenticated": {
                                "type": "basic",
                                "credentials": "vb_823748e6-0358-4e78-9f7e-973ba37add23"
                            },
                            "anonymous": {
                                "type": "basic",
                                "credentials": "vb_b9f2e893-f88e-4c59-ab7c-4040f55ce004"
                            }
                        },
                        "anonymousAccess": true
                    }
                }
            ]
        },
        "crmRestApi": {
            "serviceType": "adf-describe",
            "serviceTypeProperties": {
                "faCatalogAppId": "REST-crmRestApp"
            },
            "description": "Sales and Service",
            "headers": {
                "REST-Framework-Version": "4"
            },
            "transforms": {
                "path": "vb/BusinessObjectsTransforms"
            },
            "servers": [
                {
                    "url": "vb-catalog://backends/fa/crmRestApi/resources",
                    "description": "Default Server"
                }
            ]
        },
        "fscmRestApi": {
            "serviceType": "adf-describe",
            "serviceTypeProperties": {
                "faCatalogAppId": "REST-fscmRestApp"
            },
            "description": "Enterprise Resource Planning and Supply Chain",
            "headers": {
                "REST-Framework-Version": "4"
            },
            "transforms": {
                "path": "vb/BusinessObjectsTransforms"
            },
            "servers": [
                {
                    "url": "vb-catalog://backends/fa/fscmRestApi/resources",
                    "description": "Default Server"
                }
            ]
        },
        "hcmRestApi": {
            "serviceType": "adf-describe",
            "serviceTypeProperties": {
                "faCatalogAppId": "REST-hcmRestApp"
            },
            "description": "Human Capital Management",
            "headers": {
                "REST-Framework-Version": "4"
            },
            "transforms": {
                "path": "vb/BusinessObjectsTransforms"
            },
            "servers": [
                {
                    "url": "vb-catalog://backends/fa/hcmRestApi/resources",
                    "description": "Default Server"
                }
            ]
        },
        "ics": {
            "serviceType": "ics",
            "servers": [
                {
                    "url": "vb-catalog://backends.tenant/ics",
                    "description": "Overridden Integration Server",
                    "x-vb": {
                        "authentication": {
                            "authenticated": {
                                "type": "propagate"
                            }
                        }
                    }
                }
            ]
        }
      }
}