{
  "description": "",
  "variables": {
    "Bu_Name": {
      "type": "string"
    }
  },
  "types": {},
  "eventListeners": {
    "buttonAction": {
      "chains": [
        {
          "chain": "default_our_values"
        }
      ]
    },
    "vbAfterNavigate": {
      "chains": [
        {
          "parameters": {
            "event": "{{ $event }}"
          },
          "chain": "vbAfterNavigateListener"
        }
      ]
    },
    "vbEnter": {
      "chains": [
        {
          "parameters": {},
          "chain": "vbEnterListener"
        }
      ]
    }

  },
  "events": {},
  "imports": {},
  "addLayouts": {
    "containerLayout1-rule1": {
      "expression": "case1"
    }
  },
  "addSubLayouts": {
    "/containerLayout1": {
      "case1": {
        "layoutType": "container",
        "label": "Case 1 (Copy)",
        "layout": {
          "displayProperties": [
            "template1",
            "secDemo1"
          ],
          "sectionTemplateMap": {
            "template1": "/template1",
            "secDemo1": "secDemo1"
          }
        }
      }
    }
  },
  "chainRules": {
    "/containerLayout1": {
      "rules": [
        "containerLayout1-rule1"
      ]
    }
  },
  "addTemplates": {
    "secDemo1": {
      "title": "sec_demo1",
      "description": "",
      "extensible": "byReference",
      "@dt": {
        "type": "section",
        "layout": "/containerLayout1"
      },
      "dependencies": [
        "oj-c/button"
      ]
    }
  }
}
