{

  "id": "main",
  "description": "Flow main",
  "defaultPage": "main-start",
  "chains": {},
  "services": {},
  "types": {},
  "variables": {
  },
  "@dt": {
    "chains": {
      "validateFormChain": {
        "autowire": {
          "contextKey": "vb-quickstarts-js",
          "name": "validateFormChain"
        }
      }
    }
  },
  "eventListeners": {
    "vbEnter": {
      "chains": [
        {
          "parameters": {},
          "chain": "vbEnterListener"
        }
      ]
    }
  }
}
