{
  "description": "",
  "variables": {
    "varHeaderId": {
      "type": "number"
    },
    "varHeight": {
      "type": "number"
    },
    "varQuery": {
      "type": "string"
    },
    "varVolTotal": {
      "type": "number",
      "defaultValue": 0
    },
    "varWeight": {
      "type": "number"
    },
    "varWeightTotal": {
      "type": "number",
      "defaultValue": 0
    },
    "varWidth": {
      "type": "number"
    }

  },
  "types": {
  },
  "eventListeners": {
    "vbEnter": {
      "chains": [
        {
          "parameters": {},
          "chain": "vbEnterListener"
        }
      ]
    }
  },
  "events": {},
  "imports": {},
  "interface": {
    "variables": {
      "varReponse": {
        "type": "string",
        "description": "test",
        "mode": "readWrite"
      }
    },
    "types": {}
  }
}
