{
  "component-dependencies": {
    "oj-sp": {
      "version": "2304.0.1",
      "components": {
        "messages-banner": "2407.0.0",
        "messages-toast": "2407.0.0",
        "welcome-page": "2304.0.1",
        "collection-container": "2407.0.0",
        "list-item-template": "2407.0.0",
        "item-overview-page": "2304.0.1",
        "item-overview": "2304.0.1",
        "profile-card": "2304.0.1"
      }
    },
    "oj-dynamic": {
      "version": "13.1.1",
      "components": {
        "form": "13.1.1"
      }
    }
  }
 }