{
    "displayLabel": "Employee",
    "fields": [
        {
            "displayLabel": "Id",
            "key": true,
            "name": "id",
            "oid": "12dcde19-46ea-4cbe-b8ba-8195a05a4089",
            "required": true,
            "type": "number",
            "unique": true
        },
        {
            "displayLabel": "Created",
            "historyType": "timeCreated",
            "name": "creationDate",
            "oid": "094f8283-1510-41d6-a3be-6c2ef353d3c9",
            "required": true,
            "type": "datetime"
        },
        {
            "displayLabel": "Last Updated",
            "historyType": "timeUpdated",
            "name": "lastUpdateDate",
            "oid": "2b5cfa39-4351-484a-95b3-3f6a7562ac10",
            "required": true,
            "type": "datetime"
        },
        {
            "displayLabel": "Created By",
            "historyType": "createdBy",
            "name": "createdBy",
            "oid": "849f6612-53f7-462f-b656-009419dcddc9",
            "required": true,
            "type": "string"
        },
        {
            "displayLabel": "Last Updated By",
            "historyType": "updatedBy",
            "name": "lastUpdatedBy",
            "oid": "e96ae9de-f1c1-413d-81e6-43128b7cce58",
            "required": true,
            "type": "string"
        },
        {
            "displayLabel": "Version Number",
            "historyType": "versionNumber",
            "name": "versionNumber",
            "oid": "179c5cb2-f0f6-4b56-8224-9e6b3445fcd6",
            "type": "number"
        },
        {
            "displayLabel": "firstName",
            "name": "firstName",
            "oid": "19ae4db4-c124-420f-a1f6-d60310b172e9",
            "required": true,
            "type": "string"
        },
        {
            "displayLabel": "lastName",
            "name": "lastName",
            "oid": "a4d37706-9491-4256-82d4-a2ae54511376",
            "required": true,
            "type": "string"
        },
        {
            "displayLabel": "email",
            "name": "email",
            "oid": "0e1c9320-bcc1-49d5-8054-b90a17c9ba1e",
            "required": true,
            "type": "string"
        },
        {
            "displayLabel": "phoneNumber",
            "name": "phoneNumber",
            "oid": "54d1e07b-b9aa-42de-a7a8-e9275ba4fa9b",
            "required": true,
            "type": "string"
        },
        {
            "displayLabel": "hireDate",
            "name": "hireDate",
            "oid": "0d16402a-7474-49de-9a95-86607e06a052",
            "required": true,
            "type": "date"
        },
        {
            "displayLabel": "job",
            "name": "job",
            "oid": "09ebcd79-781b-4386-a785-a5299a089d13",
            "required": true,
            "type": "number"
        },
        {
            "displayLabel": "salary",
            "name": "salary",
            "oid": "6bae14a7-ac97-4a15-8a65-419d6d02ef6c",
            "required": true,
            "scale": 1,
            "type": "number"
        },
        {
            "displayLabel": "commissionPct",
            "name": "commissionPct",
            "oid": "a864b31c-b851-4b97-bf07-c0f5d11f4064",
            "required": false,
            "scale": 2,
            "type": "number"
        },
        {
            "displayLabel": "manager",
            "name": "manager",
            "oid": "6645042a-d999-4473-b5eb-36edfccff73b",
            "required": false,
            "type": "number"
        },
        {
            "displayLabel": "department",
            "name": "department",
            "oid": "4542cf6f-3a47-4931-b9b8-9ba635f80da1",
            "required": true,
            "type": "number"
        },
        {
            "displayLabel": "review",
            "name": "review",
            "oid": "def4dd71-56be-4bed-820d-e2e08e1d210d",
            "required": false,
            "type": "string"
        }
    ],
    "hidden": false,
    "name": "Employee",
    "oid": "e76b2aa9-ebf6-4ad3-9c7b-7e5fa06e9554",
    "description": "-"
}