{
  "title": "",
  "description": "",
  "variables": {
    "backgroundColor": {
      "type": "string",
      "defaultValue": "dark-ocean"
    },
    "distributionsListSDP": {
      "type": "vb/ServiceDataProvider",
      "defaultValue": {
        "endpoint": "sn_pr_01/getall_purchaseRequisitions-lines-distributions",
        "keyAttributes": "RequisitionDistributionId",
        "itemsPath": "items",
        "responseType": "getallPurchaseRequisitionsLinesDistributionsResponse",
        "uriParameters": {
          "purchaseRequisitions_Id": "{{ $variables.varPO_REQ_iD }}",
          "purchaseRequisitions_lines_Id": "{{ $variables.varPO_REQ_LINE_ID }}"
        }
      }
    },
    "illustrationBackground": {
      "type": "string",
      "defaultValue": "https://static.oracle.com/cdn/fnd/gallery/2307.0.2/images/illust-welcome-banner-bg-01.png"
    },
    "illustrationForeground": {
      "type": "string",
      "defaultValue": "https://static.oracle.com/cdn/fnd/gallery/2307.0.2/images/illust-welcome-banner-fg-01.png"
    },
    "imageStretch": {
      "type": "string",
      "defaultValue": "none"
    },
    "linesListSDP": {
      "type": "vb/ServiceDataProvider",
      "defaultValue": {
        "endpoint": "sn_pr_01/getall_purchaseRequisitions-lines",
        "keyAttributes": "RequisitionLineId",
        "itemsPath": "items",
        "responseType": "getallPurchaseRequisitionsLinesResponse",
        "uriParameters": {
          "purchaseRequisitions_Id": "{{ $variables.varPO_REQ_iD }}",
          "onlyData": true
        }
      }
    },
    "mobileImage": {
      "type": "string",
      "defaultValue": "on"
    },
    "purchaseRequisitionsListSDP": {
      "type": "vb/ServiceDataProvider",
      "defaultValue": {
        "endpoint": "sn_pr_01/getall_purchaseRequisitions",
        "keyAttributes": "RequisitionHeaderId",
        "itemsPath": "items",
        "responseType": "getallPurchaseRequisitionsResponse",
        "filterCriterion": {
          "op": "$co",
          "attribute": "Requisition",
          "value": "{{ $variables.varSearch }}"
        }
      }
    },
    "varPO_REQ_iD": {
      "type": "string"
    },
    "varPO_REQ_LINE_ID": {
      "type": "string"
    },
    "varSearch": {
      "type": "string",
      "defaultValue": "203636"
    }
  },
  "metadata": {},
  "types": {
    "@decorators.getallPurchaseRequisitionsLinesDistributionsResponse": {
      "endpoint": "getall_purchaseRequisitions-lines-distributions",
      "service": "sn_pr_01",
      "path": "response"
    },
    "@decorators.getallPurchaseRequisitionsLinesDistributionsResponse2": {
      "endpoint": "getall_purchaseRequisitions-lines-distributions",
      "service": "sn_pr_01",
      "path": "response"
    },
    "@decorators.getallPurchaseRequisitionsLinesResponse": {
      "endpoint": "getall_purchaseRequisitions-lines",
      "service": "sn_pr_01",
      "path": "response"
    },
    "@decorators.getallPurchaseRequisitionsResponse": {
      "endpoint": "getall_purchaseRequisitions",
      "service": "sn_pr_01",
      "path": "response"
    },
    "getallPurchaseRequisitionsLinesDistributionsResponse": {
      "items": [
        {
          "ChargeAccount": "string",
          "CurrencyAmount": "number",
          "DistributionNumber": "number",
          "Quantity": "number",
          "RequisitionDistributionId": "number",
          "RequisitionLineId": "number"
        }
      ]
    },
    "getallPurchaseRequisitionsLinesDistributionsResponse2": {
      "items": [
        {
          "ChargeAccount": "string",
          "CurrencyAmount": "number",
          "DistributionNumber": "number",
          "Quantity": "number",
          "RequisitionDistributionId": "number",
          "RequisitionLineId": "number"
        }
      ]
    },
    "getallPurchaseRequisitionsLinesResponse": {
      "items": [
        {
          "Amount": "number",
          "LineNumber": "number",
          "LineStatus": "string",
          "LineType": "string",
          "POLineId": "number",
          "ProcurementBU": "string",
          "Quantity": "number",
          "RequisitionHeaderId": "number",
          "RequisitionLineId": "number",
          "Supplier": "string",
          "SupplierSite": "string"
        }
      ]
    },
    "getallPurchaseRequisitionsResponse": {
      "items": [
        {
          "Description": "string",
          "Requisition": "string",
          "RequisitionHeaderId": "number",
          "RequisitioningBU": "string"
        }
      ]
    }

  },
  "eventListeners": {
    "tableFirstSelectedRow": {
      "chains": [
        {
          "chain": "TableFirstSelectedRowChangeChain",
          "parameters": {
            "rowKey": "{{$event.detail.value.key}}",
            "rowData": "{{$event.detail.value.data}}"
          }
        }
      ]
    },
    "tableFirstSelectedRow2": {
      "chains": [
        {
          "chain": "TableFirstSelectedRowChangeChain1",
          "parameters": {
            "rowKey": "{{$event.detail.value.key}}",
            "rowData": "{{$event.detail.value.data}}"
          }
        }
      ]
    },
    "tableFirstSelectedRow3": {
      "chains": [
        {
          "chain": "TableFirstSelectedRowChangeChain2",
          "parameters": {
            "rowKey": "{{$event.detail.value.key}}",
            "rowData": "{{$event.detail.value.data}}"
          }
        }
      ]
    }
  },
  "imports": {
    "components": {
      "oj-input-search": {
        "path": "ojs/ojinputsearch"
      },
      "oj-sp-welcome-page": {
        "path": "oj-sp/welcome-page/loader"
      },
      "oj-table": {
        "path": "ojs/ojtable"
      }
    }
  }
}
