{
    "openapi": "3.0.0",
    "info": {
        "title": "Ics",
        "version": "1.0.0"
    },
    "servers": [
        {
            "url": "vb-catalog://backends/ics",
            "description": "Ics"
        }
    ],
    "paths": {
        "/ic/api/integration/v1/flows/rest/XX_DOWNLOAD_FILE_DEMO/1.0/": {
            "get": {
                "operationId": "get_download",
                "parameters": [
                    {
                        "name": "directory",
                        "in": "query",
                        "schema": {
                            "type": "string"
                        }
                    },
                    {
                        "name": "file_name",
                        "in": "query",
                        "schema": {
                            "type": "string"
                        }
                    }
                ],
                "responses": {
                    "default": {
                        "description": "Default response",
                        "content": {
                            "application/octet-stream": {}
                        }
                    }
                },
                "x-vb": {
                    "actionHint": "getMany"
                }
            }
        }
    }
}