{
  "title": "",
  "description": "",
  "variables": {
    "bidirectionalNavigation": {
      "type": "boolean",
      "defaultValue": true,
      "input": "fromCaller"
    },
    "displayMode": {
      "type": "string"
    },
    "inFlowBack": {
      "type": "boolean",
      "defaultValue": false,
      "input": "fromCaller"
    },
    "itemId": {
      "type": "string",
      "required": true,
      "input": "fromUrl",
      "onValueChanged": {
        "chains": [
          {
            "chain": "loadPartnerAPFileChain",
            "parameters": {
              "partnerAPFileId": "{{ $variables.itemId }}"
            }
          }
        ]
      }
    },
    "itemIndex": {
      "type": "number",
      "description": "Zero-based index referring to the current row in the collection",
      "input": "fromCaller",
      "onValueChanged": {
        "chains": [
          {
            "chainId": "fetchItemChain",
            "parameters": {
              "limit": "{{ $page.variables.itemIndex === 0 ? 2 : 3 }}",
              "offset": "{{ $page.variables.itemIndex > 0 ? ($page.variables.itemIndex - 1) : 0 }}"
            }
          }
        ]
      }
    },
    "nextItem": {
      "type": "any",
      "defaultValue": null
    },
    "overviewExpanded": {
      "type": "boolean",
      "defaultValue": false,
      "input": "fromCaller"
    },
    "parentPage": {
      "type": "string",
      "input": "fromCaller"
    },
    "parentUrlParams": {
      "type": "any",
      "input": "fromCaller"
    },
    "partnerAPFile": {
      "type": "getPartnerAPFileResponse"
    },
    "previousItem": {
      "type": "any",
      "defaultValue": null
    }
  },
  "metadata": {},
  "types": {
    "@decorators.getPartnerAPFileResponse": {
      "endpoint": "get_PartnerAP_File",
      "service": "businessObjects",
      "path": "response"
    },
    "getPartnerAPFileResponse": {
      "batchId": "string",
      "buId": "string",
      "buName": "string",
      "comissionType": "string",
      "createdBy": "string",
      "creationDate": "string",
      "dateInvoiceAttachment": "string",
      "dateInvoiceCreated": "string",
      "dateInvoiceFtp": "string",
      "dateInvoiceMailed": "string",
      "distributionSet": "string",
      "fileName": "string",
      "id": "number",
      "invoiceDate": "string",
      "invoiceDescription": "string",
      "invoiceId": "string",
      "invoiceNumber": "string",
      "lastUpdateDate": "string",
      "lastUpdatedBy": "string",
      "lineNumber": "string",
      "netAmount": "number",
      "oICInstanceId": "string",
      "qualifica": "string",
      "status": "string",
      "statusMessage": "string",
      "userLoad": "string",
      "vendorAddressCode": "string",
      "vendorName": "string",
      "vendorNumber": "string"
    }
  },
  "eventListeners": {
    "ojSpGoToParent": {
      "chains": [
        {
          "chain": "goToParentChain",
          "parameters": {
            "parentPage": "{{ $page.variables.parentPage }}"
          }
        }
      ]
    },
    "ojSpItemOverviewPageSpNext": {
      "chains": [
        {
          "chain": "goToNextItemChain",
          "parameters": {
            "event": "{{ $event }}"
          }
        }
      ]
    },
    "ojSpItemOverviewPageSpPrevious": {
      "chains": [
        {
          "chain": "goToPreviousItemChain",
          "parameters": {
            "event": "{{ $event }}"
          }
        }
      ]
    },
    "ojSpItemOverviewSpCollapse": {
      "chains": [
        {
          "chain": "expandOrCollapseOverviewChain",
          "parameters": {
            "expand": "false"
          }
        }
      ]
    },
    "ojSpItemOverviewSpExpand": {
      "chains": [
        {
          "chain": "expandOrCollapseOverviewChain",
          "parameters": {
            "expand": "true"
          }
        }
      ]
    },
    "vbEnter": {
      "chains": [
        {
          "chain": "ifItemIndexConfiguredChain",
          "parameters": {}
        },
        {
          "chain": "loadPartnerAPFileChain",
          "parameters": {
            "partnerAPFileId": "{{ $variables.itemId }}"
          }
        }
      ]
    }
  },
  "imports": {
    "components": {
      "oj-dynamic-form": {
        "path": "oj-dynamic/form/loader"
      },
      "oj-form-layout": {
        "path": "ojs/ojformlayout"
      },
      "oj-input-date-time": {
        "path": "ojs/ojdatetimepicker"
      },
      "oj-input-number": {
        "path": "ojs/ojinputnumber"
      },
      "oj-input-text": {
        "path": "ojs/ojinputtext"
      },
      "oj-sp-item-overview": {
        "path": "oj-sp/item-overview/loader"
      },
      "oj-sp-item-overview-page": {
        "path": "oj-sp/item-overview-page/loader"
      }
    }
  }
}
