{
  "title": "",
  "description": "",
  "variables": {
    "inputSearch": {
      "type": "string"
    },
    "oj_table_1927023115_1SelectedId": {
      "type": "string",
      "defaultValue": ""
    },
    "partnerAPFileListSDP": {
      "type": "vb/ServiceDataProvider",
      "defaultValue": {
        "endpoint": "businessObjects/getall_PartnerAP_File",
        "keyAttributes": "id",
        "itemsPath": "items",
        "responseType": "getallPartnerAPFileResponse",
        "filterCriterion": {
          "op": "$or",
          "criteria": [
            {
              "op": "$co",
              "attribute": "batchId",
              "value": "{{ $variables.inputSearch }}"
            },
            {
              "op": "$co",
              "attribute": "fileName",
              "value": "{{ $variables.inputSearch }}"
            }
          ]
        },
        "uriParameters": {
          "orderBy": "creationDate:desc"
        }
      }
    }
  },
  "metadata": {},
  "types": {
    "@decorators.getallPartnerAPFileResponse": {
      "endpoint": "getall_PartnerAP_File",
      "service": "businessObjects",
      "path": "response"
    },
    "getallPartnerAPFileResponse": {
      "items": [
        {
          "batchId": "string",
          "creationDate": "string",
          "dateInvoiceAttachment": "string",
          "dateInvoiceCreated": "string",
          "dateInvoiceMailed": "string",
          "distributionSet": "string",
          "fileName": "string",
          "id": "number",
          "invoiceDate": "string",
          "netAmount": "number",
          "status": "string",
          "statusMessage": "string",
          "userLoad": "string",
          "vendorAddressCode": "string",
          "vendorNumber": "string"

        }
      ]
    }
  },
  "eventListeners": {
    "buttonAction": {
      "chains": [
        {
          "chain": "ButtonActionChain"
        }
      ]
    },
    "deletePartnerAPFileButtonClicked": {
      "chains": [
        {
          "chain": "deletePartnerAPFileChain",
          "parameters": {
            "partnerAPFileId": "[[ $variables.oj_table_1927023115_1SelectedId ]]"
          }
        }
      ]
    },
    "editPartnerAPFileButtonClicked": {
      "chains": [
        {
          "chain": "navigateToEditPartnerAPFileChain",
          "parameters": {
            "partnerAPFileId": "[[ $variables.oj_table_1927023115_1SelectedId ]]"
          }
        }
      ]
    },
    "oj_table_1927023115_1SelectionChanged": {
      "chains": [
        {
          "chain": "ojTable19270231151ChangeSelectionChain",
          "parameters": {
            "partnerAPFileId": "[[ $event.detail.value.key || '' ]]"
          }
        }
      ]
    },
    "partnerAPFileDetailButtonClicked": {
      "chains": [
        {
          "chain": "navigateToPartnerAPFileDetailChain",
          "parameters": {
            "partnerAPFileId": "[[ $variables.oj_table_1927023115_1SelectedId ]]"
          }
        }
      ]
    }

  },
  "imports": {
    "components": {
      "oj-button": {
        "path": "ojs/ojbutton"
      },
      "oj-input-search": {
        "path": "ojs/ojinputsearch"
      },
      "oj-sp-smart-search-page": {
        "path": "oj-sp/smart-search-page/loader"
      },
      "oj-table": {
        "path": "ojs/ojtable"
      },
      "oj-toolbar": {
        "path": "ojs/ojtoolbar"
      }
    }
  }
}
