{
  "title": "",
  "description": "",
  "variables": {

    "illustrationBackground": {
      "type": "string",
      "defaultValue": "https://static.oracle.com/cdn/fnd/gallery/2307.0.2/images/illust-welcome-banner-bg-01.png"
    },
    "illustrationForeground": {
      "type": "string",
      "defaultValue": "https://static.oracle.com/cdn/fnd/gallery/2307.0.2/images/illust-welcome-banner-fg-01.png"
    },
    "imageStretch": {
      "type": "string",
      "defaultValue": "none"
    },
    "linesListSDP": {
      "type": "vb/ServiceDataProvider",
      "defaultValue": {
        "endpoint": "site_scm_extension:serv_so/getall_salesOrdersForOrderHub-lines",
        "keyAttributes": "FulfillLineId",
        "itemsPath": "items",
        "responseType": "getallSalesOrdersForOrderHubLinesResponse",
        "uriParameters": {
          "salesOrdersForOrderHub_Id": "{{ $application.variables.pHeaderId_app }}"
        }
      }
    },
    "mobileImage": {
      "type": "string",
      "defaultValue": "on"
    },
    "varSoNumber": {
      "type": "string"
    }
  },
  "metadata": {},
  "types": {
    "@decorators.getallSalesOrdersForOrderHubLinesResponse": {
      "endpoint": "getall_salesOrdersForOrderHub-lines",
      "service": "site_scm_extension:serv_so",
      "path": "response"
    },
    "getallSalesOrdersForOrderHubLinesResponse": {
      "items": [
        {
          "ExtendedAmount": "string",
          "FulfillLineId": "string",
          "LineNumber": "number",
          "OrderedQuantity": "string",
          "ProductDescription": "string",
          "ProductNumber": "string",
          "Status": "string",
          "TransactionLineType": "string",
          "UnitListPrice": "string"
        }
      ]
    }
  },
  "eventListeners": {
    "ojSpWp1SpInFlowBack": {
      "chains": [
        {
          "chain": "WelcomePageTemplateSpInFlowBackChain"
        }
      ]
    },
    "ojSpWp1SpPrimaryAction": {
      "chains": [
        {
          "chain": "WelcomePageTemplateSpPrimaryActionChain"
        }
      ]
    },
    "vbEnter": {
      "chains": [
        {
          "parameters": {},
          "chain": "vbEnterListener"
        }
      ]
    }
  },
  "imports": {
    "components": {
      "oj-c-button": {
        "path": "oj-c/button"
      },
      "oj-sp-welcome-page": {
        "path": "oj-sp/welcome-page/loader"
      },
      "oj-table": {
        "path": "ojs/ojtable"
      }

    }
  },
  "interface": {
    "variables": {
      "backgroundColor": {
        "type": "string",
        "defaultValue": "dark-ocean",
        "description": "demo",
        "mode": "readWrite"
      }
   },
    "types": {}
  }
}
