{
    "displayLabel": "PartnerAP_File",
    "fields": [
        {
            "displayLabel": "Id",
            "key": true,
            "name": "id",
            "oid": "c65826ce-f23a-4eed-a4d5-5c4f3a40a197",
            "required": true,
            "type": "number",
            "unique": true
        },
        {
            "displayLabel": "Created",
            "historyType": "timeCreated",
            "name": "creationDate",
            "oid": "c20d3c57-8eb2-4686-85bf-16475be67df0",
            "type": "datetime"
        },
        {
            "displayLabel": "Last Updated",
            "historyType": "timeUpdated",
            "name": "lastUpdateDate",
            "oid": "3ca772e9-f13c-4780-8ec3-80d2412f6795",
            "type": "datetime"
        },
        {
            "displayLabel": "Created By",
            "historyType": "createdBy",
            "name": "createdBy",
            "oid": "2bc86dd4-4edf-47d4-837a-31a01df10a7a",
            "type": "string"
        },
        {
            "displayLabel": "Last Updated By",
            "historyType": "updatedBy",
            "name": "lastUpdatedBy",
            "oid": "403187de-fdb6-4117-8552-f9581a665731",
            "type": "string"
        },
        {
            "displayLabel": "Version Number",
            "historyType": "versionNumber",
            "name": "versionNumber",
            "oid": "e7acff83-24e0-4fea-b48f-4218a583a30b",
            "type": "number"
        },
        {
            "displayLabel": "﻿Vendor_Name",
            "name": "vendorName",
            "oid": "4417f150-e5d6-42ee-adf4-50d53a65e2db",
            "required": true,
            "type": "string"
        },
        {
            "displayLabel": "Vendor Number",
            "name": "vendorNumber",
            "oid": "2cd87248-c209-4222-8a6f-e20e60c0c216",
            "required": true,
            "type": "string"
        },
        {
            "displayLabel": "Vendor_Address_Code",
            "name": "vendorAddressCode",
            "oid": "91633b41-9291-4150-b65a-26a6e6a747d1",
            "required": true,
            "type": "string"
        },
        {
            "displayLabel": "Invoice_Date",
            "name": "invoiceDate",
            "oid": "b8674846-f923-47ab-b010-ea028bdc4600",
            "required": true,
            "type": "string"
        },
        {
            "displayLabel": "Distribution Set",
            "name": "distributionSet",
            "oid": "2f96da53-313d-41f5-a440-0e572b2c87fb",
            "required": true,
            "type": "string"
        },
        {
            "displayLabel": "Net Amount",
            "name": "netAmount",
            "oid": "d9c8c1ae-32c5-42b2-9c2c-11c4ced75a41",
            "required": true,
            "scale": 2,
            "type": "number"
        },
        {
            "displayLabel": "qualifica",
            "name": "qualifica",
            "oid": "29989be7-2571-4281-b0e1-a8dc77c589a6",
            "type": "string"
        },
{
            "displayLabel": "Invoice Description",
            "name": "invoiceDescription",
            "oid": "77a1448f-bc46-4b9a-8f62-8c699576f36e",
            "required": true,
            "type": "string"
        },
        {
            "type": "string",
            "name": "dateInvoiceCreated",
            "oid": "d53bdc2a-e089-43cb-8060-a3818910240e",
            "displayLabel": "DateInvoiceCreated"
        }        ,
        {
            "type": "string",
            "name": "dateInvoiceAttachment",
            "oid": "89029b5c-4b76-444a-83cc-4717bbefba80",
            "displayLabel": "DateInvoiceAttachment"
        }        ,
        {
            "type": "string",
            "name": "dateInvoiceMailed",
            "oid": "08a643ea-98c6-4e57-9d92-03d204ba2287",
            "displayLabel": "DateInvoiceMailed"
        }        ,
        {
            "type": "string",
            "name": "dateInvoiceFtp",
            "oid": "272b6b4d-88cd-412d-8b41-1ca693bcc7a2",
            "displayLabel": "DateInvoiceFtp"
        }        ,
        {
            "type": "string",
            "name": "batchId",
            "oid": "7a10f462-8cdb-49b1-bea9-5d2cb3333344",
            "displayLabel": "BatchId"
        }        ,
        {
            "type": "string",
            "name": "oICInstanceId",
            "oid": "287c527e-0d3a-45d8-b0c0-97be2ade9873",
            "displayLabel": "OIC_InstanceId"
        }        ,
        {
            "type": "string",
            "name": "fileName",
            "oid": "acb8a448-ae4e-42aa-994b-736faafbed10",
            "displayLabel": "FileName"
        }        ,
        {
            "type": "string",
            "name": "userLoad",
            "oid": "f901f9ab-3796-4dfc-8ada-1512f718e192",
            "displayLabel": "UserLoad"
        }        ,
        {
            "type": "string",
            "name": "status",
            "oid": "259f88e8-4c2c-4a24-8b04-36cac9f4048a",
            "displayLabel": "Status"
        }        ,
{
            "type": "string",
            "name": "statusMessage",
            "oid": "4135bdf5-cbee-4d9d-8a29-d1cd7444806a",
            "displayLabel": "StatusMessage"
        },
        {
            "type": "string",
            "name": "invoiceId",
            "oid": "711d618a-a8e5-4212-a5fd-490a4e06c23f",
            "displayLabel": "InvoiceId"
        }        ,
        {
            "type": "string",
            "name": "invoiceNumber",
            "oid": "afe33797-0ce2-4e3c-b632-fa90c60fac4f",
            "displayLabel": "InvoiceNumber"
        }        ,
        {
            "type": "string",
            "name": "buId",
            "oid": "5a0db118-88a2-446a-8f31-0eb5a94d9c0b",
            "displayLabel": "BuId"
        }        ,
{
            "type": "string",
            "name": "buName",
            "oid": "b8650f92-9b44-45cb-8a49-59fcf430c44d",
            "displayLabel": "BuName"
        },
        {
            "type": "string",
            "name": "lineNumber",
            "oid": "c7070ebd-1f55-4432-a8a5-f67bbc424c17",
            "displayLabel": "LineNumber"
        }        ,
        {
            "type": "string",
            "name": "comissionType",
            "oid": "f43c77ca-56b3-4c11-a05f-886b7a48f847",
            "displayLabel": "ComissionType"
        }
    ],
    "hidden": false,
    "name": "PartnerAP_File",
    "oid": "9c7f98a7-1c93-444b-a7d1-c9976f677c74",
    "pluralLabel": "PartnerAP_File"
}