{
    "addMetadataRules": [
        {
            "id": "br1",
            "label": "br1",
            "description": "",
            "status": "active",
            "overlay": {
                "fields": {
                    "manageCompanyDetails.TaxpayerCountryCode": {
                        "value": {
                            "value": "US"
                        }
                    },
                    "manageCompanyDetails.NoteToApprover": {
                        "value": {
                            "value": "Note from Business Rule"
                        },
                        "hidden": {
                            "value": false
                        }
                    },
                    "manageCompanyDetails.SupplierTypeCode": {
                        "value": {
                            "value": "CARRIER"
                        }
                    },
                    "manageCompanyDetails.TaxPayerId": {
                        "hidden": {
                            "value": false
                        }
                    },
                    "manageCompanyDetails.TaxOrganizationTypeCode": {
                        "value": {
                            "value": "INDIVIDUAL"
                        }
                    },
                    "manageCompanyDetails.ProcurementBUId": {
                        "required": {
                            "value": true
                        }
                    }
                }
            },
            "condition": {
                "expression": true
            }
        }
      ],
    "addCollectionMetadataRules": {
        "metadataRules": []
    },
    "imports": {},
    "metadataRulesVersion": "17.0.12"
}
