{
    "backends": {
        "fa": {
            "description": "Oracle Cloud Applications",
            "serviceType": "fa-base",
            "servers": [
                {
                    "url": "https://fa-esll-saasfademo1.ds-fa.oraclepdemos.com",
                    "description": "Default Server",
                    "x-vb": {
                        "authentication": {
                            "authenticated": {
                                "type": "basic",
                                "credentials": "vb_b847b479-6442-4d26-a554-72d29469d6d0"
                            }
                        }
                    }
                }
            ]
        },
        "crmRestApi": {
            "serviceType": "adf-describe",
            "serviceTypeProperties": {
                "faCatalogAppId": "REST-crmRestApp"
            },
            "description": "Sales and Service",
            "headers": {
                "REST-Framework-Version": "4"
            },
            "transforms": {
                "path": "vb/BusinessObjectsTransforms"
            },
            "servers": [
                {
                    "url": "vb-catalog://backends/fa/crmRestApi/resources",
                    "description": "Default Server"
                }
            ]
        },
        "fscmRestApi": {
            "serviceType": "adf-describe",
            "serviceTypeProperties": {
                "faCatalogAppId": "REST-fscmRestApp"
            },
            "description": "Enterprise Resource Planning and Supply Chain",
            "headers": {
                "REST-Framework-Version": "4"
            },
            "transforms": {
                "path": "vb/BusinessObjectsTransforms"
            },
            "servers": [
                {
                    "url": "vb-catalog://backends/fa/fscmRestApi/resources",
                    "description": "Default Server"
                }
            ]
        },
        "hcmRestApi": {
            "serviceType": "adf-describe",
            "serviceTypeProperties": {
                "faCatalogAppId": "REST-hcmRestApp"
            },
            "description": "Human Capital Management",
            "headers": {
                "REST-Framework-Version": "4"
            },
            "transforms": {
                "path": "vb/BusinessObjectsTransforms"
            },
            "servers": [
                {
                    "url": "vb-catalog://backends/fa/hcmRestApi/resources",
                    "description": "Default Server"
                }
            ]
        },
        "backend_for_suppliers": {
            "servers": [
                {
                    "url": "https://fa-esll-saasfademo1.ds-fa.oraclepdemos.com:443/fscmRestApi/resources/11.13.18.05",
                    "description": "FscmRestApi 11.13.18.05",
                    "x-vb": {
                        "authentication": {
                            "authenticated": {
                                "type": "basic",
                                "credentials": "vb_989e50b4-1529-40d3-883b-f512599953a7"
                            }
                        }
                    }
                }
            ]
        }
      }
}