{
  "title": "",
  "description": "",
  "variables": {
    "cancel": {
      "type": "boolean",
      "defaultValue": false
    },
    "currentStep": {
      "type": "string",
      "defaultValue": "",
      "input": "fromUrl"
    },
    "dirtyDataFlag": {
      "type": "boolean",
      "defaultValue": false
    },
    "paramEmpId": {
      "type": "number",
      "input": "fromUrl"
    },
    "steps": {
      "type": "step[]",
      "defaultValue": [
        {
          "id": "1",
          "title": "Step 1",
          "description": "Step 1 desc",
          "display": "on",
          "status": "",
          "optional": true,
          "timestamp": ""
        },
        {
          "id": "2",
          "title": "Step 2",
          "description": "Step 2 desc",
          "display": "on",
          "status": "",
          "optional": true,
          "timestamp": ""
        },
        {
          "id": "3",
          "title": "Review",
          "description": "Review desc",
          "display": "on",
          "status": "",
          "optional": true,
          "timestamp": ""
        }
      ]
    },
    "valid": {
      "type": "string"
    },
    "varDate": {
      "type": "string"
    },
    "varEmp": {
      "type": "get_Employee_type"
    },
    "varPromote": {
      "type": "update_Employee"
    }

  },
  "metadata": {},
  "types": {
    "@decorators.get_Employee_type": {
      "endpoint": "get_Employee",
      "service": "businessObjects",
      "path": "response"
    },
    "@decorators.update_Employee": {
      "endpoint": "update_Employee",
      "service": "businessObjects",
      "path": "response"
    },
    "get_Employee_type": {
      "commissionPct": "number",
      "createdBy": "string",
      "creationDate": "string",
      "department": "number",
      "departmentObject": {
        "count": "number",
        "hasMore": "boolean",
        "items": [
          {
            "createdBy": "string",
            "creationDate": "string",
            "departmentName": "string",
            "id": "number",
            "lastUpdateDate": "string",
            "lastUpdatedBy": "string",
            "links": [
              {
                "href": "string",
                "kind": "string",
                "name": "string",
                "properties": {
                  "changeIndicator": "string"
                },
                "rel": "string"
              }
            ],
            "location": "number",
            "manager": "number"
          }
        ],
        "limit": "number",
        "links": [
          {
            "href": "string",
            "kind": "string",
            "name": "string",
            "properties": {
              "changeIndicator": "string"
            },
            "rel": "string"
          }
        ],
        "offset": "number",
        "totalResults": "number"
      },
      "email": "string",
      "firstName": "string",
      "hireDate": "string",
      "id": "number",
      "job": "number",
      "jobObject": {
        "count": "number",
        "hasMore": "boolean",
        "items": [
          {
            "createdBy": "string",
            "creationDate": "string",
            "id": "number",
            "jobTitle": "string",
            "lastUpdateDate": "string",
            "lastUpdatedBy": "string",
            "links": [
              {
                "href": "string",
                "kind": "string",
                "name": "string",
                "properties": {
                  "changeIndicator": "string"
                },
                "rel": "string"
              }
            ],
            "maxSalary": "number",
            "minSalary": "number"
          }
        ],
        "limit": "number",
        "links": [
          {
            "href": "string",
            "kind": "string",
            "name": "string",
            "properties": {
              "changeIndicator": "string"
            },
            "rel": "string"
          }
        ],
        "offset": "number",
        "totalResults": "number"
      },
      "lastName": "string",
      "lastUpdateDate": "string",
      "lastUpdatedBy": "string",
      "links": [
        {
          "href": "string",
          "kind": "string",
          "name": "string",
          "properties": {
            "changeIndicator": "string"
          },
          "rel": "string"
        }
      ],
      "manager": "number",
      "managerObject": {
        "count": "number",
        "hasMore": "boolean",
        "items": [
          {
            "commissionPct": "number",
            "createdBy": "string",
            "creationDate": "string",
            "department": "number",
            "email": "string",
            "firstName": "string",
            "hireDate": "string",
            "id": "number",
            "job": "number",
            "lastName": "string",
            "lastUpdateDate": "string",
            "lastUpdatedBy": "string",
            "links": [
              {
                "href": "string",
                "kind": "string",
                "name": "string",
                "properties": {
                  "changeIndicator": "string"
                },
                "rel": "string"
              }
            ],
            "manager": "number",
            "phoneNumber": "string",
            "promotionDate": "string",
            "salary": "number"
          }
        ],
        "limit": "number",
        "links": [
          {
            "href": "string",
            "kind": "string",
            "name": "string",
            "properties": {
              "changeIndicator": "string"
            },
            "rel": "string"
          }
        ],
        "offset": "number",
        "totalResults": "number"
      },
      "phoneNumber": "string",
      "promotionDate": "string",
      "salary": "number"
    },
    "step": {
      "id": "string",
      "title": "string",
      "description": "string",
      "display": "string",
      "status": "string",
      "timestamp": "string",
      "optional": "boolean"
    },
    "update_Employee": {
      "promotionDate": "string"
    }

  },
  "eventListeners": {
    "guidedProcessPageTemplateSpCancel": {
      "chains": [
        {
          "chain": "GuidedProcessPageTemplateSpCancelChain"
        }
      ]
    },
    "guidedProcessPageTemplateSpPrimaryAction": {
      "chains": [
        {
          "chain": "GuidedProcessPageTemplateSpPrimaryActionChain"
        }
      ]
    },
    "onConfirmNoOjAction": {
      "chains": [
        {
          "chainId": "dialogResponseActionChain",
          "parameters": {
            "detail": "{{ $event.detail }}",
            "response": "NO"
          }
        }
      ]
    },
    "onConfirmYesOjAction": {
      "chains": [
        {
          "chainId": "dialogResponseActionChain",
          "parameters": {
            "detail": "{{ $event.detail }}",
            "response": "YES"
          }
        }
      ]
    },
    "onSpBeforeStepNavigate": {
      "preventDefault": "true",
      "chains": [
        {
          "chainId": "spBeforeStepNavigate",
          "parameters": {
            "event": "{{ $event }}"
          }
        }
      ]
    },
    "onSpCancel": {
      "chains": [
        {
          "chainId": "spCancelActionChain",
          "parameters": {
            "detail": "{{ $event.detail }}"
          }
        }
      ]
    },
    "recommendationCardSpDismissalAction": {
      "chains": [
        {
          "chain": "RecommendationCardSpDismissalActionChain"
        }
      ]
    },
    "recommendationCardSpRecommendedAction": {
      "chains": [
        {
          "chain": "RecommendationCardSpRecommendedActionChain"
        }
      ]
    },
    "vbBeforeExit": {
      "chains": [
        {
          "chainId": "checkBeforeExitActionChain",
          "parameters": {}
        }
      ]
    },
    "vbEnter": {
      "chains": [
        {
          "chainId": "firePageLayoutEventActionChain"
        }
      ]
    }

  },
  "imports": {
    "components": {
      "oj-sp-guided-process": {
        "path": "oj-sp/guided-process/loader"
      },
      "oj-sp-message-unsaved-changes": {
        "path": "oj-sp/message-unsaved-changes/loader"
      },
      "oj-sp-object-card": {
        "path": "oj-sp/object-card/loader"
      },
      "oj-sp-profile-card": {
        "path": "oj-sp/profile-card/loader"
      },
      "oj-sp-recommendation-card": {
        "path": "oj-sp/recommendation-card/loader"
      },
      "oj-validation-group": {
        "path": "ojs/ojvalidationgroup"
      }

    }
  },
  "@dt": {
    "iconClass": "vbdt-dynamic-icon-63-icoPageTemplateSvg"
  },
  "events": {
    "test_event": {}
  }
}
