{
  "title": "",
  "description": "",
  "variables": {
    "employeeListSDP": {
      "type": "vb/ServiceDataProvider",
      "defaultValue": {
        "endpoint": "businessObjects/getall_Employee",
        "keyAttributes": "id",
        "itemsPath": "items",
        "responseType": "getallEmployeeResponse",
        "filterCriterion": {
          "op": "$or",
          "criteria": [
            {
              "op": "$co",
              "attribute": "managerObject.firstName",
              "value": "{{ $variables.varSearch }}"
            },
            {
              "op": "$co",
              "attribute": "lastName",
              "value": "{{ $variables.varSearch }}"
            }
          ]
        }
      }
    },
    "oj_table_847267151_1SelectedId": {
      "type": "string",
      "defaultValue": ""
    },
    "varMessage": {
      "type": "string"
    },
    "varRowData": {
      "type": "get_Employee"
    },
    "varSearch": {
      "type": "string"
    }

  },
  "metadata": {},
  "types": {
    "@decorators.get_Employee": {
      "endpoint": "get_Employee",
      "service": "businessObjects",
      "path": "response"
    },
    "@decorators.getallEmployeeResponse": {
      "endpoint": "getall_Employee",
      "service": "businessObjects",
      "path": "response"
    },
    "get_Employee": {
      "email": "string",
      "firstName": "string",
      "hireDate": "string",
      "id": "number",
      "lastName": "string"
    },
    "getallEmployeeResponse": {
      "items": [
        {
          "departmentObject": {
            "items": [
              {
                "departmentName": "string"
              }
            ]
          },
          "firstName": "string",
          "hireDate": "string",
          "id": "number",
          "lastName": "string",
          "phoneNumber": "string",
          "promotionDate": "string",
          "salary": "number"

        }
      ]
    }

  },
  "eventListeners": {
    "buttonAction": {
      "chains": [
        {
          "chain": "ButtonActionChain",
          "parameters": {
            "key": "{{ $current.key }}",
            "index": "{{ $current.index }}",
            "current": "{{ $current }}"
          }
        }
      ]
    },
    "welcomePageTemplateSpPrimaryAction": {
      "chains": [
        {
          "chain": "WelcomePageTemplateSpPrimaryActionChain"
        }
      ]
    },
    "ojTable8472671511Selection": {
      "chains": [
        {
          "chain": "ojTable8472671511ChangeSelectionChain",
          "parameters": {
            "employeeId": "[[ $event.detail.value.key || '' ]]"
          }
        }
      ]
    }
  },
  "imports": {
    "components": {
      "oj-button": {
        "path": "ojs/ojbutton"
      },
      "oj-input-search": {
        "path": "ojs/ojinputsearch"
      },
      "oj-label": {
        "path": "ojs/ojlabel"
      },
      "oj-sp-messages-toast": {
        "path": "oj-sp/messages-toast/loader"
      },
      "oj-sp-welcome-page": {
        "path": "oj-sp/welcome-page/loader"
      },
      "oj-table": {
        "path": "ojs/ojtable"
      }

    }
  }
}
