{
  "title": "",
  "description": "",
  "variables": {
    "backgroundColor": {
      "type": "string",
      "defaultValue": "dark-ocean"
    },
    "illustrationBackground": {
      "type": "string",
      "defaultValue": "https://static.oracle.com/cdn/fnd/gallery/2307.0.2/images/illust-welcome-banner-bg-01.png"
    },
    "illustrationForeground": {
      "type": "string",
      "defaultValue": "https://static.oracle.com/cdn/fnd/gallery/2307.0.2/images/illust-welcome-banner-fg-01.png"
    },
    "imageStretch": {
      "type": "string",
      "defaultValue": "none"
    },
    "mobileImage": {
      "type": "string",
      "defaultValue": "on"
    },
    "receivablesInvoicesListSDP": {
      "type": "vb/ServiceDataProvider",
      "defaultValue": {
        "endpoint": "sn_ar_trx/getall_receivablesInvoices",
        "keyAttributes": "CustomerTransactionId",
        "itemsPath": "items",
        "responseType": "getallReceivablesInvoicesResponse",
        "uriParameters": {
          "onlyData": true,
          "orderBy": "CustomerTransactionId",
          "limit": 500
        },
        "filterCriterion": {
          "op": "$eq",
          "attribute": "TransactionNumber",
          "value": "{{ $application.variables.varSearchGlobal }}"
        }
      }
    },
    "var_trx_ADP": {
      "type": "vb/ArrayDataProvider2",
      "defaultValue": {

        "textFilterAttributes": [
          "BillToCustomerName",
          "TransactionNumber",
          "BusinessUnit"
        ],
        "data": "{{ $variables.varTrxArrayForAdp }}",
        "itemType": "get_receivablesInvoices_type",
        "keyAttributes": "CustomerTransactionId"

      }
    },
    "varGoOn": {
      "type": "string"
    },
    "varHasMore": {
      "type": "boolean"
    },
    "varLimit": {
      "type": "number",
      "defaultValue": 500
    },
    "varLoop": {
      "type": "number",
      "defaultValue": 0
    },
    "varMaxExportADP": {
      "type": "number",
      "defaultValue": 12000
    },
    "varMaxExportSDP": {
      "type": "number",
      "defaultValue": 1000
    },
    "varMaxLoops": {
      "type": "number",
      "defaultValue": 4
    },
    "varOffset": {
      "type": "number",
      "defaultValue": 0
    },
    "varQuery": {
      "type": "string"
    },
    "varTotalRows": {
      "type": "number"
    },
    "varTrxArray_1": {
      "uniqueItems": false,
      "type": "get_receivablesInvoices_type[]"
    },
    "varTrxArray_2": {
      "uniqueItems": false,
      "type": "get_receivablesInvoices_type[]"
    },
    "varTrxArrayForAdp": {
      "type": "get_receivablesInvoices_type[]",
      "uniqueItems": false
    }

  },
  "metadata": {},
  "types": {
    "@decorators.get_receivablesInvoices_type": {
      "endpoint": "get_receivablesInvoices",
      "service": "sn_ar_trx",
      "path": "response"
    },
    "@decorators.getallReceivablesInvoicesResponse": {
      "endpoint": "getall_receivablesInvoices",
      "service": "sn_ar_trx",
      "path": "response"
    },
    "@decorators.getallSheet12Response": {
      "endpoint": "getall_Sheet12",
      "service": "businessObjects",
      "path": "response"
    },
    "get_receivablesInvoices_type": {
      "BillToCustomerName": "string",
      "BusinessUnit": "string",
      "CustomerTransactionId": "number",
      "TransactionDate": "string",
      "TransactionNumber": "string"
    },
    "getallReceivablesInvoicesResponse": {
      "count": "number",
      "hasMore": "boolean",
      "items": [
        {
          "BillToCustomerName": "string",
          "BusinessUnit": "string",
          "CustomerTransactionId": "number",
          "TransactionDate": "string",
          "TransactionNumber": "string"

        }
      ],
      "limit": "number",
      "offset": "number",
      "totalResults": "number"
    },
    "getallSheet12Response": {
      "items": [
        {
          "description": "string",
          "dueDate": "string",
          "id": "number",
          "item": "string",
          "lastUpdatedBy": "string",
          "lineSchedule": "string",
          "price": "string",
          "quantity": "string"
        }
      ]
    }

  },
  "eventListeners": {
    "buttonAction": {
      "chains": [
        {
          "chain": "ButtonAC_Load"
        }
      ]
    }
  },
  "imports": {
    "components": {
      "oj-button": {
        "path": "ojs/ojbutton"
      },
      "oj-input-search": {
        "path": "ojs/ojinputsearch"
      },
      "oj-input-text": {
        "path": "ojs/ojinputtext"
      },
      "oj-label": {
        "path": "ojs/ojlabel"
      },
      "oj-sample-export-data": {
        "path": "oj-sample/export-data/loader"
      },
      "oj-sp-welcome-page": {
        "path": "oj-sp/welcome-page/loader"
      },
      "oj-table": {
        "path": "ojs/ojtable"
      },
      "oj-toolbar": {
        "path": "ojs/ojtoolbar"
      }

    }
  }
}
