{
    "backends": {
        "so_be": {
            "serviceType": "adf-describe",
            "transforms": {
                "path": "vb/BusinessObjectsTransforms"
            },
            "servers": [
                {
                    "url": "https://fa-esll-saasfademo1.ds-fa.oraclepdemos.com/fscmRestApi/resources/11.13.18.05/salesOrdersForOrderHub",
                    "x-vb": {
                        "authentication": {
                            "authenticated": {
                                "type": "cloud"
                            }
                        }
                    }
                }
            ]
        },
        "ba": {
            "servers": [
                {
                    "url": "vb-catalog://backends/base:fscmRest",
                    "description": "aa",
                    "x-vb": {
                        "authentication": {
                            "authenticated": {
                                "type": "cloud"
                            }
                        }
                    }
                }
            ]
        }
      },
    "services": {
        "serv_so": {
            "openapi": "3.0.0",
            "info": {
                "x-vb": {
                    "serviceType": "adf-rest"
                }
            },
            "servers": [
                {
                    "url": "vb-catalog://backends/base:fscmRest/11.13.18.05:{REST-Framework-Version}",
                    "variables": {
                        "REST-Framework-Version": {
                            "default": "9"
                        }
                    }
                }
            ],
            "paths": {
                "/describe.openapi": {
                    "get": {
                        "x-vb": {
                            "queryParameters": {
                                "metadataMode": "minimal",
                                "resources": "salesOrdersForOrderHub"
                            }
                        }
                    }
                }
            }
        },
        "serv_items": {
            "openapi": "3.0.0",
            "info": {
                "x-vb": {
                    "serviceType": "adf-rest"
                }
            },
            "servers": [
                {
                    "url": "vb-catalog://backends/base:fscmRest/11.13.18.05:{REST-Framework-Version}",
                    "variables": {
                        "REST-Framework-Version": {
                            "default": "9"
                        }
                    }
                }
            ],
            "paths": {
                "/describe.openapi": {
                    "get": {
                        "x-vb": {
                            "queryParameters": {
                                "metadataMode": "minimal",
                                "resources": "itemsV2"
                            }
                        }
                    }
                }
            }
        }
    }
}