{
    "displayLabel": "JobHistory",
    "fields": [
        {
            "displayLabel": "Id",
            "key": true,
            "name": "id",
            "oid": "8bdd9c6d-0cef-4995-8a9c-c4586af2b142",
            "required": true,
            "type": "number",
            "unique": true
        },
        {
            "displayLabel": "Created",
            "historyType": "timeCreated",
            "name": "creationDate",
            "oid": "dcabb7e1-f7ce-45c7-b681-52a91cd96a99",
            "required": true,
            "type": "datetime"
        },
        {
            "displayLabel": "Last Updated",
            "historyType": "timeUpdated",
            "name": "lastUpdateDate",
            "oid": "03588f74-7cf5-44a4-96b8-326a70306f6c",
            "required": true,
            "type": "datetime"
        },
        {
            "displayLabel": "Created By",
            "historyType": "createdBy",
            "name": "createdBy",
            "oid": "081b4212-4917-4022-9479-384480b3dadd",
            "required": true,
            "type": "string"
        },
        {
            "displayLabel": "Last Updated By",
            "historyType": "updatedBy",
            "name": "lastUpdatedBy",
            "oid": "1cec507e-0247-4dbe-86c4-75d54994f628",
            "required": true,
            "type": "string"
        },
        {
            "displayLabel": "Version Number",
            "historyType": "versionNumber",
            "name": "versionNumber",
            "oid": "7eee17b2-3bcc-4de4-8417-93fb9194b933",
            "type": "number"
        },
        {
            "displayLabel": "employee",
            "name": "employee",
            "oid": "6eb0335f-4cfa-47ff-ac2b-6acd7c919611",
            "required": true,
            "type": "number"
        },
        {
            "displayLabel": "startDate",
            "name": "startDate",
            "oid": "b7195bdb-871f-4564-8eb5-9280203a8cc9",
            "required": true,
            "type": "date"
        },
        {
            "displayLabel": "endDate",
            "name": "endDate",
            "oid": "7dbf720e-97af-4d2b-9af1-f94119788f50",
            "required": true,
            "type": "date"
        },
        {
            "displayLabel": "job",
            "name": "job",
            "oid": "ee311965-f87a-4b32-89fe-b827427469ae",
            "required": true,
            "type": "number"
        },
        {
            "displayLabel": "department",
            "name": "department",
            "oid": "f7137513-415f-4382-a0c8-3c384027a6d5",
            "required": true,
            "type": "number"
        }
    ],
    "hidden": false,
    "name": "JobHistory",
    "oid": "87716a5f-515c-4589-b1cf-46f6404a5ca4"
}