{
    "displayLabel": "Job",
    "fields": [
        {
            "displayLabel": "Id",
            "key": true,
            "name": "id",
            "oid": "21a34507-500f-4cf4-991e-81e477b0bcc2",
            "required": true,
            "type": "number",
            "unique": true
        },
        {
            "displayLabel": "Created",
            "historyType": "timeCreated",
            "name": "creationDate",
            "oid": "d9b69c54-e8b8-4f6f-ae96-8bab5f79d8b5",
            "required": true,
            "type": "datetime"
        },
        {
            "displayLabel": "Last Updated",
            "historyType": "timeUpdated",
            "name": "lastUpdateDate",
            "oid": "71035381-7bc6-4e4b-bdef-57a71d6cbd4d",
            "required": true,
            "type": "datetime"
        },
        {
            "displayLabel": "Created By",
            "historyType": "createdBy",
            "name": "createdBy",
            "oid": "a1a551db-0b63-4a14-a343-a498be182257",
            "required": true,
            "type": "string"
        },
        {
            "displayLabel": "Last Updated By",
            "historyType": "updatedBy",
            "name": "lastUpdatedBy",
            "oid": "a79c59f6-bbbb-4539-8c99-38698579f7db",
            "required": true,
            "type": "string"
        },
        {
            "displayLabel": "Version Number",
            "historyType": "versionNumber",
            "name": "versionNumber",
            "oid": "a71e57e1-5da8-4a58-ad9f-d320a6b82e81",
            "type": "number"
        },
        {
            "displayLabel": "jobTitle",
            "name": "jobTitle",
            "oid": "1f3278a0-dfd8-438e-94b0-12f50ff28963",
            "required": true,
            "type": "string"
        },
        {
            "displayLabel": "minSalary",
            "name": "minSalary",
            "oid": "d5c7391f-4886-4935-a429-5434155d2d0f",
            "required": true,
            "scale": 1,
            "type": "number"
        },
        {
            "displayLabel": "maxSalary",
            "name": "maxSalary",
            "oid": "4f582816-e8f7-4548-b022-645f5a7c9fb9",
            "required": true,
            "scale": 1,
            "type": "number"
        }
    ],
    "hidden": false,
    "name": "Job",
    "oid": "d95211cd-cead-40c4-9b63-b05b7c94e8d4",
    "relationships": [
        {
            "displayField": "jobTitle",
            "name": "employeeCollection",
            "reverseRelationship": "jobObject",
            "targetEntity": "Employee",
            "type": "incoming"
        }
    ]
}