{
    "paths": {
        "exclude": [
            "build/**",
            "docs/**",
            "scripts/**",
            "tests/**",
            "**/private",
            "+(web|mobile)Apps/**/resources/components/**/lib/*"
        ]
    },
    "rules": {
        "translations.audit.propertyNotTranslated": {
            "enabled": false
        },
        "oj-sp-list-section-itemTemplate-contents": {
            "description": "Ensure correct contents for oj-sp-list-section itemTemplate slot",
            "enabled": false
        }
    },
    "auditors": {}
}