{
    "items": [
        {
            "LineId": 4001,
            "DeliveryId": 6150,
            "ActualShipDate": "2016-10-24",
            "BillOfLadingNumber": "122639",
            "CarrierName": "UPS",
            "DateReceived": "2016-10-24",
            "EmployeeDisplayName": "Qi Zhou",
            "ExpectedReceiptDate": "2016-10-25",
            "GrossWeight": null,
            "HeaderNumber": "104001",
            "IntialShipDate": "2016-10-24",
            "LineNumber": 1,
            "ModeOfTransport": "Parcel",
            "OrganizationCode": "050",
            "OrganizationName": "Shanghai",
            "PackingSlipNumber": "123638",
            "PlannedDeliveryDate": "2016-10-25",
            "ReceiptNumber": "70012",
            "ServiceLevel": "UPS ground",
            "ShipmentMethod": "UPS-Parcel-UPS ground",
            "ShipmentNumber": "6150",
            "ShipmentStatus": "Closed",
            "Volume": null,
            "VolumeUOM": "cu in",
            "Waybill": null,
            "WeightUOM": "lb",
            "SealCode": null,
            "links": [
                {
                    "rel": "self",
                    "href": "https://fa-etit-saasfademo1.ds-fa.oraclepdemos.com:443/fscmRestApi/resources/11.13.18.05/transferOrderShipmentReceipts/00020000000EACED000577080000000000000FA10000000EACED000577080000000000001806",
                    "name": "transferOrderShipmentReceipts",
                    "kind": "item"
                },
                {
                    "rel": "canonical",
                    "href": "https://fa-etit-saasfademo1.ds-fa.oraclepdemos.com:443/fscmRestApi/resources/11.13.18.05/transferOrderShipmentReceipts/00020000000EACED000577080000000000000FA10000000EACED000577080000000000001806",
                    "name": "transferOrderShipmentReceipts",
                    "kind": "item"
                }
            ]
        },
        {
            "LineId": 4001,
            "DeliveryId": 6151,
            "ActualShipDate": "2016-10-24",
            "BillOfLadingNumber": "122641",
            "CarrierName": "UPS",
            "DateReceived": "2016-10-24",
            "EmployeeDisplayName": "Qi Zhou",
            "ExpectedReceiptDate": "2016-10-25",
            "GrossWeight": null,
            "HeaderNumber": "104001",
            "IntialShipDate": "2016-10-24",
            "LineNumber": 1,
            "ModeOfTransport": "Parcel",
            "OrganizationCode": "050",
            "OrganizationName": "Shanghai",
            "PackingSlipNumber": "123640",
            "PlannedDeliveryDate": "2016-10-25",
            "ReceiptNumber": "70013",
            "ServiceLevel": "UPS ground",
            "ShipmentMethod": "UPS-Parcel-UPS ground",
            "ShipmentNumber": "6151",
            "ShipmentStatus": "Closed",
            "Volume": null,
            "VolumeUOM": "cu in",
            "Waybill": null,
            "WeightUOM": "lb",
            "SealCode": null,
            "links": [
                {
                    "rel": "self",
                    "href": "https://fa-etit-saasfademo1.ds-fa.oraclepdemos.com:443/fscmRestApi/resources/11.13.18.05/transferOrderShipmentReceipts/00020000000EACED000577080000000000000FA10000000EACED000577080000000000001807",
                    "name": "transferOrderShipmentReceipts",
                    "kind": "item"
                },
                {
                    "rel": "canonical",
                    "href": "https://fa-etit-saasfademo1.ds-fa.oraclepdemos.com:443/fscmRestApi/resources/11.13.18.05/transferOrderShipmentReceipts/00020000000EACED000577080000000000000FA10000000EACED000577080000000000001807",
                    "name": "transferOrderShipmentReceipts",
                    "kind": "item"
                }
            ]
        },
        {
            "LineId": 4001,
            "DeliveryId": 6155,
            "ActualShipDate": "2016-10-24",
            "BillOfLadingNumber": "122645",
            "CarrierName": "UPS",
            "DateReceived": "2016-10-24",
            "EmployeeDisplayName": "Qi Zhou",
            "ExpectedReceiptDate": "2016-10-25",
            "GrossWeight": null,
            "HeaderNumber": "104001",
            "IntialShipDate": "2016-10-24",
            "LineNumber": 1,
            "ModeOfTransport": "Parcel",
            "OrganizationCode": "050",
            "OrganizationName": "Shanghai",
            "PackingSlipNumber": "123644",
            "PlannedDeliveryDate": "2016-10-25",
            "ReceiptNumber": "70014",
            "ServiceLevel": "UPS ground",
            "ShipmentMethod": "UPS-Parcel-UPS ground",
            "ShipmentNumber": "6155",
            "ShipmentStatus": "Closed",
            "Volume": null,
            "VolumeUOM": "cu in",
            "Waybill": null,
            "WeightUOM": "lb",
            "SealCode": null,
            "links": [
                {
                    "rel": "self",
                    "href": "https://fa-etit-saasfademo1.ds-fa.oraclepdemos.com:443/fscmRestApi/resources/11.13.18.05/transferOrderShipmentReceipts/00020000000EACED000577080000000000000FA10000000EACED00057708000000000000180B",
                    "name": "transferOrderShipmentReceipts",
                    "kind": "item"
                },
                {
                    "rel": "canonical",
                    "href": "https://fa-etit-saasfademo1.ds-fa.oraclepdemos.com:443/fscmRestApi/resources/11.13.18.05/transferOrderShipmentReceipts/00020000000EACED000577080000000000000FA10000000EACED00057708000000000000180B",
                    "name": "transferOrderShipmentReceipts",
                    "kind": "item"
                }
            ]
        },
        {
            "LineId": 4001,
            "DeliveryId": 6156,
            "ActualShipDate": "2016-10-24",
            "BillOfLadingNumber": "122647",
            "CarrierName": "UPS",
            "DateReceived": "2016-10-24",
            "EmployeeDisplayName": "Qi Zhou",
            "ExpectedReceiptDate": "2016-10-25",
            "GrossWeight": null,
            "HeaderNumber": "104001",
            "IntialShipDate": "2016-10-24",
            "LineNumber": 1,
            "ModeOfTransport": "Parcel",
            "OrganizationCode": "050",
            "OrganizationName": "Shanghai",
            "PackingSlipNumber": "123646",
            "PlannedDeliveryDate": "2016-10-25",
            "ReceiptNumber": "70015",
            "ServiceLevel": "UPS ground",
            "ShipmentMethod": "UPS-Parcel-UPS ground",
            "ShipmentNumber": "6156",
            "ShipmentStatus": "Closed",
            "Volume": null,
            "VolumeUOM": "cu in",
            "Waybill": null,
            "WeightUOM": "lb",
            "SealCode": null,
            "links": [
                {
                    "rel": "self",
                    "href": "https://fa-etit-saasfademo1.ds-fa.oraclepdemos.com:443/fscmRestApi/resources/11.13.18.05/transferOrderShipmentReceipts/00020000000EACED000577080000000000000FA10000000EACED00057708000000000000180C",
                    "name": "transferOrderShipmentReceipts",
                    "kind": "item"
                },
                {
                    "rel": "canonical",
                    "href": "https://fa-etit-saasfademo1.ds-fa.oraclepdemos.com:443/fscmRestApi/resources/11.13.18.05/transferOrderShipmentReceipts/00020000000EACED000577080000000000000FA10000000EACED00057708000000000000180C",
                    "name": "transferOrderShipmentReceipts",
                    "kind": "item"
                }
            ]
        },
        {
            "LineId": 4001,
            "DeliveryId": 7150,
            "ActualShipDate": "2016-10-24",
            "BillOfLadingNumber": "123640",
            "CarrierName": "UPS",
            "DateReceived": "2016-10-24",
            "EmployeeDisplayName": "Qi Zhou",
            "ExpectedReceiptDate": "2016-10-25",
            "GrossWeight": null,
            "HeaderNumber": "104001",
            "IntialShipDate": "2016-10-24",
            "LineNumber": 1,
            "ModeOfTransport": "Parcel",
            "OrganizationCode": "050",
            "OrganizationName": "Shanghai",
            "PackingSlipNumber": "124639",
            "PlannedDeliveryDate": "2016-10-25",
            "ReceiptNumber": "70016",
            "ServiceLevel": "UPS ground",
            "ShipmentMethod": "UPS-Parcel-UPS ground",
            "ShipmentNumber": "7150",
            "ShipmentStatus": "Closed",
            "Volume": null,
            "VolumeUOM": "cu in",
            "Waybill": null,
            "WeightUOM": "lb",
            "SealCode": null,
            "links": [
                {
                    "rel": "self",
                    "href": "https://fa-etit-saasfademo1.ds-fa.oraclepdemos.com:443/fscmRestApi/resources/11.13.18.05/transferOrderShipmentReceipts/00020000000EACED000577080000000000000FA10000000EACED000577080000000000001BEE",
                    "name": "transferOrderShipmentReceipts",
                    "kind": "item"
                },
                {
                    "rel": "canonical",
                    "href": "https://fa-etit-saasfademo1.ds-fa.oraclepdemos.com:443/fscmRestApi/resources/11.13.18.05/transferOrderShipmentReceipts/00020000000EACED000577080000000000000FA10000000EACED000577080000000000001BEE",
                    "name": "transferOrderShipmentReceipts",
                    "kind": "item"
                }
            ]
        },
        {
            "LineId": 4001,
            "DeliveryId": 7151,
            "ActualShipDate": "2016-10-24",
            "BillOfLadingNumber": "123644",
            "CarrierName": "UPS",
            "DateReceived": "2016-10-24",
            "EmployeeDisplayName": "Qi Zhou",
            "ExpectedReceiptDate": "2016-10-25",
            "GrossWeight": null,
            "HeaderNumber": "104001",
            "IntialShipDate": "2016-10-24",
            "LineNumber": 1,
            "ModeOfTransport": "Parcel",
            "OrganizationCode": "050",
            "OrganizationName": "Shanghai",
            "PackingSlipNumber": "124643",
            "PlannedDeliveryDate": "2016-10-25",
            "ReceiptNumber": "70017",
            "ServiceLevel": "UPS ground",
            "ShipmentMethod": "UPS-Parcel-UPS ground",
            "ShipmentNumber": "7151",
            "ShipmentStatus": "Closed",
            "Volume": null,
            "VolumeUOM": "cu in",
            "Waybill": null,
            "WeightUOM": "lb",
            "SealCode": null,
            "links": [
                {
                    "rel": "self",
                    "href": "https://fa-etit-saasfademo1.ds-fa.oraclepdemos.com:443/fscmRestApi/resources/11.13.18.05/transferOrderShipmentReceipts/00020000000EACED000577080000000000000FA10000000EACED000577080000000000001BEF",
                    "name": "transferOrderShipmentReceipts",
                    "kind": "item"
                },
                {
                    "rel": "canonical",
                    "href": "https://fa-etit-saasfademo1.ds-fa.oraclepdemos.com:443/fscmRestApi/resources/11.13.18.05/transferOrderShipmentReceipts/00020000000EACED000577080000000000000FA10000000EACED000577080000000000001BEF",
                    "name": "transferOrderShipmentReceipts",
                    "kind": "item"
                }
            ]
        },
        {
            "LineId": 4001,
            "DeliveryId": 7152,
            "ActualShipDate": "2016-10-24",
            "BillOfLadingNumber": "123645",
            "CarrierName": "UPS",
            "DateReceived": "2016-10-24",
            "EmployeeDisplayName": "Qi Zhou",
            "ExpectedReceiptDate": "2016-10-25",
            "GrossWeight": null,
            "HeaderNumber": "104001",
            "IntialShipDate": "2016-10-24",
            "LineNumber": 1,
            "ModeOfTransport": "Parcel",
            "OrganizationCode": "050",
            "OrganizationName": "Shanghai",
            "PackingSlipNumber": "124644",
            "PlannedDeliveryDate": "2016-10-25",
            "ReceiptNumber": "70018",
            "ServiceLevel": "UPS ground",
            "ShipmentMethod": "UPS-Parcel-UPS ground",
            "ShipmentNumber": "7152",
            "ShipmentStatus": "Closed",
            "Volume": null,
            "VolumeUOM": "cu in",
            "Waybill": null,
            "WeightUOM": "lb",
            "SealCode": null,
            "links": [
                {
                    "rel": "self",
                    "href": "https://fa-etit-saasfademo1.ds-fa.oraclepdemos.com:443/fscmRestApi/resources/11.13.18.05/transferOrderShipmentReceipts/00020000000EACED000577080000000000000FA10000000EACED000577080000000000001BF0",
                    "name": "transferOrderShipmentReceipts",
                    "kind": "item"
                },
                {
                    "rel": "canonical",
                    "href": "https://fa-etit-saasfademo1.ds-fa.oraclepdemos.com:443/fscmRestApi/resources/11.13.18.05/transferOrderShipmentReceipts/00020000000EACED000577080000000000000FA10000000EACED000577080000000000001BF0",
                    "name": "transferOrderShipmentReceipts",
                    "kind": "item"
                }
            ]
        },
        {
            "LineId": 4001,
            "DeliveryId": 14150,
            "ActualShipDate": "2016-10-26",
            "BillOfLadingNumber": "131639",
            "CarrierName": "UPS",
            "DateReceived": "2016-10-26",
            "EmployeeDisplayName": "Qi Zhou",
            "ExpectedReceiptDate": "2016-10-26",
            "GrossWeight": null,
            "HeaderNumber": "104001",
            "IntialShipDate": "2016-10-24",
            "LineNumber": 1,
            "ModeOfTransport": "Parcel",
            "OrganizationCode": "050",
            "OrganizationName": "Shanghai",
            "PackingSlipNumber": "130638",
            "PlannedDeliveryDate": "2016-10-26",
            "ReceiptNumber": "70025",
            "ServiceLevel": "UPS ground",
            "ShipmentMethod": "UPS-Parcel-UPS ground",
            "ShipmentNumber": "14150",
            "ShipmentStatus": "Closed",
            "Volume": null,
            "VolumeUOM": "cu in",
            "Waybill": null,
            "WeightUOM": "lb",
            "SealCode": null,
            "links": [
                {
                    "rel": "self",
                    "href": "https://fa-etit-saasfademo1.ds-fa.oraclepdemos.com:443/fscmRestApi/resources/11.13.18.05/transferOrderShipmentReceipts/00020000000EACED000577080000000000000FA10000000EACED000577080000000000003746",
                    "name": "transferOrderShipmentReceipts",
                    "kind": "item"
                },
                {
                    "rel": "canonical",
                    "href": "https://fa-etit-saasfademo1.ds-fa.oraclepdemos.com:443/fscmRestApi/resources/11.13.18.05/transferOrderShipmentReceipts/00020000000EACED000577080000000000000FA10000000EACED000577080000000000003746",
                    "name": "transferOrderShipmentReceipts",
                    "kind": "item"
                }
            ]
        },
        {
            "LineId": 4001,
            "DeliveryId": 15151,
            "ActualShipDate": "2016-10-26",
            "BillOfLadingNumber": "132640",
            "CarrierName": "UPS",
            "DateReceived": "2016-10-26",
            "EmployeeDisplayName": "Qi Zhou",
            "ExpectedReceiptDate": "2016-10-26",
            "GrossWeight": null,
            "HeaderNumber": "104001",
            "IntialShipDate": "2016-10-24",
            "LineNumber": 1,
            "ModeOfTransport": "Parcel",
            "OrganizationCode": "050",
            "OrganizationName": "Shanghai",
            "PackingSlipNumber": "131642",
            "PlannedDeliveryDate": "2016-10-26",
            "ReceiptNumber": "70027",
            "ServiceLevel": "UPS ground",
            "ShipmentMethod": "UPS-Parcel-UPS ground",
            "ShipmentNumber": "15151",
            "ShipmentStatus": "Closed",
            "Volume": null,
            "VolumeUOM": "cu in",
            "Waybill": null,
            "WeightUOM": "lb",
            "SealCode": null,
            "links": [
                {
                    "rel": "self",
                    "href": "https://fa-etit-saasfademo1.ds-fa.oraclepdemos.com:443/fscmRestApi/resources/11.13.18.05/transferOrderShipmentReceipts/00020000000EACED000577080000000000000FA10000000EACED000577080000000000003B2F",
                    "name": "transferOrderShipmentReceipts",
                    "kind": "item"
                },
                {
                    "rel": "canonical",
                    "href": "https://fa-etit-saasfademo1.ds-fa.oraclepdemos.com:443/fscmRestApi/resources/11.13.18.05/transferOrderShipmentReceipts/00020000000EACED000577080000000000000FA10000000EACED000577080000000000003B2F",
                    "name": "transferOrderShipmentReceipts",
                    "kind": "item"
                }
            ]
        },
        {
            "LineId": 4001,
            "DeliveryId": 21158,
            "ActualShipDate": "2016-11-01",
            "BillOfLadingNumber": "141642",
            "CarrierName": "UPS",
            "DateReceived": "2016-11-01",
            "EmployeeDisplayName": "Qi Zhou",
            "ExpectedReceiptDate": "2016-11-01",
            "GrossWeight": null,
            "HeaderNumber": "104001",
            "IntialShipDate": "2016-10-24",
            "LineNumber": 1,
            "ModeOfTransport": "Parcel",
            "OrganizationCode": "050",
            "OrganizationName": "Shanghai",
            "PackingSlipNumber": "139641",
            "PlannedDeliveryDate": "2016-11-01",
            "ReceiptNumber": "70032",
            "ServiceLevel": "UPS ground",
            "ShipmentMethod": "UPS-Parcel-UPS ground",
            "ShipmentNumber": "21158",
            "ShipmentStatus": "Closed",
            "Volume": null,
            "VolumeUOM": "cu in",
            "Waybill": null,
            "WeightUOM": "lb",
            "SealCode": null,
            "links": [
                {
                    "rel": "self",
                    "href": "https://fa-etit-saasfademo1.ds-fa.oraclepdemos.com:443/fscmRestApi/resources/11.13.18.05/transferOrderShipmentReceipts/00020000000EACED000577080000000000000FA10000000EACED0005770800000000000052A6",
                    "name": "transferOrderShipmentReceipts",
                    "kind": "item"
                },
                {
                    "rel": "canonical",
                    "href": "https://fa-etit-saasfademo1.ds-fa.oraclepdemos.com:443/fscmRestApi/resources/11.13.18.05/transferOrderShipmentReceipts/00020000000EACED000577080000000000000FA10000000EACED0005770800000000000052A6",
                    "name": "transferOrderShipmentReceipts",
                    "kind": "item"
                }
            ]
        }
    ],
    "count": 10,
    "hasMore": false,
    "limit": 25,
    "offset": 0,
    "links": [
        {
            "rel": "self",
            "href": "https://fa-etit-saasfademo1.ds-fa.oraclepdemos.com:443/fscmRestApi/resources/11.13.18.05/transferOrderShipmentReceipts",
            "name": "transferOrderShipmentReceipts",
            "kind": "collection"
        }
    ]
}