{
    "displayLabel": "Country",
    "fields": [
        {
            "displayLabel": "Id",
            "key": true,
            "name": "id",
            "oid": "d19bb6b9-04db-4034-9f94-e2c802d418eb",
            "required": true,
            "type": "number",
            "unique": true
        },
        {
            "displayLabel": "Created",
            "historyType": "timeCreated",
            "name": "creationDate",
            "oid": "d5e5eb3e-fcf6-4cd0-b32f-8d75b0674c13",
            "required": true,
            "type": "datetime"
        },
        {
            "displayLabel": "Last Updated",
            "historyType": "timeUpdated",
            "name": "lastUpdateDate",
            "oid": "13156ec4-0466-4823-997e-4155fe48f82c",
            "required": true,
            "type": "datetime"
        },
        {
            "displayLabel": "Created By",
            "historyType": "createdBy",
            "name": "createdBy",
            "oid": "3f69384e-f130-4468-abfe-5f24e159c468",
            "required": true,
            "type": "string"
        },
        {
            "displayLabel": "Last Updated By",
            "historyType": "updatedBy",
            "name": "lastUpdatedBy",
            "oid": "25350207-2faa-4279-86f8-3d78698e373c",
            "required": true,
            "type": "string"
        },
        {
            "displayLabel": "Version Number",
            "historyType": "versionNumber",
            "name": "versionNumber",
            "oid": "68948b68-4281-4cb3-9dc1-82fd7c41eb72",
            "type": "number"
        },
        {
            "displayLabel": "countryName",
            "name": "countryName",
            "oid": "eac00b27-5f0c-408c-8188-44d793cee6fe",
            "required": true,
            "type": "string"
        },
        {
            "displayLabel": "region",
            "name": "region",
            "oid": "db40a121-c39b-4d88-8681-4347a899a3c8",
            "required": true,
            "type": "number"
        },
        {
            "displayLabel": "countryCode",
            "name": "countryCode",
            "oid": "2a366cd7-73f6-43b9-b139-3c4170edd395",
            "required": true,
            "type": "string"
        }
    ],
    "hidden": false,
    "name": "Country",
    "oid": "da119680-e8ca-40e6-be1d-2341637d3be0"
}