{
  "chainRules": {
    "/positionsV2_positionDetailsCreationForm": {
      "rules": [
        "rs_test"
      ]
    }
  },
  "addLayouts": {
    "rs_test": {
      "expression": "[[ 'rs_test' ]]"
    },
    "isDefault": {
      "description": "Default Rule",
      "type": "/virtualobject",
      "expression": "[[ 'isDefault' ]]"
    },
    "isDefault2": {
      "description": "Default Rule",
      "type": "/virtualobject",
      "expression": "default"
    }
  },
  "addSubLayouts": {
    "/positionsV2_positionDetailsCreationForm": {
      "rs_test": {
        "layoutType": "table",
        "label": "",
        "description": "",
        "layout": {
          "displayProperties": []
        }
      }
    }
  },
  "addTemplates": {}
}