{
    "displayLabel": "Employee",
    "fields": [
        {
            "displayLabel": "Id",
            "key": true,
            "name": "id",
            "oid": "99c9a7a3-b3e3-4834-8fa7-159841a222b3",
            "required": true,
            "type": "number",
            "unique": true
        },
        {
            "displayLabel": "Created",
            "historyType": "timeCreated",
            "name": "creationDate",
            "oid": "37b9fdc3-90f6-4735-af47-2a507424b59f",
            "required": true,
            "type": "datetime"
        },
        {
            "displayLabel": "Last Updated",
            "historyType": "timeUpdated",
            "name": "lastUpdateDate",
            "oid": "ee01bd67-869d-4f21-822f-80badb3a9192",
            "required": true,
            "type": "datetime"
        },
        {
            "displayLabel": "Created By",
            "historyType": "createdBy",
            "name": "createdBy",
            "oid": "7e2b4843-35fb-423a-8ece-5df290ce8771",
            "required": true,
            "type": "string"
        },
        {
            "displayLabel": "Last Updated By",
            "historyType": "updatedBy",
            "name": "lastUpdatedBy",
            "oid": "2e7fd6cc-af9f-4018-9a76-c0c98955d471",
            "required": true,
            "type": "string"
        },
        {
            "displayLabel": "Version Number",
            "historyType": "versionNumber",
            "name": "versionNumber",
            "oid": "63db7463-753f-4050-9b0e-5baaa8b91263",
            "type": "number"
        },
        {
            "displayLabel": "firstName",
            "name": "firstName",
            "oid": "735c61f9-18cc-45f7-9aeb-0599dd413367",
            "required": true,
            "type": "string"
        },
        {
            "displayLabel": "lastName",
            "name": "lastName",
            "oid": "382147a5-99f0-4a49-a2c3-f99a9d68ed04",
            "required": true,
            "type": "string"
        },
        {
            "displayLabel": "email",
            "name": "email",
            "oid": "bb5ba68a-336c-40cc-bf27-885453456651",
            "required": true,
            "type": "string"
        },
        {
            "displayLabel": "phoneNumber",
            "name": "phoneNumber",
            "oid": "1f56597a-523f-4fc2-ac7f-86ef7e59b2be",
            "required": true,
            "type": "string"
        },
        {
            "displayLabel": "hireDate",
            "name": "hireDate",
            "oid": "176b2dac-1e4a-4f36-a9ce-e1659f7eca7f",
            "required": true,
            "type": "date"
        },
        {
            "displayLabel": "job",
            "name": "job",
            "oid": "11e44df8-022f-4e9a-968d-84ce7852e620",
            "required": true,
            "type": "number"
        },
        {
            "displayLabel": "salary",
            "name": "salary",
            "oid": "4168b487-12c1-407d-9e63-42aa5da6f150",
            "required": true,
            "scale": 1,
            "type": "number"
        },
        {
            "displayLabel": "commissionPct",
            "name": "commissionPct",
            "oid": "5234a19b-7918-419a-821a-9d6ec364236c",
            "required": false,
            "scale": 2,
            "type": "number"
        },
        {
            "displayLabel": "manager",
            "name": "manager",
            "oid": "ce8c6f1c-2019-47ef-b824-b18a4a5cb220",
            "required": false,
            "type": "number"
        },
        {
            "displayLabel": "department",
            "name": "department",
            "oid": "24206caf-d2a3-4591-ba9d-8d3551d40f7b",
            "required": true,
            "type": "number"
        }
    ],
    "hidden": false,
    "name": "Employee",
    "oid": "20c6651e-ffa3-4ee1-8d68-9910dee4dea7",
    "relationships": [
        {
            "deleteRule": "restrict",
            "exposeAccessor": true,
            "mappingField": "department",
            "name": "departmentObject",
            "reverseRelationship": "employeeCollection",
            "targetEntity": "Department",
            "type": "outgoing"
        },
        {
            "displayField": "firstName",
            "name": "employeeCollection",
            "reverseRelationship": "managerObject",
            "targetEntity": "Employee",
            "type": "incoming"
        },
        {
            "deleteRule": "restrict",
            "exposeAccessor": true,
            "mappingField": "job",
            "name": "jobObject",
            "reverseRelationship": "employeeCollection",
            "targetEntity": "Job",
            "type": "outgoing"
        },
        {
            "deleteRule": "restrict",
            "exposeAccessor": true,
            "mappingField": "manager",
            "name": "managerObject",
            "reverseRelationship": "employeeCollection",
            "targetEntity": "Employee",
            "type": "outgoing"
        }
    ]
}