{
    "displayLabel": "ServiceLicensesByCountry",
    "fields": [
        {
            "displayLabel": "Id",
            "key": true,
            "name": "id",
            "oid": "7d586f6d-d26c-4567-b476-37b1d3ad20bf",
            "required": true,
            "type": "number",
            "unique": true
        },
        {
            "displayLabel": "Created",
            "name": "creationDate",
            "oid": "baf35858-f1f3-4111-bc1b-74f8c7b8048f",
            "type": "datetime",
            "historyType": "timeCreated"
        },
        {
            "displayLabel": "Last Updated",
            "name": "lastUpdateDate",
            "oid": "869a5f15-795e-4451-8ece-28298dfcce65",
            "type": "datetime",
            "historyType": "timeUpdated"
        },
        {
            "displayLabel": "Created By",
            "name": "createdBy",
            "oid": "d2d3e80f-6afd-4bea-8549-7e5395fd738f",
            "type": "string",
            "historyType": "createdBy"
        },
        {
            "displayLabel": "Last Updated By",
            "name": "lastUpdatedBy",
            "oid": "1f011bac-9943-4a71-b06d-b815128c0f57",
            "type": "string",
            "historyType": "updatedBy"
        },
        {
            "displayLabel": "Version Number",
            "name": "abcsChangeNumber",
            "oid": "dba8227e-2a43-415b-8e00-3cb6762dbaa5",
            "type": "number",
            "historyType": "versionNumber"
        },
        {
            "displayLabel": "﻿Value Id",
            "name": "VALUE_ID",
            "oid": "eef3c983-89ec-4717-adf4-54f3fc68b06b",
            "required": true,
            "type": "number"
        },
        {
            "displayLabel": "Service",
            "name": "SERVICE",
            "oid": "55fee17e-3e57-45e6-a7ac-b2c5ee59b717",
            "required": true,
            "type": "string"
        },
        {
            "displayLabel": "Legal Entity Name",
            "name": "LEGAL_ENTITY_NAME",
            "oid": "21d4dfcf-e65a-476a-a03e-dc8eb7efeda8",
            "required": true,
            "type": "string"
        },
        {
            "displayLabel": "Country Code",
            "name": "COUNTRY_CODE",
            "oid": "228bd536-b609-4ac8-ae2d-4fe3646c86b1",
            "required": true,
            "type": "string"
        },
        {
            "displayLabel": "Country Name",
            "name": "COUNTRY_NAME",
            "oid": "a9d3da1e-ebca-4567-8899-97532465d17c",
            "required": true,
            "type": "string"
        },
        {
            "displayLabel": "Num. Users",
            "name": "NUM_USERS",
            "oid": "7ed64c4f-0431-4981-911f-66e2f657639f",
            "required": true,
            "type": "number"
        }
    ],
    "hidden": false,
    "name": "ServiceLicensesByCtry",
    "oid": "a2ac586b-f6e2-4f53-8bb3-12a14616c8db"
}