{
  "description": "",
  "eventListeners": {
    "buttonAction": {
      "chains": [
        {
          "chain": "ButtonActionChain"
        }
      ]
    }
  },
  "events": {},
  "imports": {},
  "types": {},
  "variables": {},
  "addLayouts": {
    "containerLayout1-rule1": {
      "expression": "case1"
    }
  },
  "addSubLayouts": {
    "/containerLayout1": {
      "case1": {
        "layoutType": "container",
        "label": "Case 1 (Copy)",
        "layout": {
          "displayProperties": [
            "template1",
            "sectionBankAcc"
          ],
          "sectionTemplateMap": {
            "template1": "/template1",
            "sectionBankAcc": "sectionBankAcc"
          }
        }
      }
    }
  },
  "chainRules": {
    "/containerLayout1": {
      "rules": [
        "containerLayout1-rule1"
      ]
    }
  },
  "addTemplates": {
    "sectionBankAcc": {
      "title": "section_bank_acc",
      "description": "",
      "extensible": "byReference",
      "@dt": {
        "type": "section",
        "layout": "/containerLayout1"
      },
      "dependencies": [
        "oj-c/button"
      ]
    }
  }
}