{
  "root": "assignVariablesXRunningMessage",
  "description": "",
  "actions": {
    "fireNotification": {
      "module": "vb/action/builtin/fireNotificationEventAction",
      "parameters": {
        "target": "leaf",
        "summary": "[[ $chain.results.callRestGETRolesByUser.message.summary ]]",
        "type": "warning",
        "displayMode": "transient",
        "message": "No data retrieved"
      },
      "outcomes": {
        "success": "callComponentOjDialogRunningClose2"
      }
    },
    "callRestGETRolesByUser": {
      "module": "vb/action/builtin/restAction",
      "parameters": {
        "endpoint": "xx_demo_fa_reports/GET_RolesByUser",
        "uriParams": {
          "p_user_login": "{{ $page.variables.xUserLogin }}"
        }
      },
      "outcomes": {
        "failure": "fireNotification",
        "success": "assignVariablesXAdpRolesByUser"
      }
    },
    "assignVariablesXAdpRolesByUser": {
      "module": "vb/action/builtin/assignVariablesAction",
      "parameters": {
        "$application.variables.xAdpRolesByUser": {
          "source": {
            "data": "{{ $chain.results.callRestGETRolesByUser.body.records }}"
          },
          "reset": "none",
          "auto": "always",
          "mapping": {
            "$target.data": {
              "source": "$source.data",
              "reset": "empty",
              "auto": "always",
              "mapping": {
                "$target.RoleCode": {
                  "source": "$source.RoleCode",
                  "reset": "none"
                },
                "$target.RoleId": {
                  "source": "$source.RoleId",
                  "reset": "none"
                },
                "$target.RoleName": {
                  "source": "$source.RoleName",
                  "reset": "none"
                },
                "$target.UserId": {
                  "source": "$source.UserId",
                  "reset": "none"
                },
                "$target.UserLogin": {
                  "source": "$source.UserLogin",
                  "reset": "none"
                }
              }
            }
          }
        }
      },
      "outcomes": {
        "success": "callComponentOjDialogRunningClose"
      }
    },
    "assignVariablesXRunningMessage": {
      "module": "vb/action/builtin/assignVariablesAction",
      "parameters": {
        "$application.variables.x_running_message": {
          "source": "Loading... please wait."
        },
        "$application.variables.xAdpRolesByUser": {
          "reset": "empty"
        }
      },
      "outcomes": {
        "success": "fireDataProviderEventXAdpRolesByUser"
      }
    },
    "callComponentOjDialogRunningOpen": {
      "module": "vb/action/builtin/callComponentMethodAction",
      "parameters": {
        "component": "{{ document.getElementById('oj-dialog-running') }}",
        "method": "open"
      },
      "outcomes": {
        "success": "callRestGETRolesByUser"
      }
    },
    "callComponentOjDialogRunningClose": {
      "module": "vb/action/builtin/callComponentMethodAction",
      "parameters": {
        "component": "{{ document.getElementById('oj-dialog-running') }}",
        "method": "close"
      },
      "outcomes": {
        "success": "assignVariablesXRunningMessage2"
      }
    },
    "callComponentOjDialogRunningClose2": {
      "module": "vb/action/builtin/callComponentMethodAction",
      "parameters": {
        "component": "{{ document.getElementById('oj-dialog-running') }}",
        "method": "close"
      }
    },
    "assignVariablesXRunningMessage2": {
      "module": "vb/action/builtin/assignVariablesAction",
      "parameters": {
        "$application.variables.x_running_message": {
          "reset": "empty"
        }
      }
    },
    "fireDataProviderEventXAdpRolesByUser": {
      "module": "vb/action/builtin/fireDataProviderEventAction",
      "parameters": {
        "target": "[[ $application.variables.xAdpRolesByUser ]]",
        "refresh": null
      },
      "outcomes": {
        "success": "callComponentOjDialogRunningOpen"
      }
    }
  }
}