{
  "description": "",
  "root": "resetVariablesXAdpRolesByUser",
  "actions": {
    "resetVariablesXAdpRolesByUser": {
      "module": "vb/action/builtin/resetVariablesAction",
      "parameters": {
        "variables": [
          "$application.variables.xAdpRolesByUser"
        ]
      },
      "outcomes": {
        "success": "assignVariablesXAdpRolesByUser"
      }
    },
    "assignVariablesXAdpRolesByUser": {
      "module": "vb/action/builtin/assignVariablesAction",
      "parameters": {
        "$application.variables.xAdpRolesByUser": {
          "reset": "empty"
        }
      },
      "outcomes": {
        "success": "fireDataProviderEventXAdpRolesByUser"
      }
    },
    "fireDataProviderEventXAdpRolesByUser": {
      "module": "vb/action/builtin/fireDataProviderEventAction",
      "parameters": {
        "target": "[[ $application.variables.xAdpRolesByUser ]]",
        "refresh": null
      }
    }
  },
  "variables": {}
}