{
  "root": "ifNotParameters",
  "description": "",
  "variables": {},
  "actions": {
    "ifNotParameters": {
      "module": "vb/action/builtin/ifAction",
      "parameters": {
        "condition": "[[ $page.variables.pUserLogin == '' || $page.variables.pUserLogin == undefined ]]"
      },
      "label": "ifNotParameters",
      "outcomes": {
        "false": "assignVariablesXUserLogin",
        "true": "assignVariablesXAdpRolesByUser"
      }
    },
    "assignVariablesXUserLogin": {
      "module": "vb/action/builtin/assignVariablesAction",
      "parameters": {
        "$page.variables.xUserLogin": {
          "source": "{{ $page.variables.pUserLogin }}"
        }
      },
      "outcomes": {
        "success": "callChainActionChangeLoad"
      }
    },
    "callChainActionChangeLoad": {
      "module": "vb/action/builtin/callChainAction",
      "parameters": {
        "id": "ActionChangeLoad"
      }
    },
    "assignVariablesXAdpRolesByUser": {
      "module": "vb/action/builtin/assignVariablesAction",
      "parameters": {
        "$application.variables.xAdpRolesByUser": {
          "reset": "empty"
        }
      },
      "outcomes": {
        "success": "fireDataProviderEventXAdpRolesByUser"
      }
    },
    "fireDataProviderEventXAdpRolesByUser": {
      "module": "vb/action/builtin/fireDataProviderEventAction",
      "parameters": {
        "target": "[[ $application.variables.xAdpRolesByUser ]]",
        "refresh": null
      },
      "outcomes": {
      }
    }
  }
}