{
  "description": "",
  "root": "assignVariablesXUserLogin",
  "actions": {
    "assignVariablesXUserLogin": {
      "module": "vb/action/builtin/assignVariablesAction",
      "parameters": {
        "$page.variables.xUserLogin": {
          "source": "{{ $page.variables.xUserSelected.UserLogin }}"
        }
      }
    }
  },
  "variables": {
    "key": {
      "required": true,
      "type": "any",
      "input": "fromCaller"
    },
    "data": {
      "required": true,
      "type": "any",
      "input": "fromCaller"
    },
    "metadata": {
      "required": true,
      "type": "any",
      "input": "fromCaller"
    }
  }
}