{
  "title": "Demo embed in SaaS",
  "description": "",
  "variables": {
    "pHeaderId": {
      "type": "number",
      "defaultValue": 300000076366173,
      "input": "fromUrl"
    },
    "varDimUOM": {
      "type": "string"
    },
    "varItemId": {
      "type": "number"
    },
    "varLength": {
      "type": "number",
      "defaultValue": 0
    },
    "varOrgId": {
      "type": "number"
    },
    "varQuantity": {
      "type": "number"
    },
    "varShowMessage": {
      "type": "string"
    },
    "varWeight": {
      "type": "number",
      "defaultValue": 0
    },
    "varWeightUOM": {
      "type": "string"
    },
    "varWidth": {
      "type": "number",
      "defaultValue": 0
    },
    "varHeight": {
      "type": "string",
      "defaultValue": "0"
    },
    "varWeightTotal": {
      "type": "number",
      "defaultValue": 0
    },
    "varVolTotal": {
      "type": "number",
      "defaultValue": 0
    },
    "varQuery": {
      "type": "string"
    },
    "varTotal": {
      "type": "number"
    }

  },
  "metadata": {},
  "types": {},
  "eventListeners": {
    "buttonAction": {
      "chains": [
        {
          "chain": "ButtonActionChain",
          "parameters": {
            "event": "{{$event}}"
          }
        }
      ]
    },
    "vbEnter": {
      "chains": [
        {
          "parameters": {},
          "chain": "vbEnterListener"
        }
      ]
    }

  },
  "imports": {
    "components": {
      "oj-c-button": {
        "path": "oj-c/button"
      },
      "oj-c-input-number": {
        "path": "oj-c/input-number"
      },
      "oj-c-input-text": {
        "path": "oj-c/input-text"
      }

    },
    "modules": {
      "ojValidationNumber": {
        "path": "ojs/ojvalidation-number"
      }
    }
  }
}
