{
    "displayLabel": "EmployeeSkill",
    "fields": [
        {
            "displayLabel": "Id",
            "key": true,
            "name": "id",
            "oid": "2777bc83-9d35-4544-bc64-00d153e367f5",
            "required": true,
            "type": "number",
            "unique": true
        },
        {
            "displayLabel": "Created",
            "historyType": "timeCreated",
            "name": "creationDate",
            "oid": "90c6d122-5b1a-4988-a35a-f9f9e2c07781",
            "required": true,
            "type": "datetime"
        },
        {
            "displayLabel": "Last Updated",
            "historyType": "timeUpdated",
            "name": "lastUpdateDate",
            "oid": "d4335c82-c0a6-4876-bb69-3781930c332f",
            "required": true,
            "type": "datetime"
        },
        {
            "displayLabel": "Created By",
            "historyType": "createdBy",
            "name": "createdBy",
            "oid": "1805689b-3f38-48cb-af42-306efc46996d",
            "required": true,
            "type": "string"
        },
        {
            "displayLabel": "Last Updated By",
            "historyType": "updatedBy",
            "name": "lastUpdatedBy",
            "oid": "0af7db51-258b-48ae-a6e5-5a47dc806246",
            "required": true,
            "type": "string"
        },
        {
            "displayLabel": "Version Number",
            "historyType": "versionNumber",
            "name": "versionNumber",
            "oid": "e41960fb-d627-4c83-b8d7-b417edbb1c88",
            "type": "number"
        },
        {
            "displayLabel": "skill",
            "name": "skill",
            "oid": "e05a8194-2f68-47ef-8f9d-6675b6c28025",
            "required": true,
            "type": "number"
        },
        {
            "displayLabel": "employee",
            "name": "employee",
            "oid": "d1c0d360-ecef-47ed-9e42-32d1c9d4191b",
            "required": true,
            "type": "number"
        }
    ],
    "hidden": false,
    "name": "EmployeeSkill",
    "oid": "4c4bcc5c-4ae7-4c01-960e-3432e91b6fb4"
}