{
    "openapi": "3.0.0",
    "info": {
        "title": "Ic Api",
        "version": "1.0.0"
    },
    "servers": [
        {
            "url": "vb-catalog://backends/backend_manual"
        }
    ],
    "paths": {
        "/1.0/": {
            "post": {
                "operationId": "post_upload",
                "requestBody": {
                    "content": {
                        "multipart/form-data": {}
                    }
                },
                "responses": {},
                "x-vb": {
                    "actionHint": "update"
                }
            }
        }
    }
}