{
    "displayLabel": "Department",
    "fields": [
        {
            "displayLabel": "Id",
            "key": true,
            "name": "id",
            "oid": "610c38dd-05dc-47dc-853d-d2b2ed2fadc2",
            "required": true,
            "type": "number",
            "unique": true
        },
        {
            "displayLabel": "Created",
            "historyType": "timeCreated",
            "name": "creationDate",
            "oid": "61b55085-299b-45e1-a9af-47b21f772d34",
            "required": true,
            "type": "datetime"
        },
        {
            "displayLabel": "Last Updated",
            "historyType": "timeUpdated",
            "name": "lastUpdateDate",
            "oid": "524b4b31-16a5-4736-8b2a-2147fa33d81f",
            "required": true,
            "type": "datetime"
        },
        {
            "displayLabel": "Created By",
            "historyType": "createdBy",
            "name": "createdBy",
            "oid": "a141fb89-b6ec-4518-9b06-f9951573b129",
            "required": true,
            "type": "string"
        },
        {
            "displayLabel": "Last Updated By",
            "historyType": "updatedBy",
            "name": "lastUpdatedBy",
            "oid": "e186ac4c-b061-4639-ac3a-51b66132b62d",
            "required": true,
            "type": "string"
        },
        {
            "displayLabel": "Version Number",
            "historyType": "versionNumber",
            "name": "versionNumber",
            "oid": "ec131e7f-f8c2-4d77-87a3-12d11e908487",
            "type": "number"
        },
        {
            "displayLabel": "departmentName",
            "name": "departmentName",
            "oid": "b057b70b-7eb0-4777-a714-970aa24b68ca",
            "required": true,
            "type": "string"
        },
        {
            "displayLabel": "manager",
            "name": "manager",
            "oid": "2782c628-2a39-43f7-a0e6-edabf235bbfd",
            "required": false,
            "type": "number"
        },
{
            "displayLabel": "location",
            "name": "location",
            "oid": "911e4e42-21b5-48f2-b974-19ededcef6cd",
            "required": true,
            "type": "number"
        },
        {
            "type": "number",
            "aggregation": {
                "aggregationFunction": "SUM",
                "aggregationPath": [
                    {
                        "entityId": "Employee",
                        "mappingFieldId": "department"
                    }
                ],
                "aggregatedFieldId": "salary"
            },
            "name": "totalSalaryDept",
            "oid": "fd22207e-6c68-42e2-a90b-9608304c5bf2",
            "displayLabel": "TotalSalaryDept"
        }
    ],
    "hidden": false,
    "name": "Department",
    "oid": "1d427fe2-64fa-408f-9d09-bf168697c06c",
    "relationships": [
        {
            "displayField": "departmentName",
            "exposeAccessor": true,
            "mappingField": "id",
            "name": "employeeCollection",
            "reverseRelationship": "departmentObject",
            "targetEntity": "Employee",
            "type": "incoming"
        }
    ]
}