{
    "displayLabel": "ServiceLicensesHDet",
    "fields": [
        {
            "displayLabel": "Id",
            "key": true,
            "name": "id",
            "oid": "14b155e9-2355-4e96-b620-4c4390efc75d",
            "required": true,
            "type": "number",
            "unique": true
        },
        {
            "displayLabel": "Created",
            "name": "creationDate",
            "oid": "81ed5eaf-5e18-4926-aeb1-6eaca7d8b0fb",
            "required": true,
            "type": "datetime",
            "historyType": "timeCreated"
        },
        {
            "displayLabel": "Last Updated",
            "name": "lastUpdateDate",
            "oid": "2c5b4e27-b62d-4d4e-a8f1-034b091430eb",
            "required": true,
            "type": "datetime",
            "historyType": "timeUpdated"
        },
        {
            "displayLabel": "Created By",
            "name": "createdBy",
            "oid": "b4a44b2e-5b1c-48e6-a06e-a0bf7166de7f",
            "required": true,
            "type": "string",
            "historyType": "createdBy"
        },
        {
            "displayLabel": "Last Updated By",
            "name": "lastUpdatedBy",
            "oid": "2e5d0bbd-9796-4400-bdec-140b23e0f067",
            "required": true,
            "type": "string",
            "historyType": "updatedBy"
        },
        {
            "displayLabel": "Version Number",
            "name": "abcsChangeNumber",
            "oid": "5006d443-8ff7-440a-b15a-e7bc6c32cebc",
            "type": "number",
            "historyType": "versionNumber"
        },
        {
            "displayLabel": "Service",
            "name": "service",
            "oid": "a60d30ad-45c7-4013-b10b-16a59d92abc6",
            "required": true,
            "type": "string"
        },
        {
            "displayLabel": "valueId",
            "name": "valueId",
            "oid": "41c5c3ea-09a4-4a91-9aba-b6d97df9444b",
            "required": true,
            "scale": 1,
            "type": "number"
        },
        {
            "displayLabel": "Num. Users",
            "name": "numUsers",
            "oid": "1f648911-45e5-480f-9d67-3525c0e52b67",
            "required": true,
            "scale": 1,
            "type": "number",
            "defaultValue": {
                "server": {
                    "type": "static",
                    "value": 0
                }
            }
        },
        {
            "displayLabel": "Licensed Num. Users",
            "name": "licensedNumUsers",
            "oid": "07f3dbb5-1877-4331-b094-06bd90dbf7f9",
            "required": true,
            "scale": 1,
            "type": "number",
            "defaultValue": {
                "server": {
                    "type": "static",
                    "value": 0
                }
            }
        },
        {
            "displayLabel": "Unit Cost",
            "name": "unitCost",
            "oid": "83b6c1af-5e5a-49df-9bd3-ad2e9d7cabba",
            "required": true,
            "scale": 2,
            "type": "number",
            "defaultValue": {
                "server": {
                    "type": "static",
                    "value": 0
                }
            },
            "maximum": 10000000,
            "minimum": 0
        },
        {
            "displayLabel": "Total Cost",
            "name": "totalCost",
            "oid": "952a632e-1314-44b4-aa93-ed4ddb5c7051",
            "required": true,
            "scale": 2,
            "type": "number",
            "defaultValue": {
                "server": {
                    "type": "static",
                    "value": 0
                }
            },
            "maximum": 10000000,
            "minimum": 0
        },
{
            "displayLabel": "Discarded",
            "name": "discarded",
            "oid": "4d9f0785-bea4-4a11-99c2-a7415cf1152f",
            "required": false,
            "type": "string"
        },
        {
            "type": "number",
            "name": "serviceLicensesHHead",
            "oid": "6351d0c9-0d0c-44d3-832c-f57bb5ec70f3",
            "displayLabel": "ServiceLicensesHHead"
        }
    ],
    "hidden": false,
    "name": "ServiceLicensesHDet",
    "oid": "46cb981b-fc66-42c2-b808-4b87715c9fdb",
    "relationships": [
        {
            "name": "serviceLicensesHHeadObject",
            "reverseRelationship": "serviceLicensesHDetCollection",
            "targetEntity": "ServiceLicensesHHead",
            "type": "outgoing",
            "exposeAccessor": true,
            "mappingField": "serviceLicensesHHead",
            "deleteRule": "cascade"
        }
    ]
}