{
    "backends": {
        "vbprocess": {
            "serviceType": "vbprocess",
            "servers": [
                {
                    "url": "vb-catalog://backends.tenant/vbprocess",
                    "description": "Player Target Server",
                    "x-vb": {
                        "headers": {
                            "pcs_mode": "dev"
                        },
                        "authentication": {
                            "authenticated": {
                                "type": "cloud"
                            }
                        }
                    }
                },
                {
                    "url": "vb-catalog://backends.tenant/vbprocess",
                    "description": "Default Target Server",
                    "x-vb": {
                        "authentication": {
                            "authenticated": {
                                "type": "cloud"
                            }
                        }
                    }
                }
            ]
        },
        "backend_manual": {
            "servers": [
                {
                    "url": "https://oic3-partners-bots4saas-yu.integration.ca-montreal-1.ocp.oraclecloud.com/ic/api/integration/v1/flows/rest/XX_UPLOAD_FILE_DEMO",
                    "description": "Ic Api",
                    "x-vb": {
                        "authentication": {
                            "authenticated": {
                                "type": "propagate"
                            }
                        }
                    }
                }
            ]
        }
    },
    "services": {}
}