{
    "openapi": "3.0.0",
    "info": {
        "version": "11.13.18.05",
        "title": "Enterprise Resource Planning and Supply Chain",
        "x-vb": {
            "serviceType": "adf-describe",
            "transforms": {
                "path": "vb/BusinessObjectsTransforms"
            }
        }
    },
    "servers": [
        {
            "url": "vb-catalog://backends/fscmRestApi/11.13.18.05"
        }
    ],
    "tags": [
        {
            "name": "expenseTemplates"
        },
        {
            "name": "expenseTemplates/expenseTypes"
        },
        {
            "name": "expenseTemplates/expenseTypes/itemizedExpenseTypes"
        },
        {
            "name": "expenseTemplates/expenseTypes/preferredAgencyLists"
        },
        {
            "name": "expenseTemplates/expenseTypes/preferredMerchantLists"
        },
        {
            "name": "expenseTemplates/mobileExpenseTypes"
        },
        {
            "name": "expenseTypes"
        },
        {
            "name": "expenseTypes/itemizedExpenseTypes"
        },
        {
            "name": "expenseTypes/preferredAgencyLists"
        },
        {
            "name": "expenseTypes/preferredMerchantLists"
        }
    ],
    "paths": {
        "/": {
            "get": {
                "summary": "version representation",
                "operationId": "version_representation",
                "responses": {
                    "default": {
                        "description": "The following table describes the default response for this task.",
                        "content": {
                            "application/json": {
                                "schema": {
                                    "type": "object",
                                    "properties": {
                                        "version": {
                                            "type": "string"
                                        },
                                        "lifecycle": {
                                            "type": "string"
                                        },
                                        "isLatest": {
                                            "type": "boolean"
                                        },
                                        "adf:extension": {
                                            "type": "object",
                                            "properties": {
                                                "defaultFrameworkVersion": {
                                                    "type": "string"
                                                },
                                                "allowedFrameworkVersions": {
                                                    "type": "array",
                                                    "items": {
                                                        "type": "string"
                                                    }
                                                }
                                            }
                                        },
                                        "links": {
                                            "type": "array",
                                            "items": {
                                                "type": "object",
                                                "properties": {
                                                    "rel": {
                                                        "type": "string",
                                                        "enum": [
                                                            "self",
                                                            "canonical",
                                                            "predecessor-version",
                                                            "successor-version",
                                                            "describe",
                                                            "openapi"
                                                        ]
                                                    },
                                                    "href": {
                                                        "type": "string"
                                                    },
                                                    "name": {
                                                        "type": "string",
                                                        "enum": [
                                                            "self",
                                                            "canonical",
                                                            "predecessor-version",
                                                            "successor-version",
                                                            "describe",
                                                            "openapi"
                                                        ]
                                                    },
                                                    "kind": {
                                                        "type": "string",
                                                        "enum": [
                                                            "item",
                                                            "describe"
                                                        ]
                                                    }
                                                }
                                            }
                                        }
                                    }
                                }
                            }
                        }
                    }
                }
            },
            "post": {
                "summary": "batch",
                "operationId": "batch",
                "responses": {
                    "default": {
                        "description": "The following table describes the default response for this task.",
                        "content": {
                            "application/vnd.oracle.adf.batch+json": {
                                "schema": {
                                    "$ref": "#/components/schemas/batch-response"
                                }
                            }
                        }
                    }
                },
                "requestBody": {
                    "content": {
                        "application/vnd.oracle.adf.batch+json": {
                            "schema": {
                                "$ref": "#/components/schemas/batch-request"
                            }
                        }
                    }
                }
            }
        },
        "/expenseTemplates": {
            "get": {
                "tags": [
                    "expenseTemplates"
                ],
                "summary": "Get all",
                "operationId": "getall_expenseTemplates",
                "parameters": [
                    {
                        "$ref": "#/components/parameters/expand"
                    },
                    {
                        "$ref": "#/components/parameters/fields"
                    },
                    {
                        "$ref": "#/components/parameters/onlyData"
                    },
                    {
                        "$ref": "#/components/parameters/links"
                    },
                    {
                        "$ref": "#/components/parameters/limit"
                    },
                    {
                        "$ref": "#/components/parameters/offset"
                    },
                    {
                        "$ref": "#/components/parameters/totalResults"
                    },
                    {
                        "$ref": "#/components/parameters/q"
                    },
                    {
                        "$ref": "#/components/parameters/orderBy"
                    },
                    {
                        "$ref": "vb-catalog://backends/fscmRestApi/11.13.18.05/describe?partialDescriptionForCatalogOpenAPI=expenseTemplates#/components/parameters/expenseTemplates-finder"
                    },
                    {
                        "$ref": "#/components/parameters/REST-Framework-Version"
                    },
                    {
                        "$ref": "#/components/parameters/Metadata-Context"
                    }
                ],
                "responses": {
                    "default": {
                        "$ref": "vb-catalog://backends/fscmRestApi/11.13.18.05/describe?partialDescriptionForCatalogOpenAPI=expenseTemplates#/components/responses/expenseTemplates-collection-response"
                    }
                }
            }
        },
        "/expenseTemplates/{expenseTemplates_Id}": {
            "parameters": [
                {
                    "$ref": "vb-catalog://backends/fscmRestApi/11.13.18.05/describe?partialDescriptionForCatalogOpenAPI=expenseTemplates#/components/parameters/expenseTemplates_Id"
                }
            ],
            "get": {
                "tags": [
                    "expenseTemplates"
                ],
                "summary": "Get",
                "operationId": "get_expenseTemplates",
                "parameters": [
                    {
                        "$ref": "#/components/parameters/expand"
                    },
                    {
                        "$ref": "#/components/parameters/fields"
                    },
                    {
                        "$ref": "#/components/parameters/onlyData"
                    },
                    {
                        "$ref": "#/components/parameters/dependency"
                    },
                    {
                        "$ref": "#/components/parameters/links"
                    },
                    {
                        "$ref": "#/components/parameters/REST-Framework-Version"
                    },
                    {
                        "$ref": "#/components/parameters/Metadata-Context"
                    }
                ],
                "responses": {
                    "default": {
                        "$ref": "vb-catalog://backends/fscmRestApi/11.13.18.05/describe?partialDescriptionForCatalogOpenAPI=expenseTemplates#/components/responses/expenseTemplates-item-response"
                    }
                }
            }
        },
        "/expenseTemplates/{expenseTemplates_Id}/child/expenseTypes": {
            "parameters": [
                {
                    "$ref": "vb-catalog://backends/fscmRestApi/11.13.18.05/describe?partialDescriptionForCatalogOpenAPI=expenseTemplates#/components/parameters/expenseTemplates_Id"
                }
            ],
            "get": {
                "tags": [
                    "expenseTemplates/expenseTypes"
                ],
                "summary": "Get all expense type records",
                "operationId": "getall_expenseTemplates-expenseTypes",
                "parameters": [
                    {
                        "$ref": "#/components/parameters/expand"
                    },
                    {
                        "$ref": "#/components/parameters/fields"
                    },
                    {
                        "$ref": "#/components/parameters/onlyData"
                    },
                    {
                        "$ref": "#/components/parameters/dependency"
                    },
                    {
                        "$ref": "#/components/parameters/links"
                    },
                    {
                        "$ref": "#/components/parameters/limit"
                    },
                    {
                        "$ref": "#/components/parameters/offset"
                    },
                    {
                        "$ref": "#/components/parameters/totalResults"
                    },
                    {
                        "$ref": "#/components/parameters/q"
                    },
                    {
                        "$ref": "#/components/parameters/orderBy"
                    },
                    {
                        "$ref": "vb-catalog://backends/fscmRestApi/11.13.18.05/describe?partialDescriptionForCatalogOpenAPI=expenseTemplates.expenseTypes#/components/parameters/expenseTemplates-expenseTypes-finder"
                    },
                    {
                        "$ref": "#/components/parameters/REST-Framework-Version"
                    },
                    {
                        "$ref": "#/components/parameters/Metadata-Context"
                    }
                ],
                "responses": {
                    "default": {
                        "$ref": "vb-catalog://backends/fscmRestApi/11.13.18.05/describe?partialDescriptionForCatalogOpenAPI=expenseTemplates.expenseTypes#/components/responses/expenseTemplates-expenseTypes-collection-response"
                    }
                }
            }
        },
        "/expenseTemplates/{expenseTemplates_Id}/child/expenseTypes/{expenseTemplates_expenseTypes_Id}": {
            "parameters": [
                {
                    "$ref": "vb-catalog://backends/fscmRestApi/11.13.18.05/describe?partialDescriptionForCatalogOpenAPI=expenseTemplates#/components/parameters/expenseTemplates_Id"
                },
                {
                    "$ref": "vb-catalog://backends/fscmRestApi/11.13.18.05/describe?partialDescriptionForCatalogOpenAPI=expenseTemplates.expenseTypes#/components/parameters/expenseTemplates_expenseTypes_Id"
                }
            ],
            "get": {
                "tags": [
                    "expenseTemplates/expenseTypes"
                ],
                "summary": "Get a single expense type record for the requested expense type",
                "operationId": "get_expenseTemplates-expenseTypes",
                "parameters": [
                    {
                        "$ref": "#/components/parameters/expand"
                    },
                    {
                        "$ref": "#/components/parameters/fields"
                    },
                    {
                        "$ref": "#/components/parameters/onlyData"
                    },
                    {
                        "$ref": "#/components/parameters/dependency"
                    },
                    {
                        "$ref": "#/components/parameters/links"
                    },
                    {
                        "$ref": "#/components/parameters/REST-Framework-Version"
                    },
                    {
                        "$ref": "#/components/parameters/Metadata-Context"
                    }
                ],
                "responses": {
                    "default": {
                        "$ref": "vb-catalog://backends/fscmRestApi/11.13.18.05/describe?partialDescriptionForCatalogOpenAPI=expenseTemplates.expenseTypes#/components/responses/expenseTemplates-expenseTypes-item-response"
                    }
                }
            }
        },
        "/expenseTemplates/{expenseTemplates_Id}/child/expenseTypes/{expenseTemplates_expenseTypes_Id}/child/itemizedExpenseTypes": {
            "parameters": [
                {
                    "$ref": "vb-catalog://backends/fscmRestApi/11.13.18.05/describe?partialDescriptionForCatalogOpenAPI=expenseTemplates#/components/parameters/expenseTemplates_Id"
                },
                {
                    "$ref": "vb-catalog://backends/fscmRestApi/11.13.18.05/describe?partialDescriptionForCatalogOpenAPI=expenseTemplates.expenseTypes#/components/parameters/expenseTemplates_expenseTypes_Id"
                }
            ],
            "get": {
                "tags": [
                    "expenseTemplates/expenseTypes/itemizedExpenseTypes"
                ],
                "summary": "Get all itemized expense type records",
                "operationId": "getall_expenseTemplates-expenseTypes-itemizedExpenseTypes",
                "parameters": [
                    {
                        "$ref": "#/components/parameters/expand"
                    },
                    {
                        "$ref": "#/components/parameters/fields"
                    },
                    {
                        "$ref": "#/components/parameters/onlyData"
                    },
                    {
                        "$ref": "#/components/parameters/dependency"
                    },
                    {
                        "$ref": "#/components/parameters/links"
                    },
                    {
                        "$ref": "#/components/parameters/limit"
                    },
                    {
                        "$ref": "#/components/parameters/offset"
                    },
                    {
                        "$ref": "#/components/parameters/totalResults"
                    },
                    {
                        "$ref": "#/components/parameters/q"
                    },
                    {
                        "$ref": "#/components/parameters/orderBy"
                    },
                    {
                        "$ref": "vb-catalog://backends/fscmRestApi/11.13.18.05/describe?partialDescriptionForCatalogOpenAPI=expenseTemplates.expenseTypes.itemizedExpenseTypes#/components/parameters/expenseTemplates-expenseTypes-itemizedExpenseTypes-finder"
                    },
                    {
                        "$ref": "#/components/parameters/REST-Framework-Version"
                    },
                    {
                        "$ref": "#/components/parameters/Metadata-Context"
                    }
                ],
                "responses": {
                    "default": {
                        "$ref": "vb-catalog://backends/fscmRestApi/11.13.18.05/describe?partialDescriptionForCatalogOpenAPI=expenseTemplates.expenseTypes.itemizedExpenseTypes#/components/responses/expenseTemplates-expenseTypes-itemizedExpenseTypes-collection-response"
                    }
                }
            }
        },
        "/expenseTemplates/{expenseTemplates_Id}/child/expenseTypes/{expenseTemplates_expenseTypes_Id}/child/itemizedExpenseTypes/{expenseTemplates_expenseTypes_itemizedExpenseTypes_Id}": {
            "parameters": [
                {
                    "$ref": "vb-catalog://backends/fscmRestApi/11.13.18.05/describe?partialDescriptionForCatalogOpenAPI=expenseTemplates#/components/parameters/expenseTemplates_Id"
                },
                {
                    "$ref": "vb-catalog://backends/fscmRestApi/11.13.18.05/describe?partialDescriptionForCatalogOpenAPI=expenseTemplates.expenseTypes#/components/parameters/expenseTemplates_expenseTypes_Id"
                },
                {
                    "$ref": "vb-catalog://backends/fscmRestApi/11.13.18.05/describe?partialDescriptionForCatalogOpenAPI=expenseTemplates.expenseTypes.itemizedExpenseTypes#/components/parameters/expenseTemplates_expenseTypes_itemizedExpenseTypes_Id"
                }
            ],
            "get": {
                "tags": [
                    "expenseTemplates/expenseTypes/itemizedExpenseTypes"
                ],
                "summary": "Get a single itemized expense type record for the requested itemized expense type",
                "operationId": "get_expenseTemplates-expenseTypes-itemizedExpenseTypes",
                "parameters": [
                    {
                        "$ref": "#/components/parameters/expand"
                    },
                    {
                        "$ref": "#/components/parameters/fields"
                    },
                    {
                        "$ref": "#/components/parameters/onlyData"
                    },
                    {
                        "$ref": "#/components/parameters/dependency"
                    },
                    {
                        "$ref": "#/components/parameters/links"
                    },
                    {
                        "$ref": "#/components/parameters/REST-Framework-Version"
                    },
                    {
                        "$ref": "#/components/parameters/Metadata-Context"
                    }
                ],
                "responses": {
                    "default": {
                        "$ref": "vb-catalog://backends/fscmRestApi/11.13.18.05/describe?partialDescriptionForCatalogOpenAPI=expenseTemplates.expenseTypes.itemizedExpenseTypes#/components/responses/expenseTemplates-expenseTypes-itemizedExpenseTypes-item-response"
                    }
                }
            }
        },
        "/expenseTemplates/{expenseTemplates_Id}/child/expenseTypes/{expenseTemplates_expenseTypes_Id}/child/preferredAgencyLists": {
            "parameters": [
                {
                    "$ref": "vb-catalog://backends/fscmRestApi/11.13.18.05/describe?partialDescriptionForCatalogOpenAPI=expenseTemplates#/components/parameters/expenseTemplates_Id"
                },
                {
                    "$ref": "vb-catalog://backends/fscmRestApi/11.13.18.05/describe?partialDescriptionForCatalogOpenAPI=expenseTemplates.expenseTypes#/components/parameters/expenseTemplates_expenseTypes_Id"
                }
            ],
            "get": {
                "tags": [
                    "expenseTemplates/expenseTypes/preferredAgencyLists"
                ],
                "summary": "Get all preferred agency list records",
                "operationId": "getall_expenseTemplates-expenseTypes-preferredAgencyLists",
                "parameters": [
                    {
                        "$ref": "#/components/parameters/expand"
                    },
                    {
                        "$ref": "#/components/parameters/fields"
                    },
                    {
                        "$ref": "#/components/parameters/onlyData"
                    },
                    {
                        "$ref": "#/components/parameters/dependency"
                    },
                    {
                        "$ref": "#/components/parameters/links"
                    },
                    {
                        "$ref": "#/components/parameters/limit"
                    },
                    {
                        "$ref": "#/components/parameters/offset"
                    },
                    {
                        "$ref": "#/components/parameters/totalResults"
                    },
                    {
                        "$ref": "#/components/parameters/q"
                    },
                    {
                        "$ref": "#/components/parameters/orderBy"
                    },
                    {
                        "$ref": "vb-catalog://backends/fscmRestApi/11.13.18.05/describe?partialDescriptionForCatalogOpenAPI=expenseTemplates.expenseTypes.preferredAgencyLists#/components/parameters/expenseTemplates-expenseTypes-preferredAgencyLists-finder"
                    },
                    {
                        "$ref": "#/components/parameters/REST-Framework-Version"
                    },
                    {
                        "$ref": "#/components/parameters/Metadata-Context"
                    }
                ],
                "responses": {
                    "default": {
                        "$ref": "vb-catalog://backends/fscmRestApi/11.13.18.05/describe?partialDescriptionForCatalogOpenAPI=expenseTemplates.expenseTypes.preferredAgencyLists#/components/responses/expenseTemplates-expenseTypes-preferredAgencyLists-collection-response"
                    }
                }
            }
        },
        "/expenseTemplates/{expenseTemplates_Id}/child/expenseTypes/{expenseTemplates_expenseTypes_Id}/child/preferredAgencyLists/{expenseTemplates_expenseTypes_preferredAgencyLists_Id}": {
            "parameters": [
                {
                    "$ref": "vb-catalog://backends/fscmRestApi/11.13.18.05/describe?partialDescriptionForCatalogOpenAPI=expenseTemplates#/components/parameters/expenseTemplates_Id"
                },
                {
                    "$ref": "vb-catalog://backends/fscmRestApi/11.13.18.05/describe?partialDescriptionForCatalogOpenAPI=expenseTemplates.expenseTypes#/components/parameters/expenseTemplates_expenseTypes_Id"
                },
                {
                    "$ref": "vb-catalog://backends/fscmRestApi/11.13.18.05/describe?partialDescriptionForCatalogOpenAPI=expenseTemplates.expenseTypes.preferredAgencyLists#/components/parameters/expenseTemplates_expenseTypes_preferredAgencyLists_Id"
                }
            ],
            "get": {
                "tags": [
                    "expenseTemplates/expenseTypes/preferredAgencyLists"
                ],
                "summary": "Get a single preferred agency list record",
                "operationId": "get_expenseTemplates-expenseTypes-preferredAgencyLists",
                "parameters": [
                    {
                        "$ref": "#/components/parameters/expand"
                    },
                    {
                        "$ref": "#/components/parameters/fields"
                    },
                    {
                        "$ref": "#/components/parameters/onlyData"
                    },
                    {
                        "$ref": "#/components/parameters/dependency"
                    },
                    {
                        "$ref": "#/components/parameters/links"
                    },
                    {
                        "$ref": "#/components/parameters/REST-Framework-Version"
                    },
                    {
                        "$ref": "#/components/parameters/Metadata-Context"
                    }
                ],
                "responses": {
                    "default": {
                        "$ref": "vb-catalog://backends/fscmRestApi/11.13.18.05/describe?partialDescriptionForCatalogOpenAPI=expenseTemplates.expenseTypes.preferredAgencyLists#/components/responses/expenseTemplates-expenseTypes-preferredAgencyLists-item-response"
                    }
                }
            }
        },
        "/expenseTemplates/{expenseTemplates_Id}/child/expenseTypes/{expenseTemplates_expenseTypes_Id}/child/preferredMerchantLists": {
            "parameters": [
                {
                    "$ref": "vb-catalog://backends/fscmRestApi/11.13.18.05/describe?partialDescriptionForCatalogOpenAPI=expenseTemplates#/components/parameters/expenseTemplates_Id"
                },
                {
                    "$ref": "vb-catalog://backends/fscmRestApi/11.13.18.05/describe?partialDescriptionForCatalogOpenAPI=expenseTemplates.expenseTypes#/components/parameters/expenseTemplates_expenseTypes_Id"
                }
            ],
            "get": {
                "tags": [
                    "expenseTemplates/expenseTypes/preferredMerchantLists"
                ],
                "summary": "Get all preferred merchant list records",
                "operationId": "getall_expenseTemplates-expenseTypes-preferredMerchantLists",
                "parameters": [
                    {
                        "$ref": "#/components/parameters/expand"
                    },
                    {
                        "$ref": "#/components/parameters/fields"
                    },
                    {
                        "$ref": "#/components/parameters/onlyData"
                    },
                    {
                        "$ref": "#/components/parameters/dependency"
                    },
                    {
                        "$ref": "#/components/parameters/links"
                    },
                    {
                        "$ref": "#/components/parameters/limit"
                    },
                    {
                        "$ref": "#/components/parameters/offset"
                    },
                    {
                        "$ref": "#/components/parameters/totalResults"
                    },
                    {
                        "$ref": "#/components/parameters/q"
                    },
                    {
                        "$ref": "#/components/parameters/orderBy"
                    },
                    {
                        "$ref": "vb-catalog://backends/fscmRestApi/11.13.18.05/describe?partialDescriptionForCatalogOpenAPI=expenseTemplates.expenseTypes.preferredMerchantLists#/components/parameters/expenseTemplates-expenseTypes-preferredMerchantLists-finder"
                    },
                    {
                        "$ref": "#/components/parameters/REST-Framework-Version"
                    },
                    {
                        "$ref": "#/components/parameters/Metadata-Context"
                    }
                ],
                "responses": {
                    "default": {
                        "$ref": "vb-catalog://backends/fscmRestApi/11.13.18.05/describe?partialDescriptionForCatalogOpenAPI=expenseTemplates.expenseTypes.preferredMerchantLists#/components/responses/expenseTemplates-expenseTypes-preferredMerchantLists-collection-response"
                    }
                }
            }
        },
        "/expenseTemplates/{expenseTemplates_Id}/child/expenseTypes/{expenseTemplates_expenseTypes_Id}/child/preferredMerchantLists/{expenseTemplates_expenseTypes_preferredMerchantLists_Id}": {
            "parameters": [
                {
                    "$ref": "vb-catalog://backends/fscmRestApi/11.13.18.05/describe?partialDescriptionForCatalogOpenAPI=expenseTemplates#/components/parameters/expenseTemplates_Id"
                },
                {
                    "$ref": "vb-catalog://backends/fscmRestApi/11.13.18.05/describe?partialDescriptionForCatalogOpenAPI=expenseTemplates.expenseTypes#/components/parameters/expenseTemplates_expenseTypes_Id"
                },
                {
                    "$ref": "vb-catalog://backends/fscmRestApi/11.13.18.05/describe?partialDescriptionForCatalogOpenAPI=expenseTemplates.expenseTypes.preferredMerchantLists#/components/parameters/expenseTemplates_expenseTypes_preferredMerchantLists_Id"
                }
            ],
            "get": {
                "tags": [
                    "expenseTemplates/expenseTypes/preferredMerchantLists"
                ],
                "summary": "Get a single preferred merchant list record",
                "operationId": "get_expenseTemplates-expenseTypes-preferredMerchantLists",
                "parameters": [
                    {
                        "$ref": "#/components/parameters/expand"
                    },
                    {
                        "$ref": "#/components/parameters/fields"
                    },
                    {
                        "$ref": "#/components/parameters/onlyData"
                    },
                    {
                        "$ref": "#/components/parameters/dependency"
                    },
                    {
                        "$ref": "#/components/parameters/links"
                    },
                    {
                        "$ref": "#/components/parameters/REST-Framework-Version"
                    },
                    {
                        "$ref": "#/components/parameters/Metadata-Context"
                    }
                ],
                "responses": {
                    "default": {
                        "$ref": "vb-catalog://backends/fscmRestApi/11.13.18.05/describe?partialDescriptionForCatalogOpenAPI=expenseTemplates.expenseTypes.preferredMerchantLists#/components/responses/expenseTemplates-expenseTypes-preferredMerchantLists-item-response"
                    }
                }
            }
        },
        "/expenseTemplates/{expenseTemplates_Id}/child/mobileExpenseTypes": {
            "parameters": [
                {
                    "$ref": "vb-catalog://backends/fscmRestApi/11.13.18.05/describe?partialDescriptionForCatalogOpenAPI=expenseTemplates#/components/parameters/expenseTemplates_Id"
                }
            ],
            "get": {
                "tags": [
                    "expenseTemplates/mobileExpenseTypes"
                ],
                "summary": "Get all",
                "operationId": "getall_expenseTemplates-mobileExpenseTypes",
                "parameters": [
                    {
                        "$ref": "#/components/parameters/expand"
                    },
                    {
                        "$ref": "#/components/parameters/fields"
                    },
                    {
                        "$ref": "#/components/parameters/onlyData"
                    },
                    {
                        "$ref": "#/components/parameters/dependency"
                    },
                    {
                        "$ref": "#/components/parameters/links"
                    },
                    {
                        "$ref": "#/components/parameters/limit"
                    },
                    {
                        "$ref": "#/components/parameters/offset"
                    },
                    {
                        "$ref": "#/components/parameters/totalResults"
                    },
                    {
                        "$ref": "#/components/parameters/q"
                    },
                    {
                        "$ref": "#/components/parameters/orderBy"
                    },
                    {
                        "$ref": "vb-catalog://backends/fscmRestApi/11.13.18.05/describe?partialDescriptionForCatalogOpenAPI=expenseTemplates.mobileExpenseTypes#/components/parameters/expenseTemplates-mobileExpenseTypes-finder"
                    },
                    {
                        "$ref": "#/components/parameters/REST-Framework-Version"
                    },
                    {
                        "$ref": "#/components/parameters/Metadata-Context"
                    }
                ],
                "responses": {
                    "default": {
                        "$ref": "vb-catalog://backends/fscmRestApi/11.13.18.05/describe?partialDescriptionForCatalogOpenAPI=expenseTemplates.mobileExpenseTypes#/components/responses/expenseTemplates-mobileExpenseTypes-collection-response"
                    }
                }
            }
        },
        "/expenseTemplates/{expenseTemplates_Id}/child/mobileExpenseTypes/{expenseTemplates_mobileExpenseTypes_Id}": {
            "parameters": [
                {
                    "$ref": "vb-catalog://backends/fscmRestApi/11.13.18.05/describe?partialDescriptionForCatalogOpenAPI=expenseTemplates#/components/parameters/expenseTemplates_Id"
                },
                {
                    "$ref": "vb-catalog://backends/fscmRestApi/11.13.18.05/describe?partialDescriptionForCatalogOpenAPI=expenseTemplates.mobileExpenseTypes#/components/parameters/expenseTemplates_mobileExpenseTypes_Id"
                }
            ],
            "get": {
                "tags": [
                    "expenseTemplates/mobileExpenseTypes"
                ],
                "summary": "Get",
                "operationId": "get_expenseTemplates-mobileExpenseTypes",
                "parameters": [
                    {
                        "$ref": "#/components/parameters/expand"
                    },
                    {
                        "$ref": "#/components/parameters/fields"
                    },
                    {
                        "$ref": "#/components/parameters/onlyData"
                    },
                    {
                        "$ref": "#/components/parameters/dependency"
                    },
                    {
                        "$ref": "#/components/parameters/links"
                    },
                    {
                        "$ref": "#/components/parameters/REST-Framework-Version"
                    },
                    {
                        "$ref": "#/components/parameters/Metadata-Context"
                    }
                ],
                "responses": {
                    "default": {
                        "$ref": "vb-catalog://backends/fscmRestApi/11.13.18.05/describe?partialDescriptionForCatalogOpenAPI=expenseTemplates.mobileExpenseTypes#/components/responses/expenseTemplates-mobileExpenseTypes-item-response"
                    }
                }
            }
        },
        "/expenseTypes": {
            "get": {
                "tags": [
                    "expenseTypes"
                ],
                "summary": "Get all",
                "operationId": "getall_expenseTypes",
                "parameters": [
                    {
                        "$ref": "#/components/parameters/expand"
                    },
                    {
                        "$ref": "#/components/parameters/fields"
                    },
                    {
                        "$ref": "#/components/parameters/onlyData"
                    },
                    {
                        "$ref": "#/components/parameters/links"
                    },
                    {
                        "$ref": "#/components/parameters/limit"
                    },
                    {
                        "$ref": "#/components/parameters/offset"
                    },
                    {
                        "$ref": "#/components/parameters/totalResults"
                    },
                    {
                        "$ref": "#/components/parameters/q"
                    },
                    {
                        "$ref": "#/components/parameters/orderBy"
                    },
                    {
                        "$ref": "vb-catalog://backends/fscmRestApi/11.13.18.05/describe?partialDescriptionForCatalogOpenAPI=expenseTypes#/components/parameters/expenseTypes-finder"
                    },
                    {
                        "$ref": "#/components/parameters/REST-Framework-Version"
                    },
                    {
                        "$ref": "#/components/parameters/Metadata-Context"
                    }
                ],
                "responses": {
                    "default": {
                        "$ref": "vb-catalog://backends/fscmRestApi/11.13.18.05/describe?partialDescriptionForCatalogOpenAPI=expenseTypes#/components/responses/expenseTypes-collection-response"
                    }
                }
            }
        },
        "/expenseTypes/{expenseTypes_Id}": {
            "parameters": [
                {
                    "$ref": "vb-catalog://backends/fscmRestApi/11.13.18.05/describe?partialDescriptionForCatalogOpenAPI=expenseTypes#/components/parameters/expenseTypes_Id"
                }
            ],
            "get": {
                "tags": [
                    "expenseTypes"
                ],
                "summary": "Get",
                "operationId": "get_expenseTypes",
                "parameters": [
                    {
                        "$ref": "#/components/parameters/expand"
                    },
                    {
                        "$ref": "#/components/parameters/fields"
                    },
                    {
                        "$ref": "#/components/parameters/onlyData"
                    },
                    {
                        "$ref": "#/components/parameters/dependency"
                    },
                    {
                        "$ref": "#/components/parameters/links"
                    },
                    {
                        "$ref": "#/components/parameters/REST-Framework-Version"
                    },
                    {
                        "$ref": "#/components/parameters/Metadata-Context"
                    }
                ],
                "responses": {
                    "default": {
                        "$ref": "vb-catalog://backends/fscmRestApi/11.13.18.05/describe?partialDescriptionForCatalogOpenAPI=expenseTypes#/components/responses/expenseTypes-item-response"
                    }
                }
            }
        },
        "/expenseTypes/{expenseTypes_Id}/child/itemizedExpenseTypes": {
            "parameters": [
                {
                    "$ref": "vb-catalog://backends/fscmRestApi/11.13.18.05/describe?partialDescriptionForCatalogOpenAPI=expenseTypes#/components/parameters/expenseTypes_Id"
                }
            ],
            "get": {
                "tags": [
                    "expenseTypes/itemizedExpenseTypes"
                ],
                "summary": "Get all itemized expense type records",
                "operationId": "getall_expenseTypes-itemizedExpenseTypes",
                "parameters": [
                    {
                        "$ref": "#/components/parameters/expand"
                    },
                    {
                        "$ref": "#/components/parameters/fields"
                    },
                    {
                        "$ref": "#/components/parameters/onlyData"
                    },
                    {
                        "$ref": "#/components/parameters/dependency"
                    },
                    {
                        "$ref": "#/components/parameters/links"
                    },
                    {
                        "$ref": "#/components/parameters/limit"
                    },
                    {
                        "$ref": "#/components/parameters/offset"
                    },
                    {
                        "$ref": "#/components/parameters/totalResults"
                    },
                    {
                        "$ref": "#/components/parameters/q"
                    },
                    {
                        "$ref": "#/components/parameters/orderBy"
                    },
                    {
                        "$ref": "vb-catalog://backends/fscmRestApi/11.13.18.05/describe?partialDescriptionForCatalogOpenAPI=expenseTypes.itemizedExpenseTypes#/components/parameters/expenseTypes-itemizedExpenseTypes-finder"
                    },
                    {
                        "$ref": "#/components/parameters/REST-Framework-Version"
                    },
                    {
                        "$ref": "#/components/parameters/Metadata-Context"
                    }
                ],
                "responses": {
                    "default": {
                        "$ref": "vb-catalog://backends/fscmRestApi/11.13.18.05/describe?partialDescriptionForCatalogOpenAPI=expenseTypes.itemizedExpenseTypes#/components/responses/expenseTypes-itemizedExpenseTypes-collection-response"
                    }
                }
            }
        },
        "/expenseTypes/{expenseTypes_Id}/child/itemizedExpenseTypes/{expenseTypes_itemizedExpenseTypes_Id}": {
            "parameters": [
                {
                    "$ref": "vb-catalog://backends/fscmRestApi/11.13.18.05/describe?partialDescriptionForCatalogOpenAPI=expenseTypes#/components/parameters/expenseTypes_Id"
                },
                {
                    "$ref": "vb-catalog://backends/fscmRestApi/11.13.18.05/describe?partialDescriptionForCatalogOpenAPI=expenseTypes.itemizedExpenseTypes#/components/parameters/expenseTypes_itemizedExpenseTypes_Id"
                }
            ],
            "get": {
                "tags": [
                    "expenseTypes/itemizedExpenseTypes"
                ],
                "summary": "Get a single itemized expense type record for the requested itemized expense type",
                "operationId": "get_expenseTypes-itemizedExpenseTypes",
                "parameters": [
                    {
                        "$ref": "#/components/parameters/expand"
                    },
                    {
                        "$ref": "#/components/parameters/fields"
                    },
                    {
                        "$ref": "#/components/parameters/onlyData"
                    },
                    {
                        "$ref": "#/components/parameters/dependency"
                    },
                    {
                        "$ref": "#/components/parameters/links"
                    },
                    {
                        "$ref": "#/components/parameters/REST-Framework-Version"
                    },
                    {
                        "$ref": "#/components/parameters/Metadata-Context"
                    }
                ],
                "responses": {
                    "default": {
                        "$ref": "vb-catalog://backends/fscmRestApi/11.13.18.05/describe?partialDescriptionForCatalogOpenAPI=expenseTypes.itemizedExpenseTypes#/components/responses/expenseTypes-itemizedExpenseTypes-item-response"
                    }
                }
            }
        },
        "/expenseTypes/{expenseTypes_Id}/child/preferredAgencyLists": {
            "parameters": [
                {
                    "$ref": "vb-catalog://backends/fscmRestApi/11.13.18.05/describe?partialDescriptionForCatalogOpenAPI=expenseTypes#/components/parameters/expenseTypes_Id"
                }
            ],
            "get": {
                "tags": [
                    "expenseTypes/preferredAgencyLists"
                ],
                "summary": "Get all preferred agency list records",
                "operationId": "getall_expenseTypes-preferredAgencyLists",
                "parameters": [
                    {
                        "$ref": "#/components/parameters/expand"
                    },
                    {
                        "$ref": "#/components/parameters/fields"
                    },
                    {
                        "$ref": "#/components/parameters/onlyData"
                    },
                    {
                        "$ref": "#/components/parameters/dependency"
                    },
                    {
                        "$ref": "#/components/parameters/links"
                    },
                    {
                        "$ref": "#/components/parameters/limit"
                    },
                    {
                        "$ref": "#/components/parameters/offset"
                    },
                    {
                        "$ref": "#/components/parameters/totalResults"
                    },
                    {
                        "$ref": "#/components/parameters/q"
                    },
                    {
                        "$ref": "#/components/parameters/orderBy"
                    },
                    {
                        "$ref": "vb-catalog://backends/fscmRestApi/11.13.18.05/describe?partialDescriptionForCatalogOpenAPI=expenseTypes.preferredAgencyLists#/components/parameters/expenseTypes-preferredAgencyLists-finder"
                    },
                    {
                        "$ref": "#/components/parameters/REST-Framework-Version"
                    },
                    {
                        "$ref": "#/components/parameters/Metadata-Context"
                    }
                ],
                "responses": {
                    "default": {
                        "$ref": "vb-catalog://backends/fscmRestApi/11.13.18.05/describe?partialDescriptionForCatalogOpenAPI=expenseTypes.preferredAgencyLists#/components/responses/expenseTypes-preferredAgencyLists-collection-response"
                    }
                }
            }
        },
        "/expenseTypes/{expenseTypes_Id}/child/preferredAgencyLists/{expenseTypes_preferredAgencyLists_Id}": {
            "parameters": [
                {
                    "$ref": "vb-catalog://backends/fscmRestApi/11.13.18.05/describe?partialDescriptionForCatalogOpenAPI=expenseTypes#/components/parameters/expenseTypes_Id"
                },
                {
                    "$ref": "vb-catalog://backends/fscmRestApi/11.13.18.05/describe?partialDescriptionForCatalogOpenAPI=expenseTypes.preferredAgencyLists#/components/parameters/expenseTypes_preferredAgencyLists_Id"
                }
            ],
            "get": {
                "tags": [
                    "expenseTypes/preferredAgencyLists"
                ],
                "summary": "Get a single preferred agency list record",
                "operationId": "get_expenseTypes-preferredAgencyLists",
                "parameters": [
                    {
                        "$ref": "#/components/parameters/expand"
                    },
                    {
                        "$ref": "#/components/parameters/fields"
                    },
                    {
                        "$ref": "#/components/parameters/onlyData"
                    },
                    {
                        "$ref": "#/components/parameters/dependency"
                    },
                    {
                        "$ref": "#/components/parameters/links"
                    },
                    {
                        "$ref": "#/components/parameters/REST-Framework-Version"
                    },
                    {
                        "$ref": "#/components/parameters/Metadata-Context"
                    }
                ],
                "responses": {
                    "default": {
                        "$ref": "vb-catalog://backends/fscmRestApi/11.13.18.05/describe?partialDescriptionForCatalogOpenAPI=expenseTypes.preferredAgencyLists#/components/responses/expenseTypes-preferredAgencyLists-item-response"
                    }
                }
            }
        },
        "/expenseTypes/{expenseTypes_Id}/child/preferredMerchantLists": {
            "parameters": [
                {
                    "$ref": "vb-catalog://backends/fscmRestApi/11.13.18.05/describe?partialDescriptionForCatalogOpenAPI=expenseTypes#/components/parameters/expenseTypes_Id"
                }
            ],
            "get": {
                "tags": [
                    "expenseTypes/preferredMerchantLists"
                ],
                "summary": "Get all preferred merchant list records",
                "operationId": "getall_expenseTypes-preferredMerchantLists",
                "parameters": [
                    {
                        "$ref": "#/components/parameters/expand"
                    },
                    {
                        "$ref": "#/components/parameters/fields"
                    },
                    {
                        "$ref": "#/components/parameters/onlyData"
                    },
                    {
                        "$ref": "#/components/parameters/dependency"
                    },
                    {
                        "$ref": "#/components/parameters/links"
                    },
                    {
                        "$ref": "#/components/parameters/limit"
                    },
                    {
                        "$ref": "#/components/parameters/offset"
                    },
                    {
                        "$ref": "#/components/parameters/totalResults"
                    },
                    {
                        "$ref": "#/components/parameters/q"
                    },
                    {
                        "$ref": "#/components/parameters/orderBy"
                    },
                    {
                        "$ref": "vb-catalog://backends/fscmRestApi/11.13.18.05/describe?partialDescriptionForCatalogOpenAPI=expenseTypes.preferredMerchantLists#/components/parameters/expenseTypes-preferredMerchantLists-finder"
                    },
                    {
                        "$ref": "#/components/parameters/REST-Framework-Version"
                    },
                    {
                        "$ref": "#/components/parameters/Metadata-Context"
                    }
                ],
                "responses": {
                    "default": {
                        "$ref": "vb-catalog://backends/fscmRestApi/11.13.18.05/describe?partialDescriptionForCatalogOpenAPI=expenseTypes.preferredMerchantLists#/components/responses/expenseTypes-preferredMerchantLists-collection-response"
                    }
                }
            }
        },
        "/expenseTypes/{expenseTypes_Id}/child/preferredMerchantLists/{expenseTypes_preferredMerchantLists_Id}": {
            "parameters": [
                {
                    "$ref": "vb-catalog://backends/fscmRestApi/11.13.18.05/describe?partialDescriptionForCatalogOpenAPI=expenseTypes#/components/parameters/expenseTypes_Id"
                },
                {
                    "$ref": "vb-catalog://backends/fscmRestApi/11.13.18.05/describe?partialDescriptionForCatalogOpenAPI=expenseTypes.preferredMerchantLists#/components/parameters/expenseTypes_preferredMerchantLists_Id"
                }
            ],
            "get": {
                "tags": [
                    "expenseTypes/preferredMerchantLists"
                ],
                "summary": "Get a single preferred merchant list record",
                "operationId": "get_expenseTypes-preferredMerchantLists",
                "parameters": [
                    {
                        "$ref": "#/components/parameters/expand"
                    },
                    {
                        "$ref": "#/components/parameters/fields"
                    },
                    {
                        "$ref": "#/components/parameters/onlyData"
                    },
                    {
                        "$ref": "#/components/parameters/dependency"
                    },
                    {
                        "$ref": "#/components/parameters/links"
                    },
                    {
                        "$ref": "#/components/parameters/REST-Framework-Version"
                    },
                    {
                        "$ref": "#/components/parameters/Metadata-Context"
                    }
                ],
                "responses": {
                    "default": {
                        "$ref": "vb-catalog://backends/fscmRestApi/11.13.18.05/describe?partialDescriptionForCatalogOpenAPI=expenseTypes.preferredMerchantLists#/components/responses/expenseTypes-preferredMerchantLists-item-response"
                    }
                }
            }
        }
    },
    "components": {
        "schemas": {
            "batch-request": {
                "type": "object",
                "required": [
                    "parts"
                ],
                "properties": {
                    "parts": {
                        "type": "array",
                        "items": {
                            "$ref": "#/components/schemas/batch-request-part"
                        }
                    }
                }
            },
            "batch-request-part": {
                "type": "object",
                "required": [
                    "id",
                    "path",
                    "operation"
                ],
                "properties": {
                    "id": {
                        "type": "string"
                    },
                    "path": {
                        "type": "string"
                    },
                    "operation": {
                        "type": "string",
                        "enum": [
                            "create",
                            "delete",
                            "get",
                            "invoke",
                            "update",
                            "upsert"
                        ]
                    },
                    "ifMatch": {
                        "type": "array",
                        "items": {
                            "type": "string"
                        },
                        "nullable": true
                    },
                    "ifNoneMatch": {
                        "type": "array",
                        "items": {
                            "type": "string"
                        },
                        "nullable": true
                    },
                    "effectiveOf": {
                        "type": "string"
                    },
                    "payload": {
                        "type": "object"
                    }
                }
            },
            "batch-response": {
                "type": "object",
                "required": [
                    "parts"
                ],
                "properties": {
                    "parts": {
                        "type": "array",
                        "items": {
                            "$ref": "#/components/schemas/batch-response-part"
                        }
                    }
                }
            },
            "batch-response-part": {
                "allOf": [
                    {
                        "$ref": "#/components/schemas/batch-request-part"
                    },
                    {
                        "type": "object",
                        "properties": {
                            "preconditionSucceeded": {
                                "type": "boolean"
                            }
                        }
                    }
                ]
            }
        },
        "parameters": {
            "expand": {
                "name": "expand",
                "in": "query",
                "schema": {
                    "type": "string"
                }
            },
            "fields": {
                "name": "fields",
                "in": "query",
                "schema": {
                    "type": "string"
                }
            },
            "onlyData": {
                "name": "onlyData",
                "in": "query",
                "schema": {
                    "type": "boolean"
                }
            },
            "links": {
                "name": "links",
                "in": "query",
                "schema": {
                    "type": "string"
                }
            },
            "limit": {
                "name": "limit",
                "in": "query",
                "schema": {
                    "type": "integer"
                }
            },
            "offset": {
                "name": "offset",
                "in": "query",
                "schema": {
                    "type": "integer"
                }
            },
            "totalResults": {
                "name": "totalResults",
                "in": "query",
                "schema": {
                    "type": "boolean"
                }
            },
            "q": {
                "name": "q",
                "in": "query",
                "schema": {
                    "type": "string"
                }
            },
            "orderBy": {
                "name": "orderBy",
                "in": "query",
                "schema": {
                    "type": "string"
                }
            },
            "REST-Framework-Version": {
                "name": "REST-Framework-Version",
                "in": "header",
                "schema": {
                    "type": "string",
                    "enum": [
                        "1",
                        "2",
                        "3",
                        "4",
                        "5",
                        "6",
                        "7",
                        "8",
                        "9"
                    ]
                }
            },
            "Metadata-Context": {
                "name": "Metadata-Context",
                "in": "header",
                "schema": {
                    "type": "string"
                }
            },
            "dependency": {
                "name": "dependency",
                "in": "query",
                "schema": {
                    "type": "string"
                }
            }
        }
    }
}