{
  "title": "",
  "description": "",
  "variables": {
    "cancel": {
      "type": "boolean",
      "defaultValue": false
    },
    "ADPCsvData": {
      "type": "vb/ArrayDataProvider2",
      "defaultValue": {
        "itemType": "csvData",
        "keyAttributes": "name"
      }
    }, 
    "chosenDeletedArray": {
      "type": "number[]"
    },
    "columns": {
      "type": "any"
    },
    "create_PartnerAP_File": {
      "type": "create_PartnerAP_File_Type"
    },
    "dataArr": {
      "type": "any"
    },
    "excelData": {
      "type": "any"
    },
    "Filelist": {
      "type": {
        "file": "object",
        "lastmodifieddate": "string",
        "name": "string",
        "size": "number"
      }
    },
    "MyADPWithExcelData": {
      "type": "vb/ArrayDataProvider2",
      "defaultValue": {
        "keyAttributes": "@index"
      }
    },
    "oj_table_1279305227_1SelectedId": {
      "type": "string",
      "defaultValue": ""
    },
    "Result": {
      "type": {
        "Address": "string",
        "Supplier": "string"
      }
    },
    "MyADP_copy": {
      "type": "vb/ArrayDataProvider2",
      "defaultValue": {
        "itemType": "file_type",
        "keyAttributes": "c0"
      }
    },           
    "currentStep": {
      "type": "string",
      "defaultValue": "",
      "input": "fromUrl"
    },
    "dirtyDataFlag": {
      "type": "boolean",
      "defaultValue": false
    },
    "partnerAPFileListSDP": {
      "type": "vb/ServiceDataProvider",
      "defaultValue": {
        "endpoint": "businessObjects/getall_PartnerAP_File",
        "keyAttributes": "id",
        "itemsPath": "items",
        "responseType": "getallPartnerAPFileResponse",
        "filterCriterion": {
          "op": "$eq",
          "attribute": "batchId",
          "value": "{{ $application.variables.xBatchIdGlobal }}"
        }
      }
    },
    "partnerAPFileListSDP2": {
      "type": "vb/ServiceDataProvider",
      "defaultValue": {
        "endpoint": "businessObjects/getall_PartnerAP_File",
        "keyAttributes": "id",
        "itemsPath": "items",
        "responseType": "getallPartnerAPFileResponse2",
        "filterCriterion": {
          "op": "$eq",
          "attribute": "batchId",
          "value": "{{ $application.variables.xBatchIdGlobal }}"
        }
      }
    },
    "partnerAPFileListSDP3": {
      "type": "vb/ServiceDataProvider",
      "defaultValue": {
        "endpoint": "businessObjects/getall_PartnerAP_File",
        "keyAttributes": "id",
        "itemsPath": "items",
        "responseType": "getallPartnerAPFileResponse3",
        "filterCriterion": {
          "op": "$eq",
          "attribute": "batchId",
          "value": "{{ $application.variables.xBatchIdGlobal }}"
        }
      }
    },
    "table1SelectedId": {
      "type": "string",
      "defaultValue": ""
    },
    "valid": {
      "type": "string"
    },
    "var_file_line_read": {
      "type": "file_type"
    },
    "xBatchId": {
      "type": "string",
      "defaultValue": "0"
    },
    "xCounter": {
      "type": "number",
      "defaultValue": 0
    },
    "xCounterError": {
      "type": "number"
    },
    "xCounterOk": {
      "type": "number"
    },
    "xDummy": {
      "type": "string"
    },
    "xReqProcess": {
      "type": "reqProcessType"
    }

  },
  "metadata": {},
  "types": {
    "@decorators.create_PartnerAP_File_Type": {
      "endpoint": "create_PartnerAP_File",
      "service": "businessObjects",
      "path": "request"
    },
    "@decorators.getallPartnerAPFileResponse": {
      "endpoint": "getall_PartnerAP_File",
      "service": "businessObjects",
      "path": "response"
    },
    "@decorators.getallPartnerAPFileResponse2": {
      "endpoint": "getall_PartnerAP_File",
      "service": "businessObjects",
      "path": "response"
    },
    "@decorators.getallPartnerAPFileResponse3": {
      "endpoint": "getall_PartnerAP_File",
      "service": "businessObjects",
      "path": "response"
    },
    "@decorators.reqProcessType": {
      "endpoint": "postIcApiIntegrationV1FlowsRestVSD_AP_INV_DE1_0DataPartnerAP_File",
      "service": "processInv",
      "path": "request"
    },
    "@decorators.respProcessType": {
      "endpoint": "postIcApiIntegrationV1FlowsRestVSD_AP_INV_DE1_0DataPartnerAP_File",
      "service": "processInv",
      "path": "response"
    },
    "create_PartnerAP_File_Type": {
      "batchId": "string",
      "dateInvoiceAttachment": "string",
      "dateInvoiceCreated": "string",
      "dateInvoiceFtp": "string",
      "dateInvoiceMailed": "string",
      "distributionSet": "string",
      "fileName": "string",
      "invoiceDate": "string",
      "invoiceDescription": "string",
      "netAmount": "number",
      "oICInstanceId": "string",
      "qualifica": "string",
      "status": "string",
      "statusMessage": "string",
      "userLoad": "string",
      "vendorAddressCode": "string",
      "vendorName": "string",
      "vendorNumber": "string"
    },
    "file_type": {
      "Distribution Set": "string",
      "Invoice Description": "string",
      "Invoice_Date": "string",
      "Net Amount": "string",
      "qualifica": "string",
      "Vendor Number": "string",
      "Vendor_Address_Code": "string",
      "Vendor_Name": "string"
    },
    "getallPartnerAPFileResponse": {
      "items": [
        {
          "batchId": "string",
          "creationDate": "string",
          "distributionSet": "string",
          "id": "number",
          "invoiceDate": "string",
          "netAmount": "number",
          "qualifica": "string",
          "vendorAddressCode": "string",
          "vendorName": "string",
          "vendorNumber": "string"

        }
      ]
    },
    "getallPartnerAPFileResponse2": {
      "items": [
        {
          "batchId": "string",
          "distributionSet": "string",
          "id": "number",
          "invoiceDate": "string",
          "invoiceDescription": "string",
          "netAmount": "number",
          "qualifica": "string",
          "vendorAddressCode": "string",
          "vendorName": "string",
          "vendorNumber": "string"

        }
      ]
    },
    "getallPartnerAPFileResponse3": {
      "items": [
        {
          "batchId": "string",
          "dateInvoiceAttachment": "string",
          "dateInvoiceCreated": "string",
          "dateInvoiceMailed": "string",
          "fileName": "string",
          "id": "number",
          "invoiceDate": "string",
          "invoiceId": "string",
          "invoiceNumber": "string",
          "netAmount": "number",
          "qualifica": "string",
          "status": "string",
          "statusMessage": "string",
          "vendorName": "string",
          "vendorNumber": "string"

        }
      ]
    },
    "reqProcessType": {
      "Id": "string",
      "pBatchId": "string"
    },
    "respProcessType": {
      "Status": "string",
      "StatusMessage": "string"
    },
    "Result": {
      "type": {
        "Address": "string",
        "Supplier": "string"
      }
    },
    
    "chosenDeletedArray": {
      "type": "number[]"
    },
    "columns": {
      "type": "any"
    },
    "dataArr": {
      "type": "any"
    },
    "excelData": {
      "type": "any"
    },
    "Filelist": {
      "type": {
        "file": "object",
        "lastmodifieddate": "string",
        "name": "string",
        "size": "number"
      }
    },    
    "csvData": {
      "file": {
          "Address": "string",
          "Supplier": "string"
        },
      "lastModifiedDate": "string",
      "name": "string",
      "size": "string",
      "type": "string"
    },
    "step": {
      "id": "string",
      "title": "string",
      "description": "string",
      "display": "string",
      "status": "string",
      "timestamp": "string",
      "optional": "boolean"
    }

  },
  "eventListeners": {
    "buttonAction": {
      "chains": [
        {
          "chain": "ButtonActionChain1"
        }
      ]
    },
    "buttonAction2": {
      "chains": [
        {
          "chain": "ButtonActionChain2"
        }
      ]
    },
    "buttonLoadAction": {
      "chains": [
        {
          "chain": "ButtonActionChainLoad"
        }
      ]
    },
    "dropFileSelect": {
      "chains": [
        {
          "chain": "FilePickerSelectChain",
          "parameters": {
            "files": "{{ $event.detail.files }}",
            "detail": "{{ $event.detail.files }}"
          }
        }
      ]
    },
    "editPartnerAPFileButtonClicked2": {
      "chains": [
        {
          "chain": "navigateToEditPartnerAPFileChain2",
          "parameters": {
            "partnerAPFileId": "[[ $variables.table1SelectedId ]]"
          }
        }
      ]
    },
    "guidedProcessPageTemplateSpCancel": {
      "chains": [
        {
          "chain": "CancelChain"
        }
      ]
    },
    "guidedProcessPageTemplateSpPrimaryAction": {
      "chains": [
        {
          "chain": "PrimaryActionChain"
        }
      ]
    },
    "oj_table_1279305227_1SelectionChanged": {
      "chains": [
        {
          "chain": "ojTable12793052271ChangeSelectionChain",
          "parameters": {
            "partnerAPFileId": "[[ $event.detail.value.key || '' ]]"
          }
        }
      ]
    },
    "onConfirmNoOjAction": {
      "chains": [
        {
          "chainId": "dialogResponseActionChain",
          "parameters": {
            "detail": "{{ $event.detail }}",
            "response": "NO"
          }
        }
      ]
    },
    "onConfirmYesOjAction": {
      "chains": [
        {
          "chainId": "dialogResponseActionChain",
          "parameters": {
            "detail": "{{ $event.detail }}",
            "response": "YES"
          }
        }
      ]
    },
    "onSpBeforeStepNavigate": {
      "preventDefault": "true",
      "chains": [
        {
          "chainId": "spBeforeStepNavigate",
          "parameters": {
            "event": "{{ $event }}"
          }
        }
      ]
    },
    "onSpCancel": {
      "chains": [
        {
          "chainId": "spCancelActionChain",
          "parameters": {
            "detail": "{{ $event.detail }}"
          }
        }
      ]
    },
    "partnerAPFileDetailButtonClicked": {
      "chains": [
        {
          "chain": "navigateToPartnerAPFileDetailChain",
          "parameters": {
            "partnerAPFileId": "[[ $variables.oj_table_1279305227_1SelectedId ]]"
          }
        }
      ]
    },
    "table1SelectionChanged": {
      "chains": [
        {
          "chain": "table1ChangeSelectionChain",
          "parameters": {
            "partnerAPFileId": "[[ $event.detail.value.key || '' ]]"
          }
        }
      ]
    },
    "vbBeforeExit": {
      "chains": [
        {
          "chainId": "checkBeforeExitActionChain",
          "parameters": {}
        }
      ]
    },
    "vbEnter": {
      "chains": [
        {
          "chainId": "dummy1"
        }
      ]
    }

  },
  "imports": {
    "components": {
      "oj-button": {
        "path": "ojs/ojbutton"
      },
      "oj-file-picker": {
        "path": "ojs/ojfilepicker"
      },
      "oj-input-text": {
        "path": "ojs/ojinputtext"
      },
      "oj-label": {
        "path": "ojs/ojlabel"
      },
      "oj-sp-guided-process": {
        "path": "oj-sp/guided-process/loader"
      },
      "oj-sp-message-unsaved-changes": {
        "path": "oj-sp/message-unsaved-changes/loader"
      },
      "oj-table": {
        "path": "ojs/ojtable"
      },
      "oj-toolbar": {
        "path": "ojs/ojtoolbar"
      },
      "oj-validation-group": {
        "path": "ojs/ojvalidationgroup"
      }

    }
  }
}
