{
    "displayLabel": "Department",
    "fields": [
        {
            "displayLabel": "Id",
            "key": true,
            "name": "id",
            "oid": "07543f2e-f2da-445d-8c10-06694b7d0314",
            "required": true,
            "type": "number",
            "unique": true
        },
        {
            "displayLabel": "Created",
            "historyType": "timeCreated",
            "name": "creationDate",
            "oid": "b06ba4ee-6af4-46a2-be00-e609b59d48f6",
            "required": true,
            "type": "datetime"
        },
        {
            "displayLabel": "Last Updated",
            "historyType": "timeUpdated",
            "name": "lastUpdateDate",
            "oid": "3bf98849-4ceb-4a19-be5c-9e669444b384",
            "required": true,
            "type": "datetime"
        },
        {
            "displayLabel": "Created By",
            "historyType": "createdBy",
            "name": "createdBy",
            "oid": "8d7ae98f-5ace-4012-886c-5e33f3053a21",
            "required": true,
            "type": "string"
        },
        {
            "displayLabel": "Last Updated By",
            "historyType": "updatedBy",
            "name": "lastUpdatedBy",
            "oid": "4923c188-2a0e-4291-bac1-d270e05562f3",
            "required": true,
            "type": "string"
        },
        {
            "displayLabel": "Version Number",
            "historyType": "versionNumber",
            "name": "versionNumber",
            "oid": "bf8544dd-e2e2-4821-bc5d-82b328397b39",
            "type": "number"
        },
        {
            "displayLabel": "departmentName",
            "name": "departmentName",
            "oid": "66bf979b-1cd6-4f8a-acce-132b8f3d97d4",
            "required": true,
            "type": "string"
        },
        {
            "displayLabel": "manager",
            "name": "manager",
            "oid": "5b686185-310e-4559-b5fe-0b82f8c77542",
            "required": false,
            "type": "number"
        },
        {
            "displayLabel": "location",
            "name": "location",
            "oid": "9bdab10b-a78a-471b-94c3-9681b70b3357",
            "required": true,
            "type": "number"
        }
    ],
    "hidden": false,
    "name": "Department",
    "oid": "53f7042c-a425-44af-a198-feb872511202",
    "relationships": [
        {
            "name": "employeeCollection",
            "reverseRelationship": "departmentObject",
            "targetEntity": "Employee",
            "type": "incoming",
            "displayField": "departmentName"
        }
    ]
}