{
    "openapi": "3.0.0",
    "info": {
        "version": "01.00.0000",
        "title": "XX_DEMO_FA_REPORTS",
        "x-vb": {
            "serviceType": "ics"
        }
    },
    "servers": [
        {
            "url": "vb-catalog://backends/ics/ic/api/integration/v1/flows/rest"
        }
    ],
    "paths": {
        "/XX_DEMO_FA_REPORTS/1.0/GET_Persons": {
        },
        "/XX_DEMO_FA_REPORTS/1.0/GET_RolesByUser": {
            "get": {
                "tags": [
                    "Default Package/XX_DEMO_FA_REPORTS|01.00.0000",
                    "Default Package"
                ],
                "operationId": "GET_RolesByUser",
                "parameters": [
                    {
                        "name": "p_user_login",
                        "in": "query",
                        "required": false,
                        "schema": {
                            "type": "string"
                        }
                    }
                ],
                "responses": {
                    "500": {
                        "description": "Faults",
                        "content": {
                            "application/json": {
                                "schema": {
                                    "$ref": "#/components/schemas/APIInvocationError"
                                }
                            }
                        }
                    },
                    "default": {
                        "description": "A sample description of the Response",
                        "content": {
                            "application/json": {
                                "schema": {
                                    "$ref": "#/components/schemas/GET_RolesByUser-response-wrapper"
                                }
                            }
                        }
                    }
                },
                "security": [
                    {
                        "oauth2Authentication": []
                    },
                    {
                        "basicAuthentication": []
                    }
                ]
            }
        },
        "/XX_DEMO_FA_REPORTS/1.0/GET_ServiceLicenses": {
        },
        "/XX_DEMO_FA_REPORTS/1.0/GET_ServiceLicensesByCountry": {
        },
        "/XX_DEMO_FA_REPORTS/1.0/GET_UserNamesByService": {
        },
        "/XX_DEMO_FA_REPORTS/1.0/GET_UserNamesByServicePars": {
        },
        "/XX_DEMO_FA_REPORTS/1.0/GET_UsersLicenses": {
        }
    },
    "components": {
        "schemas": {
            "APIInvocationError": {
                "type": "object",
                "required": [
                    "detail",
                    "errorCode",
                    "errorDetails",
                    "title",
                    "type"
                ],
                "properties": {
                    "type": {
                        "type": "string"
                    },
                    "title": {
                        "type": "string"
                    },
                    "detail": {
                        "type": "string"
                    },
                    "errorCode": {
                        "type": "string"
                    },
                    "errorDetails": {
                        "type": "array",
                        "items": {
                            "type": "object",
                            "properties": {
                                "type": {
                                    "type": "string"
                                },
                                "instance": {
                                    "type": "string"
                                },
                                "title": {
                                    "type": "string"
                                },
                                "errorPath": {
                                    "type": "string"
                                },
                                "errorCode": {
                                    "type": "string"
                                }
                            },
                            "required": [
                                "errorCode",
                                "errorPath",
                                "instance",
                                "title",
                                "type"
                            ]
                        },
                        "minItems": 1
                    }
                }
            },
            "GET_Persons-response-wrapper": {
                "type": "object",
                "required": [
                    "message",
                    "records",
                    "status"
                ],
                "properties": {
                    "status": {
                        "type": "string"
                    },
                    "message": {
                        "type": "string"
                    },
                    "records": {
                        "type": "array",
                        "items": {
                            "type": "object",
                            "properties": {
                                "PersonNumber": {
                                    "type": "string"
                                },
                                "FullName": {
                                    "type": "string"
                                },
                                "PersonId": {
                                    "type": "string"
                                },
                                "ManagerId": {
                                    "type": "string"
                                },
                                "AssignmentType": {
                                    "type": "string"
                                },
                                "UserLogin": {
                                    "type": "string"
                                },
                                "UserGuid": {
                                    "type": "string"
                                },
                                "EmailAdress": {
                                    "type": "string"
                                },
                                "ManagerName": {
                                    "type": "string"
                                },
                                "EmailAddressManager": {
                                    "type": "string"
                                },
                                "Position": {
                                    "type": "string"
                                },
                                "BusinessUnitId": {
                                    "type": "string"
                                },
                                "BuName": {
                                    "type": "string"
                                },
                                "BuDaa": {
                                    "type": "string"
                                }
                            },
                            "required": [
                                "AssignmentType",
                                "BuDaa",
                                "BuName",
                                "BusinessUnitId",
                                "EmailAddressManager",
                                "EmailAdress",
                                "FullName",
                                "ManagerId",
                                "ManagerName",
                                "PersonId",
                                "PersonNumber",
                                "Position",
                                "UserGuid",
                                "UserLogin"
                            ]
                        },
                        "minItems": 1
                    }
                }
            },
            "GET_RolesByUser-response-wrapper": {
                "type": "object",
                "required": [
                    "message",
                    "records",
                    "status"
                ],
                "properties": {
                    "status": {
                        "type": "string"
                    },
                    "message": {
                        "type": "string"
                    },
                    "records": {
                        "type": "array",
                        "items": {
                            "type": "object",
                            "properties": {
                                "UserLogin": {
                                    "type": "string"
                                },
                                "RoleName": {
                                    "type": "string"
                                },
                                "RoleCode": {
                                    "type": "string"
                                },
                                "RoleId": {
                                    "type": "string"
                                },
                                "UserId": {
                                    "type": "string"
                                },
                                "PrivilegeCodes": {
                                    "type": "string"
                                },
                                "PrivilegeNames": {
                                    "type": "string"
                                }
                            },
                            "required": [
                                "PrivilegeCodes",
                                "PrivilegeNames",
                                "RoleCode",
                                "RoleId",
                                "RoleName",
                                "UserId",
                                "UserLogin"
                            ]
                        },
                        "minItems": 1
                    }
                }
            },
            "GET_ServiceLicenses-response-wrapper": {
                "type": "object",
                "required": [
                    "message",
                    "records",
                    "status"
                ],
                "properties": {
                    "status": {
                        "type": "string"
                    },
                    "message": {
                        "type": "string"
                    },
                    "records": {
                        "type": "array",
                        "items": {
                            "type": "object",
                            "properties": {
                                "Service": {
                                    "type": "string"
                                },
                                "ValueId": {
                                    "type": "string"
                                },
                                "NumUsers": {
                                    "type": "string"
                                },
                                "NumRoles": {
                                    "type": "string"
                                },
                                "RoleCodes": {
                                    "type": "string"
                                },
                                "RoleNames": {
                                    "type": "string"
                                }
                            },
                            "required": [
                                "NumRoles",
                                "NumUsers",
                                "RoleCodes",
                                "RoleNames",
                                "Service",
                                "ValueId"
                            ]
                        },
                        "minItems": 1
                    }
                }
            },
            "GET_ServiceLicensesByCountry-response-wrapper": {
                "type": "object",
                "required": [
                    "message",
                    "records",
                    "status"
                ],
                "properties": {
                    "status": {
                        "type": "string"
                    },
                    "message": {
                        "type": "string"
                    },
                    "records": {
                        "type": "array",
                        "items": {
                            "type": "object",
                            "properties": {
                                "ValueId": {
                                    "type": "string"
                                },
                                "Service": {
                                    "type": "string"
                                },
                                "LegalEntityName": {
                                    "type": "string"
                                },
                                "CountryCode": {
                                    "type": "string"
                                },
                                "CountryName": {
                                    "type": "string"
                                },
                                "NumUsers": {
                                    "type": "number"
                                }
                            },
                            "required": [
                                "CountryCode",
                                "CountryName",
                                "LegalEntityName",
                                "NumUsers",
                                "Service",
                                "ValueId"
                            ]
                        },
                        "minItems": 1
                    }
                }
            },
            "GET_UserNamesByService-response-wrapper": {
                "type": "object",
                "required": [
                    "message",
                    "records",
                    "status"
                ],
                "properties": {
                    "status": {
                        "type": "string"
                    },
                    "message": {
                        "type": "string"
                    },
                    "records": {
                        "type": "array",
                        "items": {
                            "type": "object",
                            "properties": {
                                "ValueId": {
                                    "type": "string"
                                },
                                "Service": {
                                    "type": "string"
                                },
                                "UserLogin": {
                                    "type": "string"
                                },
                                "PersonId": {
                                    "type": "string"
                                },
                                "CountryCode": {
                                    "type": "string"
                                },
                                "CountryName": {
                                    "type": "string"
                                },
                                "BusinessUnit": {
                                    "type": "string"
                                },
                                "LegalEntity": {
                                    "type": "string"
                                },
                                "FirstName": {
                                    "type": "string"
                                },
                                "LastName": {
                                    "type": "string"
                                }
                            },
                            "required": [
                                "BusinessUnit",
                                "CountryCode",
                                "CountryName",
                                "FirstName",
                                "LastName",
                                "LegalEntity",
                                "PersonId",
                                "Service",
                                "UserLogin",
                                "ValueId"
                            ]
                        },
                        "minItems": 1
                    }
                }
            },
            "GET_UserNamesByServicePars-response-wrapper": {
                "type": "object",
                "required": [
                    "message",
                    "records",
                    "status"
                ],
                "properties": {
                    "status": {
                        "type": "string"
                    },
                    "message": {
                        "type": "string"
                    },
                    "records": {
                        "type": "array",
                        "items": {
                            "type": "object",
                            "properties": {
                                "ValueId": {
                                    "type": "string"
                                },
                                "Service": {
                                    "type": "string"
                                },
                                "UserLogin": {
                                    "type": "string"
                                },
                                "PersonId": {
                                    "type": "string"
                                },
                                "CountryCode": {
                                    "type": "string"
                                },
                                "CountryName": {
                                    "type": "string"
                                },
                                "BusinessUnit": {
                                    "type": "string"
                                },
                                "LegalEntity": {
                                    "type": "string"
                                },
                                "FirstName": {
                                    "type": "string"
                                },
                                "LastName": {
                                    "type": "string"
                                }
                            },
                            "required": [
                                "BusinessUnit",
                                "CountryCode",
                                "CountryName",
                                "FirstName",
                                "LastName",
                                "LegalEntity",
                                "PersonId",
                                "Service",
                                "UserLogin",
                                "ValueId"
                            ]
                        },
                        "minItems": 1
                    }
                }
            },
            "GET_UsersLicenses-response-wrapper": {
                "type": "object",
                "required": [
                    "message",
                    "records",
                    "status"
                ],
                "properties": {
                    "status": {
                        "type": "string"
                    },
                    "message": {
                        "type": "string"
                    },
                    "records": {
                        "type": "array",
                        "items": {
                            "type": "object",
                            "properties": {
                                "UserLogin": {
                                    "type": "string"
                                },
                                "LastName": {
                                    "type": "string"
                                },
                                "FirstName": {
                                    "type": "string"
                                }
                            },
                            "required": [
                                "FirstName",
                                "LastName",
                                "UserLogin"
                            ]
                        },
                        "minItems": 1
                    }
                }
            }
        }
    }
}