{
  "chainRules": {
    "/omSalesOrders_defaultHeaderLayout": {
      "rules": [
        "rs_test"
      ]
    },
    "/lines_defaultOrderLinesLayout": {
      "rules": [
        "rs_test"
      ]
    }
  },
  "addLayouts": {
    "rs_test": {
      "expression": "[[ 'rs_test' ]]"
    }
  },
  "addSubLayouts": {
    "/omSalesOrders_defaultHeaderLayout": {
      "rs_test": {
        "layoutType": "table",
        "label": "",
        "description": "",
        "layout": {
          "displayProperties": []
        }
      }
    },
    "/lines_defaultOrderLinesLayout": {
      "rs_test": {
        "layoutType": "table",
        "label": "",
        "description": "",
        "layout": {
          "displayProperties": []
        }
      }
    }
  },
  "addTemplates": {}
}