{
    "displayLabel": "suppliers_dff_demo",
    "fields": [
        {
            "displayLabel": "Id",
            "key": true,
            "name": "id",
            "oid": "9ea5f3b5-b202-4d4f-992a-cdcd3afe1991",
            "required": true,
            "type": "number",
            "unique": true
        },
        {
            "displayLabel": "Created",
            "historyType": "timeCreated",
            "name": "creationDate",
            "oid": "25ff3a23-0d59-4e8a-826e-d91806aaa841",
            "type": "datetime"
        },
        {
            "displayLabel": "Last Updated",
            "historyType": "timeUpdated",
            "name": "lastUpdateDate",
            "oid": "b89ed0da-e6e3-4a5e-81a0-2705eda2ce44",
            "type": "datetime"
        },
        {
            "displayLabel": "Created By",
            "historyType": "createdBy",
            "name": "createdBy",
            "oid": "19ed1a99-79df-400d-b8e5-d6f0233ee4de",
            "type": "string"
        },
        {
            "displayLabel": "Last Updated By",
            "historyType": "updatedBy",
            "name": "lastUpdatedBy",
            "oid": "1c45a459-1bd3-46a0-8b87-718ae9ee3e03",
            "type": "string"
        },
        {
            "displayLabel": "Version Number",
            "historyType": "versionNumber",
            "name": "versionNumber",
            "oid": "723c0ab9-0443-4793-9dbb-4382860df622",
            "type": "number"
        },
        {
            "displayLabel": "SupplierNumber",
            "name": "supplierNumber",
            "oid": "15254789-b734-4da5-9fc1-8cfab405f3c0",
            "required": true,
            "type": "number"
        },
        {
            "displayLabel": "Field_String_1",
            "name": "fieldString1",
            "oid": "8e0a13da-b5f0-417d-8efd-ac1194cc6332",
            "required": true,
            "type": "string"
        },
        {
            "displayLabel": "Field_String2",
            "name": "fieldString2",
            "oid": "64955f0a-39e4-49d3-8e81-cfb04eb1525f",
            "required": true,
            "type": "string"
        },
        {
            "displayLabel": "Field_Number1",
            "name": "fieldNumber1",
            "oid": "53d02d88-1e2c-433c-96d7-5ac9e5bde79c",
            "required": true,
            "type": "number"
        },
        {
            "displayLabel": "Field_Date1",
            "name": "fieldDate1",
            "oid": "679112f2-9693-4276-a426-fb1a332ecf09",
            "required": true,
            "type": "date"
        }
    ],
    "hidden": false,
    "name": "SuppliersDffDemo",
    "oid": "3454bd6f-e5f2-4be6-8963-d4722c860aac"
}