id,creationDate,lastUpdateDate,createdBy,lastUpdatedBy,supplierNumber,fieldString1,fieldString2,fieldNumber1,fieldDate1
1,2025-07-31T11:45:38.25,2025-07-31T12:19:44,juanje,juanje,1900.0,abc,xyzOO,22.0,2025-10-10
2,2025-07-31T11:45:38.26,2025-07-31T11:45:38.26,juanje,juanje,1929.0,abc,xyz,22.0,2025-10-22
3,2025-07-31T12:49:13,2025-07-31T13:19:55,juanje,juanje,1252.0,1252,1252,125233.0,2025-07-31
4,2025-07-31T12:50:33,2025-07-31T12:50:33.002,juanje,juanje,1254.0,ww,www,12000.0,2025-07-31
5,2025-07-31T13:20:19,2025-07-31T13:21:07,juanje,juanje,1252.0,rrr,rrr,1333.0,2025-07-31
