{
    "addMetadataRules": [
        {
            "id": "brAf",
            "label": "br_af",
            "description": "",
            "status": "active",
            "overlay": {},
            "condition": {
                "expression": true
            }
        }        ,
        {
            "id": "brUs",
            "label": "br_us",
            "description": "",
            "status": "active",
            "overlay": {},
            "condition": {
                "expression": true
            }
        }
      ],
    "addCollectionMetadataRules": {
        "metadataRules": []
    },
    "imports": {},
    "metadataRulesVersion": "18.0.7"
}
