{
    "backends": {
        "ics": {
            "serviceType": "ics",
            "description": "pablo.arroyo@entrust.es",
            "servers": [
                {
                    "url": "vb-catalog://backends.tenant/ics",
                    "description": "Overridden Integration Server",
                    "x-vb": {
                        "authentication": {
                            "authenticated": {
                                "type": "propagate"
                            }
                        }
                    }
                }
            ]
        },
        "backend_test2": {
            "servers": [
                {
                    "url": "https://oicdev-axakrucilqfd-px.integration.us-phoenix-1.ocp.oraclecloud.com/ic/api/integration/v1/flows/rest/XX_TEST_01",
                    "description": "Ic Api",
                    "x-vb": {
                        "authentication": {
                            "authenticated": {
                                "type": "basic",
                                "credentials": "vb_07edbf97-40b3-4fe6-b0ab-085d6f216cab"
                            },
                            "anonymous": {
                                "type": "as_authenticated_user"
                            }
                        },
                        "forceProxy": "always",
                        "anonymousAccess": true
                    }
                }
            ]
        }
      }
}