{
    "displayLabel": "Employee",
    "fields": [
        {
            "displayLabel": "Id",
            "key": true,
            "name": "id",
            "oid": "4c009278-728e-41ed-adc2-4123cb23a9dc",
            "required": true,
            "type": "number",
            "unique": true
        },
        {
            "displayLabel": "Created",
            "historyType": "timeCreated",
            "name": "creationDate",
            "oid": "eb74239d-abda-4854-ba42-a3ad66c7e2fa",
            "required": true,
            "type": "datetime"
        },
        {
            "displayLabel": "Last Updated",
            "historyType": "timeUpdated",
            "name": "lastUpdateDate",
            "oid": "f85d7562-6e80-450f-a12b-c1c500fa5c7b",
            "required": true,
            "type": "datetime"
        },
        {
            "displayLabel": "Created By",
            "historyType": "createdBy",
            "name": "createdBy",
            "oid": "ae434169-29a0-43c6-b287-2634d48d3381",
            "required": true,
            "type": "string"
        },
        {
            "displayLabel": "Last Updated By",
            "historyType": "updatedBy",
            "name": "lastUpdatedBy",
            "oid": "15deb69e-6516-492e-87f6-90714b6afae6",
            "required": true,
            "type": "string"
        },
        {
            "displayLabel": "Version Number",
            "historyType": "versionNumber",
            "name": "versionNumber",
            "oid": "2da8ff8b-a14f-4d35-b318-48fc91904dd4",
            "type": "number"
        },
        {
            "displayLabel": "firstName",
            "name": "firstName",
            "oid": "ba4e6b48-81d5-4e28-ac86-2fba70c6a7da",
            "required": true,
            "type": "string"
        },
        {
            "displayLabel": "lastName",
            "name": "lastName",
            "oid": "fee9f8f2-fa56-499b-8c0e-c37d58f180e6",
            "required": true,
            "type": "string"
        },
        {
            "displayLabel": "email",
            "name": "email",
            "oid": "6ab80de5-96c3-4a94-9a20-e794b19ed13a",
            "required": true,
            "type": "string"
        },
        {
            "displayLabel": "phoneNumber",
            "name": "phoneNumber",
            "oid": "b2b044bc-e703-4a58-ae0b-fd40b8d05132",
            "required": true,
            "type": "string"
        },
        {
            "displayLabel": "hireDate",
            "name": "hireDate",
            "oid": "3b69fae7-a553-4d63-8a71-d74f2d720e50",
            "required": true,
            "type": "date"
        },
        {
            "displayLabel": "job",
            "name": "job",
            "oid": "e375d3be-f020-4c66-8e47-15a0cbafffae",
            "required": true,
            "type": "number"
        },
        {
            "displayLabel": "salary",
            "name": "salary",
            "oid": "f9d0d21a-9a8c-40ef-bc43-9b9a4bc4d10f",
            "required": true,
            "scale": 1,
            "type": "number"
        },
        {
            "displayLabel": "commissionPct",
            "name": "commissionPct",
            "oid": "d583bacd-b7aa-4662-80d1-7b1a163dae3b",
            "required": false,
            "scale": 2,
            "type": "number"
        },
        {
            "displayLabel": "manager",
            "name": "manager",
            "oid": "f2effe71-60ab-477c-a835-f10f4683a749",
            "required": false,
            "type": "number"
        },
        {
            "displayLabel": "department",
            "name": "department",
            "oid": "393b6071-5fdc-470b-a475-d3157c342f4c",
            "required": true,
            "type": "number"
        }
    ],
    "hidden": false,
    "name": "Employee",
    "oid": "05dc6fe0-bcce-48bb-9fa1-eb5944be63f2"
}