{
    "displayLabel": "Location",
    "fields": [
        {
            "displayLabel": "Id",
            "key": true,
            "name": "id",
            "oid": "c9e3a915-0aaf-4371-8adb-3a386d4e5929",
            "required": true,
            "type": "number",
            "unique": true
        },
        {
            "displayLabel": "Created",
            "historyType": "timeCreated",
            "name": "creationDate",
            "oid": "141bc148-a81d-43ef-8d31-c6513671f9c3",
            "required": true,
            "type": "datetime"
        },
        {
            "displayLabel": "Last Updated",
            "historyType": "timeUpdated",
            "name": "lastUpdateDate",
            "oid": "c6e6a92e-3143-4ae4-960a-5e44e078e9e0",
            "required": true,
            "type": "datetime"
        },
        {
            "displayLabel": "Created By",
            "historyType": "createdBy",
            "name": "createdBy",
            "oid": "5fbe5373-26f2-4898-96f6-8df791423791",
            "required": true,
            "type": "string"
        },
        {
            "displayLabel": "Last Updated By",
            "historyType": "updatedBy",
            "name": "lastUpdatedBy",
            "oid": "37914ce7-b8b8-4b21-83ce-0e59335d21f7",
            "required": true,
            "type": "string"
        },
        {
            "displayLabel": "Version Number",
            "historyType": "versionNumber",
            "name": "versionNumber",
            "oid": "0fc5fbb8-a947-479a-ae05-1ec3a7342425",
            "type": "number"
        },
        {
            "displayLabel": "streetAddress",
            "name": "streetAddress",
            "oid": "959a9cc9-4f39-461d-ac4d-7d2c6b40bb9e",
            "required": true,
            "type": "string"
        },
        {
            "displayLabel": "postalCode",
            "name": "postalCode",
            "oid": "e81dfd2d-f6cb-4f90-b011-d3cf011e94b1",
            "required": false,
            "type": "string"
        },
        {
            "displayLabel": "stateProvince",
            "name": "stateProvince",
            "oid": "65668693-6625-46a4-8993-73a9daf5497f",
            "required": false,
            "type": "string"
        },
        {
            "displayLabel": "country",
            "name": "country",
            "oid": "345ac0d9-cac3-4c15-b760-d1c613b936bf",
            "required": true,
            "type": "number"
        },
        {
            "displayLabel": "city",
            "name": "city",
            "oid": "cc53b224-d611-4ef3-a55d-aed0a069af10",
            "required": true,
            "type": "string"
        }
    ],
    "hidden": false,
    "name": "Location",
    "oid": "aff9bb98-199f-48d2-9e63-aaf4369a2246"
}