{
  "title": "",
  "description": "",
  "variables": {
    "backgroundColor": {
      "type": "string",
      "defaultValue": "dark-ocean"
    },
    "illustrationBackground": {
      "type": "string",
      "defaultValue": "https://static.oracle.com/cdn/fnd/gallery/2307.0.2/images/illust-welcome-banner-bg-01.png"
    },
    "illustrationForeground": {
      "type": "string",
      "defaultValue": "https://static.oracle.com/cdn/fnd/gallery/2307.0.2/images/illust-welcome-banner-fg-01.png"
    },
    "imageStretch": {
      "type": "string",
      "defaultValue": "none"
    },
    "mobileImage": {
      "type": "string",
      "defaultValue": "on"
    },
    "objectProcessResultsListSDP": {
      "type": "vb/ServiceDataProvider",
      "defaultValue": {
        "endpoint": "sn_processResults/getall_objectProcessResults",
        "keyAttributes": "ObjectActionId",
        "itemsPath": "items",
        "responseType": "getallObjectProcessResultsResponse",
        "filterCriterion": {
          "op": "$and",
          "criteria": [
            {
              "op": "$eq",
              "attribute": "PersonId",
              "value": "{{ $variables.varPersonId }}"
            },
            {
              "op": "$co",
              "attribute": "TaskName",
              "value": "{{ $variables.varSearch2 }}"
            }
          ]
        },
        "uriParameters": {
          "orderBy": "ProcessDate:desc"
        }
      }
    },
    "publicWorkersListSDP": {
      "type": "vb/ServiceDataProvider",
      "defaultValue": {
        "endpoint": "sn_workers_1/getall_publicWorkers",
        "keyAttributes": "PersonId",
        "itemsPath": "items",
        "responseType": "getallPublicWorkersResponse",
        "filterCriterion": {
          "op": "$co",
          "attribute": "DisplayName",
          "value": "{{ $variables.varSearch }}"
        }
      }
    },
    "varObjectActionId": {
      "type": "number"
    },
    "varPerformPR": {
      "type": "do_performObjectAction_personProcessResults_type"
    },
    "varPersonId": {
      "type": "string"
    },
    "varSearch": {
      "type": "string",
      "defaultValue": "Mord"
    },
    "varSearch2": {
      "type": "string",
      "defaultValue": "Transfer"
    }

  },
  "metadata": {},
  "types": {
    "@decorators.do_performObjectAction_personProcessResults_type": {
      "endpoint": "do_performObjectAction_personProcessResults",
      "service": "sn_processResults",
      "path": "request"
    },
    "@decorators.getallObjectProcessResultsResponse": {
      "endpoint": "getall_objectProcessResults",
      "service": "sn_processResults",
      "path": "response"
    },
    "@decorators.getallPublicWorkersResponse": {
      "endpoint": "getall_publicWorkers",
      "service": "sn_workers_1",
      "path": "response"
    },
    "do_performObjectAction_personProcessResults_type": {
      "actionName": "string"
    },
    "getallObjectProcessResultsResponse": {
      "items": [
        {
          "ActionStatusCode": "string",
          "ActionStatusLookupType": "string",
          "ActionType": "string",
          "AssignmentId": "string",
          "BaseFlowId": "number",
          "FlowInstanceId": "number",
          "FlowName": "string",
          "LegislationCode": "string",
          "ObjectActionId": "number",
          "ObjectId": "number",
          "ObjectName": "string",
          "ObjectType": "string",
          "ObjectTypeCode": "string",
          "ObjectTypeId": "number",
          "Payroll": "string",
          "PayrollActionId": "number",
          "PayrollId": "number",
          "PayrollPeriodName": "string",
          "PersonId": "number",
          "PersonNumber": "string",
          "ProcessDate": "string",
          "RollbackAllowed": "string",
          "Status": "string",
          "TaskId": "number",
          "TaskInstanceId": "number",
          "TaskName": "string"
        }
      ]
    },
    "getallPublicWorkersResponse": {
      "items": [
        {
          "assignments": {
            "items": [
              {
                "AssignmentId": "number",
                "AssignmentName": "string",
                "AssignmentNumber": "string",
                "JobCode": "string",
                "JobName": "string",
                "PrimaryFlag": "boolean",
                "WorkerNumber": "string",
                "WorkerType": "string"
              }
            ]
          },
          "DisplayName": "string",
          "PersonId": "number",
          "PersonNumber": "string",
          "Username": "string",
          "WorkEmail": "string"
        }
      ]
    }

  },
  "eventListeners": {
    "buttonAction": {
      "chains": [
        {
          "chain": "ButtonActionChain_MARK"
        }
      ]
    },
    "buttonRollbackAction": {
      "chains": [
        {
          "chain": "ButtonActionChain"
        }
      ]
    },
    "tableFirstSelectedRow": {
      "chains": [
        {
          "chain": "TableFirstSelectedRowChangeChain",
          "parameters": {
            "rowKey": "{{$event.detail.value.key}}",
            "rowData": "{{$event.detail.value.data}}"
          }
        }
      ]
    },
    "tableFirstSelectedRow2": {
      "chains": [
        {
          "chain": "TableFirstSelectedRowChangeChain1",
          "parameters": {
            "rowKey": "{{$event.detail.value.key}}",
            "rowData": "{{$event.detail.value.data}}"
          }
        }
      ]
    }
  },
  "imports": {
    "components": {
      "oj-button": {
        "path": "ojs/ojbutton"
      },
      "oj-input-text": {
        "path": "ojs/ojinputtext"
      },
      "oj-sp-welcome-page": {
        "path": "oj-sp/welcome-page/loader"
      },
      "oj-table": {
        "path": "ojs/ojtable"
      },
      "oj-toolbar": {
        "path": "ojs/ojtoolbar"
      }
    }
  }
}
