{
  "title": "",
  "description": "",
  "variables": {
    "bidirectionalNavigation": {
      "type": "boolean",
      "defaultValue": true,
      "input": "fromCaller"
    },
    "candidates": {
      "type": "getCandidatesResponse"
    },
    "candidates2": {
      "type": "getCandidatesResponse2"
    },
    "displayMode": {
      "type": "string"
    },
    "inFlowBack": {
      "type": "boolean",
      "defaultValue": false,
      "input": "fromCaller"
    },
    "itemId": {
      "type": "string",
      "required": true,
      "input": "fromUrl",
      "defaultValue": "103",
      "onValueChanged": {
        "chains": [
          {
            "chain": "loadCandidatesChain",
            "parameters": {
              "candidatesId": "{{ $variables.itemId }}"
            }
          },
          {
            "chain": "loadCandidatesChain2",
            "parameters": {
              "candidatesId": "{{ $variables.itemId }}"
            }
          }
        ]
      }
    },
    "itemIndex": {
      "type": "number",
      "description": "Zero-based index referring to the current row in the collection",
      "input": "fromCaller",
      "onValueChanged": {
        "chains": [
          {
            "chainId": "fetchItemChain",
            "parameters": {
              "limit": "{{ $page.variables.itemIndex === 0 ? 2 : 3 }}",
              "offset": "{{ $page.variables.itemIndex > 0 ? ($page.variables.itemIndex - 1) : 0 }}"
            }
          }
        ]
      }
    },
    "nextItem": {
      "type": "any",
      "defaultValue": null
    },
    "overviewExpanded": {
      "type": "boolean",
      "defaultValue": false,
      "input": "fromCaller"
    },
    "parentPage": {
      "type": "string",
      "input": "fromCaller"
    },
    "parentUrlParams": {
      "type": "any",
      "input": "fromCaller"
    },
    "previousItem": {
      "type": "any",
      "defaultValue": null
    },
    "varOpenedDrawer": {
      "type": "boolean",
      "defaultValue": false
    }
  },
  "metadata": {},
  "types": {
    "@decorators.getCandidatesResponse": {
      "endpoint": "get_Candidates",
      "service": "businessObjects",
      "path": "response"
    },
    "@decorators.getCandidatesResponse2": {
      "endpoint": "get_Candidates",
      "service": "businessObjects",
      "path": "response"
    },
    "getCandidatesResponse": {
      "email": "string",
      "firstName": "string",
      "hireDate": "string",
      "id": "number",
      "lastName": "string",
      "phoneNumber": "string",
      "salaryOffered": "number"

    },
    "getCandidatesResponse2": {
      "email": "string",
      "firstName": "string",
      "hireDate": "string",
      "id": "number",
      "lastName": "string",
      "phoneNumber": "string",
      "salaryOffered": "number"

    }
  },
  "eventListeners": {
    "generalDrawerTemplateSpClose": {
      "chains": [
        {
          "chain": "GeneralDrawerTemplateSpCloseChain"
        }
      ]
    },
    "itemOverviewSpEdit": {
      "chains": [
        {
          "chain": "ItemOverviewSpEditChain"
        }
      ]
    },
    "itemOverviewSpSecondaryAction": {
      "chains": [
        {
          "chain": "ItemOverviewSpSecondaryActionChain1"
        },
        {
          "chain": "ItemOverviewSpSecondaryActionChain"
        }
      ]
    },
    "ojSpGoToParent": {
      "chains": [
        {
          "chain": "goToParentChain",
          "parameters": {
            "parentPage": "{{ $page.variables.parentPage }}"
          }
        }
      ]
    },
    "ojSpItemOverviewPageSpNext": {
      "chains": [
        {
          "chain": "goToNextItemChain",
          "parameters": {
            "event": "{{ $event }}"
          }
        }
      ]
    },
    "ojSpItemOverviewPageSpPrevious": {
      "chains": [
        {
          "chain": "goToPreviousItemChain",
          "parameters": {
            "event": "{{ $event }}"
          }
        }
      ]
    },
    "ojSpItemOverviewSpCollapse": {
      "chains": [
        {
          "chain": "expandOrCollapseOverviewChain",
          "parameters": {
            "expand": "false"
          }
        }
      ]
    },
    "ojSpItemOverviewSpExpand": {
      "chains": [
        {
          "chain": "expandOrCollapseOverviewChain",
          "parameters": {
            "expand": "true"
          }
        }
      ]
    },
    "vbEnter": {
      "chains": [
        {
          "chain": "ifItemIndexConfiguredChain",
          "parameters": {}
        },
        {
          "chain": "loadCandidatesChain",
          "parameters": {
            "candidatesId": "{{ $variables.itemId }}"
          }
        },
        {
          "chain": "loadCandidatesChain2",
          "parameters": {
            "candidatesId": "{{ $variables.itemId }}"
          }
        }
      ]
    }

  },
  "imports": {
    "components": {
      "oj-drawer-popup": {
        "path": "ojs/ojdrawerpopup"
      },
      "oj-dyn-form": {
        "path": "oj-dyn/form/loader"
      },
      "oj-dynamic-form": {
        "path": "oj-dynamic/form/loader"
      },
      "oj-form-layout": {
        "path": "ojs/ojformlayout"
      },
      "oj-input-date": {
        "path": "ojs/ojdatetimepicker"
      },
      "oj-input-number": {
        "path": "ojs/ojinputnumber"
      },
      "oj-input-text": {
        "path": "ojs/ojinputtext"
      },
      "oj-sp-general-drawer-template": {
        "path": "oj-sp/general-drawer-template/loader"
      },
      "oj-sp-item-overview": {
        "path": "oj-sp/item-overview/loader"
      },
      "oj-sp-item-overview-page": {
        "path": "oj-sp/item-overview-page/loader"
      },
      "oj-sp-profile-card": {
        "path": "oj-sp/profile-card/loader"
      }

    }
  }
}
