id,creationDate,lastUpdateDate,createdBy,lastUpdatedBy,vendorName,vendorNumber,vendorAddressCode,invoiceDate,distributionSet,netAmount,qualifica,invoiceDescription,dateInvoiceCreated,dateInvoiceAttachment,dateInvoiceMailed,dateInvoiceFtp,batchId,oICInstanceId,fileName,userLoad,status,statusMessage,invoiceId,invoiceNumber,buId,buName,lineNumber,comissionType
267,2024-11-19T16:23:34,2024-11-19T17:11:51,juanje,juanje,ABC Consulting,1288,ABC US1,2024-07-01,PARTNER OTHER,300.3,,Unittest ZZZ with attachment,2024-11-19T16:29:09+00:00,,,,2024_11_19_17_23_31,WyNF66aZEe-j87HjfPAikQ,PartnerAP_01_2025_1_lin_demo.csv,juanje,P1-ERROR,"---400-<![CDATA[This invoice number already exists. You must provide a unique invoice number. (AP-810776).A 400 Bad Request Error indicates that the target service is unable (or refuses) to process the request sent by the client (Oracle Integration Cloud), due to an issue that is perceived by the server to be a client problem. You can trace the cURL representation of the request sent to the target service from the Oracle Integration Cloud server logs. Try invoking the target service using cURL. It may also be that one of the intermediaries (proxy, LBR) could be returning this code.  ]]>-<![CDATA[InboundJaxrsResponse{context=ClientResponse{method=POST, uri=https://eqjz.ds-fa.oraclepdemos.com:443/fscmRestApi/resources/11.13.18.05/invoices, status=400, reason=Bad Request}}]]>",300000294682760,2024_11_19_17_23_31_1,,US1 Business Unit,,
268,2024-11-19T17:21:04,2024-11-19T17:21:25,juanje,juanje,ABC Consulting,1288,ABC US1,2024-07-01,PARTNER OTHER,300.3,,Unittest ZZZ with attachment,2024-11-19T17:21:20.001+00:00,,,,2024_11_19_18_20_52,r6_oWaaaEe-lrUWbLd2dxw,PartnerAP_01_2025_1_lin_demo.csv,juanje,P1-OK,,300000294682764,2024_11_19_18_20_52_1,,US1 Business Unit,,
269,2024-11-20T08:10:13,2024-11-20T08:10:13.011,juanje,juanje,ABC Consulting,1288,ABC US1,2024-07-01,PARTNER OTHER,300.3,,Unittest ZZZ with attachment,,,,,2024_11_20_09_10_09,,PartnerAP_01_2025_1_lin_demo.csv,juanje,NEW,,,,,,,
270,2024-11-20T08:16:11,2024-11-20T08:16:11.006,juanje,juanje,ABC Consulting,1288,ABC US1,2024-07-01,PARTNER OTHER,300.3,,Unittest ZZZ with attachment,,,,,2024_11_20_09_16_00,,PartnerAP_01_2025_1_lin_demo.csv,juanje,NEW,,,,,,,
271,2024-11-23T09:07:16,2024-11-23T09:07:16.012,juanje,juanje,ABC Consulting,1288,ABC US1,2024-07-01,PARTNER OTHER,300.3,,Unittest ZZZ with attachment,,,,,2024_11_23_10_07_12,,PartnerAP_01_2025_1_lin_demo.csv,juanje,NEW,,,,,,,
272,2024-11-23T09:19:42,2024-11-23T09:19:42.004,juanje,juanje,ABC Consulting,1288,ABC US1,2024-07-01,PARTNER OTHER,300.3,,Unittest ZZZ with attachment,,,,,2024_11_23_10_18_13,,PartnerAP_01_2025_1_lin_demo.csv,juanje,NEW,,,,,,,
273,2024-11-23T09:20:01,2024-11-23T09:20:01.005,juanje,juanje,ABC Consulting,1288,ABC US1,2024-07-01,PARTNER OTHER,300.3,,Unittest ZZZ with attachment,,,,,2024_11_23_10_19_57,,PartnerAP_01_2025_1_lin_demo.csv,juanje,NEW,,,,,,,
274,2024-11-23T09:29:50,2024-11-23T09:29:50.003,juanje,juanje,ABC Consulting,1288,ABC US1,2024-07-01,PARTNER OTHER,300.3,,Unittest ZZZ with attachment,,,,,2024_11_23_10_29_48,,PartnerAP_01_2025_1_lin_demo.csv,juanje,NEW,,,,,,,
275,2024-11-23T09:30:39,2024-11-23T09:30:39.003,juanje,juanje,ABC Consulting,1288,ABC US1,2024-07-01,PARTNER OTHER,300.3,,Unittest ZZZ with attachment,,,,,2024_11_23_10_30_35,,PartnerAP_01_2025_1_lin_demo.csv,juanje,NEW,,,,,,,
276,2024-11-23T09:37:15,2024-11-23T09:37:15.003,juanje,juanje,ABC Consulting,1288,ABC US1,2024-07-01,PARTNER OTHER,300.3,,Unittest ZZZ with attachment,,,,,2024_11_23_10_37_12,,PartnerAP_01_2025_1_lin_demo.csv,juanje,NEW,,,,,,,
277,2024-11-23T09:46:09,2024-11-23T09:49:42,juanje,juanje,ABC Consulting,1288,ABC US1,2024-07-01,PARTNER OTHER,300.3,,Unittest ZZZ with attachment,2024-11-23T09:49:29.001+00:00,,,,2024_11_23_10_46_05,OeoptqmAEe-j87HjfPAikQ,PartnerAP_01_2025_1_lin_demo.csv,juanje,P1-OK,,300000294442697,1288_2024_11_23_10_46_05,,US1 Business Unit,,
278,2024-11-23T09:49:46,2024-11-23T09:49:59,juanje,juanje,ABC Consulting,1288,ABC US1,2024-07-01,PARTNER OTHER,300.3,,Unittest ZZZ with attachment,2024-11-23T09:49:54.001+00:00,,,,2024_11_23_10_49_44,SdivSqmAEe-j87HjfPAikQ,PartnerAP_01_2025_1_lin_demo.csv,juanje,P1-OK,,300000294454658,1288_2024_11_23_10_49_44,,US1 Business Unit,,
279,2025-02-16T09:48:43,2025-02-16T09:48:43.008,juanje,juanje,ABC Consulting,1288,ABC US1,2024-07-01,PARTNER OTHER,300.3,,Unittest ZZZ with attachment,,,,,2025_02_16_10_48_39,,21_PartnerAP_01_2025_1_lin_demo.csv,juanje,NEW,,,,,,,
