{
  "description": "",
  "root": "callRestGetJJMRDOWNLOADFILE1",
  "actions": {
    "fireNotification": {
      "module": "vb/action/builtin/fireNotificationEventAction",
      "parameters": {
        "target": "leaf",
        "summary": "[[ $chain.results.callRestGetJJMRDOWNLOADFILE1.message.summary ]]",
        "type": "error",
        "displayMode": "persist"
      }
    },
    "callRestGetJJMRDOWNLOADFILE1": {
      "module": "vb/action/builtin/restAction",
      "parameters": {
        "endpoint": "demo_download/get_download",
        "uriParams": {
          "directory": "{{ $page.variables.x_dir }}",
          "file_name": "{{ $page.variables.x_file }}"
        },
        "responseBodyFormat": "base64Url"
      },
      "outcomes": {
        "failure": "fireNotification",
        "success": "callFunctionDownload"
      }
    },
    "callFunctionDownload": {
      "module": "vb/action/builtin/callModuleFunctionAction",
      "parameters": {
        "module": "[[ $functions ]]",
        "functionName": "download",
        "params": [
          "{{ $page.variables.x_file }}",
          "{{ $chain.results.callRestGetJJMRDOWNLOADFILE1.body }}"
        ]
      }
    }
  },
  "variables": {}
}