{
  "title": "",
  "description": "",
  "variables": {
    "backgroundColor": {
      "type": "string",
      "defaultValue": "dark-ocean"
    },
    "illustrationBackground": {
      "type": "string",
      "defaultValue": "https://static.oracle.com/cdn/fnd/gallery/2307.0.2/images/illust-welcome-banner-bg-01.png"
    },
    "illustrationForeground": {
      "type": "string",
      "defaultValue": "https://static.oracle.com/cdn/fnd/gallery/2307.0.2/images/illust-welcome-banner-fg-01.png"
    },
    "imageStretch": {
      "type": "string",
      "defaultValue": "none"
    },
    "mobileImage": {
      "type": "string",
      "defaultValue": "on"
    },
    "oj_table_1896815765_1SelectedId": {
      "type": "string",
      "defaultValue": ""
    },
    "transferOrderLinesListSDP": {
      "type": "vb/ServiceDataProvider",
      "defaultValue": {
        "endpoint": "serv_transferOrders/getall_transferOrders-transferOrderLines",
        "keyAttributes": "LineId",
        "itemsPath": "items",
        "responseType": "getallTransferOrdersTransferOrderLinesResponse",
        "uriParameters": {
          "transferOrders_Id": "{{ $variables.varHeaderId }}"
        }
      }
    },
    "transferOrdersListSDP": {
      "type": "vb/ServiceDataProvider",
      "defaultValue": {
        "endpoint": "serv_transferOrders/getall_transferOrders",
        "keyAttributes": "HeaderId",
        "itemsPath": "items",
        "responseType": "getallTransferOrdersResponse",
        "filterCriterion": {
          "op": "$or",
          "criteria": [
            {
              "op": "$co",
              "attribute": "BusinessUnitName",
              "value": "{{ $application.variables.varSearchGlobal }}"
            },
            {
              "op": "$co",
              "attribute": "HeaderNumber",
              "value": "{{ $application.variables.varSearchGlobal }}"
            }
          ]
        }
      }
    },
    "varHeaderId": {
      "type": "number"
    },
    "varLineId": {
      "type": "number"
    },
    "varSearch": {
      "type": "string"
    }

  },
  "metadata": {},
  "types": {
    "@decorators.getallTransferOrdersResponse": {
      "endpoint": "getall_transferOrders",
      "service": "serv_transferOrders",
      "path": "response"
    },
    "@decorators.getallTransferOrdersTransferOrderLinesResponse": {
      "endpoint": "getall_transferOrders-transferOrderLines",
      "service": "serv_transferOrders",
      "path": "response"
    },
    "getallTransferOrdersResponse": {
      "items": [
        {
          "BusinessUnitName": "string",
          "Description": "string",
          "HeaderId": "number",
          "HeaderNumber": "string",
          "OrderedDate": "string",
          "RequisitionBUId": "number",
          "Status": "string",
          "TotalPrice": "number",
          "TotalTransferPrice": "number"
        }
      ]
    },
    "getallTransferOrdersTransferOrderLinesResponse": {
      "items": [
        {
          "Comments": "string",
          "DestinationLocationCode": "string",
          "DestinationLocationName": "string",
          "DestinationOrganizationCode": "string",
          "DestinationOrganizationName": "string",
          "DestinationSubinventoryCode": "string",
          "DestinationType": "string",
          "DisplayLineNumber": "string",
          "HeaderId": "number",
          "HeaderNumber": "string",
          "ItemNumber": "string",
          "LineId": "number",
          "LineNumber": "number",
          "SourceOrganizationCode": "string",
          "SourceOrganizationName": "string",
          "SourceSubinventoryCode": "string",
          "StatusLookup": "string"

        }
      ]
    }
  },
  "eventListeners": {

    "ojSpWp1SpPrimaryAction": {
      "chains": [
        {
          "chain": "WelcomePageTemplateSpPrimaryActionChain"
        }
      ]
    },
    "tableFirstSelectedRow": {
      "chains": [
        {
          "chain": "TableFirstSelectedRowChangeChain",
          "parameters": {
            "rowKey": "{{$event.detail.value.key}}",
            "rowData": "{{$event.detail.value.data}}"
          }
        }
      ]
    },
    "tableFirstSelectedRow2": {
      "chains": [
{
          "chain": "TableFirstSelectedRowChangeChain1",
          "parameters": {
            "rowKey": "{{$event.detail.value.key}}",
            "rowData": "{{$event.detail.value.data}}"
          }
        },
        {
          "chain": "ojTable18968157651ChangeSelectionChain",
          "parameters": {
            "transferOrdersTransferOrderLinesId": "[[ $event.detail.value.key || '' ]]"
          }
        }
      ]
    }

  },
  "imports": {
    "components": {

      "oj-input-search": {
        "path": "ojs/ojinputsearch"
      },
      "oj-sp-welcome-page": {
        "path": "oj-sp/welcome-page/loader"
      },
      "oj-table": {
        "path": "ojs/ojtable"
      },
      "oj-toolbar": {
        "path": "ojs/ojtoolbar"
      }
    }
  }
}
