{
    "displayLabel": "EmployeeSkill",
    "fields": [
        {
            "displayLabel": "Id",
            "key": true,
            "name": "id",
            "oid": "a3861510-43e6-4418-a347-df148bf7bfeb",
            "required": true,
            "type": "number",
            "unique": true
        },
        {
            "displayLabel": "Created",
            "historyType": "timeCreated",
            "name": "creationDate",
            "oid": "6979059e-3a86-4178-be10-231cefdb5b99",
            "required": true,
            "type": "datetime"
        },
        {
            "displayLabel": "Last Updated",
            "historyType": "timeUpdated",
            "name": "lastUpdateDate",
            "oid": "5f542d59-c0db-4f6d-9bc6-3bc28723b69e",
            "required": true,
            "type": "datetime"
        },
        {
            "displayLabel": "Created By",
            "historyType": "createdBy",
            "name": "createdBy",
            "oid": "ffe8e17c-e74a-4208-886b-cc7264ec726a",
            "required": true,
            "type": "string"
        },
        {
            "displayLabel": "Last Updated By",
            "historyType": "updatedBy",
            "name": "lastUpdatedBy",
            "oid": "17f8ffd1-61f9-4c49-94c1-612cefb8df44",
            "required": true,
            "type": "string"
        },
        {
            "displayLabel": "Version Number",
            "historyType": "versionNumber",
            "name": "versionNumber",
            "oid": "742f0941-4b2c-42ee-aaaf-19682b9b487e",
            "type": "number"
        },
        {
            "displayLabel": "skill",
            "name": "skill",
            "oid": "5ccce69d-824e-40e8-a672-54705ca06528",
            "required": true,
            "type": "number"
        },
        {
            "displayLabel": "employee",
            "name": "employee",
            "oid": "a8474ae6-27d6-45e5-ab8c-8f9a95f903f8",
            "required": true,
            "type": "number"
        }
    ],
    "hidden": false,
    "name": "EmployeeSkill",
    "oid": "688e2928-e6ef-4145-a7d8-ed183f49a82a"
}