{
  "root": "callFunctionGetBatchId",
  "actions": {
    "callFunctionGetBatchId": {
      "module": "vb/action/builtin/callModuleFunctionAction",
      "parameters": {
        "module": "[[ $functions ]]",
        "functionName": "getBatchId"
      },
      "outcomes": {
        "success": "assignVariablesXBatchId"
      }
    },
    "assignVariablesXBatchId": {
      "module": "vb/action/builtin/assignVariablesAction",
      "parameters": {
        "$page.variables.xBatchId": {
          "source": "{{ $chain.results.callFunctionGetBatchId }}"
        },
        "$application.variables.xBatchIdGlobal": {
          "source": "{{ $chain.results.callFunctionGetBatchId }}"
        }
      }
    }
  }
}