{
  "description": "Before Step Navigation Action Chain",
  "root": "ifValid",
  "actions": {
    "ifValid": {
      "module": "vb/action/builtin/ifAction",
      "parameters": {
        "condition": "[[ $page.variables.valid !== 'valid']]"
      },
      "label": "Validity Check",
      "outcomes": {
        "true": "callValidityChain",
        "false": "if"
      }
    },
    "callValidityChain": {
      "module": "vb/action/builtin/callChainAction",
      "parameters": {
        "id": "validateActionChain"
      }
    },
    "callNextStepChain": {
      "module": "vb/action/builtin/callChainAction",
      "parameters": {
        "id": "gotoNextStepActionChain",
        "params": {
          "event": "{{ $variables.event }}"
        }
      },
      "label": "Next Step"
    },
    "if": {
      "module": "vb/action/builtin/ifAction",
      "parameters": {
        "condition": "[[ $page.variables.currentStep === '1' &&  !($page.variables.Filelist.name) ]]"
      },
      "outcomes": {
        "true": "fn2",
        "false": "callNextStepChain"
      }
    },
    "fn2": {
      "module": "vb/action/builtin/fireNotificationEventAction",
      "parameters": {
        "target": "leaf",
        "summary": "Info.",
        "message": "Select a file to go on with the flow or Cancel",
        "displayMode": "transient",
        "type": "info"
      }
    }
  },
  "variables": {
    "event": {
      "type": "object",
      "required": true,
      "input": "fromCaller"
    }
  }
}