{
    "roleMapping": {
        "idcsHostUrl": "https://idcs-9992d34bae5f4e4190d9be6618711a39.identity.oraclecloud.com:443",
        "roles": {
            "ABC_AR_TRX_DFF_VB_MANAGER": {
                "base_configuration": {
                    "users": [ ],
                    "groups": [ ]
                }
            },
            "ABC_AR_TRX_DFF_VB_USER": {
                "base_configuration": {
                    "users": [ ],
                    "groups": [ ]
                }
            }
        }
    }
}