id,creationDate,lastUpdateDate,createdBy,lastUpdatedBy,skill,employee
1,2020-02-04T11:47:52,2020-02-04T11:47:52.012,jane.smith@example.com,jane.smith@example.com,6.0,179.0
2,2020-02-04T11:48:32,2020-02-04T11:48:32.005,jane.smith@example.com,jane.smith@example.com,1.0,100.0
3,2020-02-04T11:48:44,2020-02-04T11:48:44.005,jane.smith@example.com,jane.smith@example.com,4.0,101.0
4,2020-02-04T11:48:54,2020-02-04T11:48:54.005,jane.smith@example.com,jane.smith@example.com,6.0,104.0
5,2020-02-04T11:49:09,2020-02-04T11:49:09.005,jane.smith@example.com,jane.smith@example.com,8.0,104.0
6,2020-02-04T12:01:30,2020-02-04T12:01:30.008,jane.smith@example.com,jane.smith@example.com,7.0,102.0
7,2020-02-04T12:01:40,2020-02-04T12:01:40.011,jane.smith@example.com,jane.smith@example.com,3.0,103.0
8,2020-02-04T12:01:59,2020-02-04T12:01:59.004,jane.smith@example.com,jane.smith@example.com,2.0,108.0
9,2020-02-04T12:02:12,2020-02-04T12:02:12.004,jane.smith@example.com,jane.smith@example.com,1.0,108.0
10,2020-02-04T12:02:12,2020-02-04T12:02:12.004,jane.smith@example.com,jane.smith@example.com,5.0,100.0
11,2020-02-04T12:02:12,2020-02-04T12:02:12.004,jane.smith@example.com,jane.smith@example.com,5.0,101.0
12,2020-02-04T12:02:12,2020-02-04T12:02:12.004,jane.smith@example.com,jane.smith@example.com,5.0,102.0
13,2020-02-04T12:02:12,2020-02-04T12:02:12.004,jane.smith@example.com,jane.smith@example.com,2.0,103.0
14,2020-02-04T12:02:12,2020-02-04T12:02:12.004,jane.smith@example.com,jane.smith@example.com,3.0,104.0
15,2020-02-04T12:02:12,2020-02-04T12:02:12.004,jane.smith@example.com,jane.smith@example.com,4.0,105.0
16,2020-02-04T12:02:12,2020-02-04T12:02:12.004,jane.smith@example.com,jane.smith@example.com,4.0,104.0
17,2020-02-04T12:02:12,2020-02-04T12:02:12.004,jane.smith@example.com,jane.smith@example.com,3.0,105.0
18,2020-02-04T12:02:12,2020-02-04T12:02:12.004,jane.smith@example.com,jane.smith@example.com,2.0,106.0
19,2020-02-04T12:02:12,2020-02-04T12:02:12.004,jane.smith@example.com,jane.smith@example.com,3.0,106.0
20,2020-02-04T12:02:12,2020-02-04T12:02:12.004,jane.smith@example.com,jane.smith@example.com,2.0,107.0
21,2020-02-04T12:02:12,2020-02-04T12:02:12.004,jane.smith@example.com,jane.smith@example.com,3.0,107.0
22,2020-02-04T12:02:12,2020-02-04T12:02:12.004,jane.smith@example.com,jane.smith@example.com,4.0,107.0
23,2020-02-04T12:02:12,2020-02-04T12:02:12.004,jane.smith@example.com,jane.smith@example.com,6.0,108.0
24,2020-02-04T12:02:12,2020-02-04T12:02:12.004,jane.smith@example.com,jane.smith@example.com,6.0,109.0
25,2020-02-04T12:02:12,2020-02-04T12:02:12.004,jane.smith@example.com,jane.smith@example.com,6.0,110.0
26,2020-02-04T12:02:12,2020-02-04T12:02:12.004,jane.smith@example.com,jane.smith@example.com,6.0,111.0
27,2020-02-04T12:02:12,2020-02-04T12:02:12.004,jane.smith@example.com,jane.smith@example.com,6.0,112.0
28,2020-02-04T12:02:12,2020-02-04T12:02:12.004,jane.smith@example.com,jane.smith@example.com,6.0,113.0
29,2020-02-04T12:02:12,2020-02-04T12:02:12.004,jane.smith@example.com,jane.smith@example.com,5.0,114.0
30,2020-02-04T12:02:12,2020-02-04T12:02:12.004,jane.smith@example.com,jane.smith@example.com,8.0,145.0
31,2020-02-04T12:02:12,2020-02-04T12:02:12.004,jane.smith@example.com,jane.smith@example.com,8.0,146.0
32,2020-02-04T12:02:12,2020-02-04T12:02:12.004,jane.smith@example.com,jane.smith@example.com,8.0,147.0
33,2020-02-04T12:02:12,2020-02-04T12:02:12.004,jane.smith@example.com,jane.smith@example.com,8.0,148.0
34,2020-02-04T12:02:12,2020-02-04T12:02:12.004,jane.smith@example.com,jane.smith@example.com,8.0,149.0
35,2020-02-04T12:02:12,2020-02-04T12:02:12.004,jane.smith@example.com,jane.smith@example.com,8.0,150.0
36,2020-02-04T12:02:12,2020-02-04T12:02:12.004,jane.smith@example.com,jane.smith@example.com,8.0,151.0
37,2020-02-04T12:02:12,2020-02-04T12:02:12.004,jane.smith@example.com,jane.smith@example.com,8.0,152.0
38,2020-02-04T12:02:12,2020-02-04T12:02:12.004,jane.smith@example.com,jane.smith@example.com,8.0,153.0
39,2020-02-04T12:02:12,2020-02-04T12:02:12.004,jane.smith@example.com,jane.smith@example.com,8.0,154.0
40,2020-02-04T12:02:12,2020-02-04T12:02:12.004,jane.smith@example.com,jane.smith@example.com,8.0,155.0
41,2020-02-04T12:02:12,2020-02-04T12:02:12.004,jane.smith@example.com,jane.smith@example.com,8.0,156.0
42,2020-02-04T12:02:12,2020-02-04T12:02:12.004,jane.smith@example.com,jane.smith@example.com,8.0,157.0
43,2020-02-04T12:02:12,2020-02-04T12:02:12.004,jane.smith@example.com,jane.smith@example.com,8.0,158.0
44,2020-02-04T12:02:12,2020-02-04T12:02:12.004,jane.smith@example.com,jane.smith@example.com,8.0,159.0
45,2020-02-04T12:02:12,2020-02-04T12:02:12.004,jane.smith@example.com,jane.smith@example.com,8.0,160.0
46,2020-02-04T12:02:12,2020-02-04T12:02:12.004,jane.smith@example.com,jane.smith@example.com,8.0,161.0
47,2020-02-04T12:02:12,2020-02-04T12:02:12.004,jane.smith@example.com,jane.smith@example.com,8.0,162.0
48,2020-02-04T12:02:12,2020-02-04T12:02:12.004,jane.smith@example.com,jane.smith@example.com,8.0,163.0
49,2020-02-04T12:02:12,2020-02-04T12:02:12.004,jane.smith@example.com,jane.smith@example.com,8.0,164.0
50,2020-02-04T12:02:12,2020-02-04T12:02:12.004,jane.smith@example.com,jane.smith@example.com,8.0,165.0
51,2020-02-04T12:02:12,2020-02-04T12:02:12.004,jane.smith@example.com,jane.smith@example.com,8.0,166.0
52,2020-02-04T12:02:12,2020-02-04T12:02:12.004,jane.smith@example.com,jane.smith@example.com,8.0,167.0
53,2020-02-04T12:02:12,2020-02-04T12:02:12.004,jane.smith@example.com,jane.smith@example.com,8.0,168.0
54,2020-02-04T12:02:12,2020-02-04T12:02:12.004,jane.smith@example.com,jane.smith@example.com,8.0,169.0
55,2020-02-04T12:02:12,2020-02-04T12:02:12.004,jane.smith@example.com,jane.smith@example.com,8.0,170.0
56,2020-02-04T12:02:12,2020-02-04T12:02:12.004,jane.smith@example.com,jane.smith@example.com,8.0,171.0
57,2020-02-04T12:02:12,2020-02-04T12:02:12.004,jane.smith@example.com,jane.smith@example.com,8.0,172.0
58,2020-02-04T12:02:12,2020-02-04T12:02:12.004,jane.smith@example.com,jane.smith@example.com,8.0,173.0
59,2020-02-04T12:02:12,2020-02-04T12:02:12.004,jane.smith@example.com,jane.smith@example.com,8.0,174.0
60,2020-02-04T12:02:12,2020-02-04T12:02:12.004,jane.smith@example.com,jane.smith@example.com,8.0,175.0
61,2020-02-04T12:02:12,2020-02-04T12:02:12.004,jane.smith@example.com,jane.smith@example.com,8.0,176.0
62,2020-02-04T12:02:12,2020-02-04T12:02:12.004,jane.smith@example.com,jane.smith@example.com,8.0,177.0
63,2020-02-04T12:02:12,2020-02-04T12:02:12.004,jane.smith@example.com,jane.smith@example.com,8.0,178.0
64,2020-02-04T12:02:12,2020-02-04T12:02:12.004,jane.smith@example.com,jane.smith@example.com,8.0,179.0
65,2020-02-04T12:02:12,2020-02-04T12:02:12.004,jane.smith@example.com,jane.smith@example.com,5.0,201.0
66,2020-02-04T12:02:12,2020-02-04T12:02:12.004,jane.smith@example.com,jane.smith@example.com,7.0,203.0
67,2020-02-04T12:02:12,2020-02-04T12:02:12.004,jane.smith@example.com,jane.smith@example.com,6.0,205.0
68,2020-02-04T12:02:12,2020-02-04T12:02:12.004,jane.smith@example.com,jane.smith@example.com,5.0,205.0
69,2020-02-04T12:02:12,2020-02-04T12:02:12.004,jane.smith@example.com,jane.smith@example.com,6.0,206.0
