{
    "displayLabel": "Employee",
    "fields": [
        {
            "displayLabel": "Id",
            "key": true,
            "name": "id",
            "oid": "5b797aa5-6c35-44d3-95c1-ab3cb0c96806",
            "required": true,
            "type": "number",
            "unique": true
        },
        {
            "displayLabel": "Created",
            "historyType": "timeCreated",
            "name": "creationDate",
            "oid": "baebc132-8c95-4a13-b5b6-dfedbd7db29a",
            "required": true,
            "type": "datetime"
        },
        {
            "displayLabel": "Last Updated",
            "historyType": "timeUpdated",
            "name": "lastUpdateDate",
            "oid": "420d1cd8-67ae-4e9b-905c-cccfccbcf51c",
            "required": true,
            "type": "datetime"
        },
        {
            "displayLabel": "Created By",
            "historyType": "createdBy",
            "name": "createdBy",
            "oid": "8f7c2742-6f38-47b6-a361-1e406a5edf4a",
            "required": true,
            "type": "string"
        },
        {
            "displayLabel": "Last Updated By",
            "historyType": "updatedBy",
            "name": "lastUpdatedBy",
            "oid": "fdcc779c-d645-4f2f-ad93-044c16685ac2",
            "required": true,
            "type": "string"
        },
        {
            "displayLabel": "Version Number",
            "historyType": "versionNumber",
            "name": "versionNumber",
            "oid": "5e830158-a519-4fb5-9775-19d06bebbf65",
            "type": "number"
        },
        {
            "displayLabel": "firstName",
            "name": "firstName",
            "oid": "301a46a8-88f9-4543-964e-20b4f9a37ee4",
            "required": true,
            "type": "string"
        },
        {
            "displayLabel": "lastName",
            "name": "lastName",
            "oid": "986d3fc5-1504-4b9f-8cfc-b8cabb8af304",
            "required": true,
            "type": "string"
        },
        {
            "displayLabel": "email",
            "name": "email",
            "oid": "2016b3ad-2354-4eac-82f0-1f1448849fa1",
            "required": true,
            "type": "string"
        },
        {
            "displayLabel": "phoneNumber",
            "name": "phoneNumber",
            "oid": "bf93a1ad-2404-460b-9dfb-6be7dd6aebc1",
            "required": true,
            "type": "string"
        },
        {
            "displayLabel": "hireDate",
            "name": "hireDate",
            "oid": "f785eddc-8b5c-4078-9a89-3c0e1a80d044",
            "required": true,
            "type": "date"
        },
        {
            "displayLabel": "job",
            "name": "job",
            "oid": "2cd5a2bb-ce5b-48f9-8ecf-191469114f86",
            "required": true,
            "type": "number"
        },
        {
            "displayLabel": "salary",
            "name": "salary",
            "oid": "16f94962-3511-4fd8-831d-1e483a899ad9",
            "required": true,
            "scale": 1,
            "type": "number"
        },
        {
            "displayLabel": "commissionPct",
            "name": "commissionPct",
            "oid": "3aa49bd1-da29-45d0-8b75-1979681f1dc6",
            "required": false,
            "scale": 2,
            "type": "number"
        },
        {
            "displayLabel": "manager",
            "name": "manager",
            "oid": "0e511fec-cdfd-4f56-9469-8dfa25cd93ab",
            "required": false,
            "type": "number"
        },
        {
            "displayLabel": "department",
            "name": "department",
            "oid": "6d68d9bb-a5be-46f0-a93e-d1658ad7ba85",
            "required": true,
            "type": "number"
        }
    ],
    "hidden": false,
    "name": "Employee",
    "oid": "414733b3-fd5e-4138-b510-6aabfd8b26e3",
    "relationships": [
        {
            "name": "departmentObject",
            "reverseRelationship": "employeeCollection",
            "targetEntity": "Department",
            "type": "outgoing",
            "exposeAccessor": true,
            "mappingField": "department",
            "deleteRule": "restrict"
        }
    ]
}