{
  "title": "",
  "description": "",
  "variables": {
    "avatar": {
      "type": {
        "initials": "string",
        "src": "string"
      },
      "defaultValue": {
        "initials": "",
        "src": ""
      }
    },
    "contextualInfoLabelVisible": {
      "type": "boolean",
      "defaultValue": false
    },
    "contextualInfoSticky": {
      "type": "boolean",
      "defaultValue": false
    },
    "dirtyDataFlag": {
      "type": "boolean",
      "defaultValue": false
    },
    "dirtyDialogOpen": {
      "type": "boolean",
      "defaultValue": false
    },
    "displayMode": {
      "type": "string"
    },
    "fetchedTransferOrdersTransferOrderLines": {
      "type": "getTransferOrdersTransferOrderLinesResponse"
    },
    "formState": {
      "type": "string",
      "defaultValue": ""
    },
    "goToParentOption": {
      "type": "boolean",
      "defaultValue": false
    },
    "inventoryOrganizationsLOVListSDP": {
      "type": "vb/ServiceDataProvider",
      "defaultValue": {
        "endpoint": "sn_org_invent_lov/getall_inventoryOrganizationsLOV",
        "keyAttributes": "OrganizationId",
        "itemsPath": "items",
        "responseType": "getallInventoryOrganizationsLOVResponse",
        "uriParameters": {
          "orderBy": "OrganizationName"
        },
        "transformsContext": {
          "vb-textFilterAttributes": [
            "OrganizationName"
          ]
        }
      }
    },
    "isSaved": {
      "type": "boolean",
      "defaultValue": false
    },
    "objectId": {
      "type": "string",
      "defaultValue": ""
    },
    "pHeaderId": {
      "type": "number",
      "input": "fromCaller",
      "required": true,
      "onValueChanged": {
        "chains": [
          {
            "chain": "loadTransferOrdersTransferOrderLinesChain",
            "parameters": {
              "transferOrdersId": "{{ $variables.pHeaderId }}",
              "transferOrdersTransferOrderLinesId": "{{ $variables.pLineId }}"
            }
          }
        ]
      }
    },
    "pLineId": {
      "type": "number",
      "input": "fromCaller",
      "required": true,
      "onValueChanged": {
        "chains": [
          {
            "chain": "loadTransferOrdersTransferOrderLinesChain",
            "parameters": {
              "transferOrdersId": "{{ $variables.pHeaderId }}",
              "transferOrdersTransferOrderLinesId": "{{ $variables.pLineId }}"
            }
          }
        ]
      }
    },
    "primaryAlwaysOn": {
      "type": "boolean",
      "defaultValue": true
    },
    "saveOption": {
      "type": "string",
      "defaultValue": "off"
    },
    "transferOrdersTransferOrderLines": {
      "type": "updateTransferOrdersTransferOrderLinesRequest"
    },
    "transferOrdersTransferOrderLinesEditFormStatus": {
      "type": "string",
      "defaultValue": "pending"
    },
    "transferOrdersTransferOrderLinesETag": {
      "type": "string"
    },
    "varSourceInvOrgId": {
      "type": "number"
    }
  },
  "metadata": {},
  "types": {
    "@decorators.getallInventoryOrganizationsLOVResponse": {
      "endpoint": "getall_inventoryOrganizationsLOV",
      "service": "sn_org_invent_lov",
      "path": "response"
    },
    "@decorators.getTransferOrdersTransferOrderLinesResponse": {
      "endpoint": "get_transferOrders-transferOrderLines",
      "service": "serv_transferOrders",
      "path": "response"
    },
    "@decorators.updateTransferOrdersTransferOrderLinesRequest": {
      "endpoint": "update_transferOrders-transferOrderLines",
      "service": "serv_transferOrders",
      "path": "request"
    },
    "getallInventoryOrganizationsLOVResponse": {
      "items": [
        {
          "OrganizationCode": "string",
          "OrganizationId": "number",
          "OrganizationName": "string"
        }
      ]
    },
    "getTransferOrdersTransferOrderLinesResponse": {
      "Comments": "string",
      "SourceOrganizationId": "number"
    },
    "updateTransferOrdersTransferOrderLinesRequest": {
      "Comments": "string",
      "SourceOrganizationId": "number"
    }

  },
  "eventListeners": {
    "confirmNoOjAction": {
      "chains": [
        {
          "chain": "dialogResponseChain",
          "parameters": {
            "detail": "{{ $event.detail }}",
            "response": "NO"
          }
        }
      ]
    },
    "confirmYesOjAction": {
      "chains": [
        {
          "chain": "dialogResponseChain",
          "parameters": {
            "detail": "{{ $event.detail }}",
            "response": "YES"
          }
        }
      ]
    },
    "ojSpCancel": {
      "chains": [
        {
          "chain": "spCancelChain",
          "parameters": {
            "detail": "{{ $event.detail }}"
          }
        }
      ]
    },
    "ojSpGoToParent": {
      "chains": [
        {
          "chain": "goToParent",
          "parameters": {}
        }
      ]
    },
    "ojSpSave": {
      "chains": [
        {
          "chain": "spSaveChain"
        }
      ]
    },
    "ojSpSubmit": {
      "chains": [
        {
          "chain": "spSubmitChain",
          "parameters": {
            "detail": "{{ $event.detail }}"
          }
        }
      ]
    },
    "saveButtonClicked": {
      "chains": [
        {
          "chain": "saveTransferOrdersTransferOrderLinesChain",
          "parameters": {
            "transferOrdersId": "{{ $variables.pHeaderId }}",
            "transferOrdersTransferOrderLinesId": "{{ $variables.pLineId }}"
          }
        }
      ]
    },
    "vbBeforeExit": {
      "chains": [
        {
          "chain": "checkBeforeExit",
          "parameters": {}
        }
      ]
    },
    "vbEnter": {
      "chains": [
        {
          "chain": "loadTransferOrdersTransferOrderLinesChain",
          "parameters": {
            "transferOrdersId": "{{ $variables.pHeaderId }}",
            "transferOrdersTransferOrderLinesId": "{{ $variables.pLineId }}"
          }
        }
      ]
    }
  },
  "imports": {
    "components": {
      "oj-button": {
        "path": "ojs/ojbutton"
      },
      "oj-form-layout": {
        "path": "ojs/ojformlayout"
      },
      "oj-input-number": {
        "path": "ojs/ojinputnumber"
      },
      "oj-input-text": {
        "path": "ojs/ojinputtext"
      },
      "oj-select-single": {
        "path": "ojs/ojselectsingle"
      },
      "oj-sp-message-unsaved-changes": {
        "path": "oj-sp/message-unsaved-changes/loader"
      },
      "oj-sp-simple-create-edit": {
        "path": "oj-sp/simple-create-edit/loader"
      },
      "oj-toolbar": {
        "path": "ojs/ojtoolbar"
      },
      "oj-validation-group": {
        "path": "ojs/ojvalidationgroup"
      }

    },
    "modules": {
      "ojValidationBase": {
        "path": "ojs/ojvalidation-base"
      },
      "ojValidationNumber": {
        "path": "ojs/ojvalidation-number"
      }
    }
  },
  "@dt": {
    "iconClass": "vbdt-dynamic-icon-88-icoSimpleCreateAndEdit48Svg"
  }
}
