{
  "defaultPage" : "shell",
  "types" : { 
    "@decorators.GET_Persons": {
      "endpoint": "GET_Persons",
      "service": "ics",
      "path": "response-_-records[0]"
    },
    "@decorators.GET_RolesByUser": {
      "endpoint": "GET_RolesByUser",
      "service": "ics",
      "path": "response-_-records[0]"
    },
    "@decorators.GET_UserNamesByService": {
      "endpoint": "GET_UserNamesByService",
      "service": "ics",
      "path": "response-_-records[0]"
    },
    "@decorators.GET_UsersLicenses": {
      "endpoint": "GET_UsersLicenses",
      "service": "ics",
      "path": "response-_-records[0]"
    },
    "GET_Persons": {
      "AssignmentType": "string",
      "BuDaa": "string",
      "BuName": "string",
      "BusinessUnitId": "string",
      "EmailAddressManager": "string",
      "EmailAdress": "string",
      "FullName": "string",
      "ManagerId": "string",
      "ManagerName": "string",
      "PersonId": "string",
      "PersonNumber": "string",
      "Position": "string",
      "UserGuid": "string",
      "UserLogin": "string"

    },
    "GET_RolesByUser": {
      "PrivilegeCodes": "string",
      "PrivilegeNames": "string",
      "RoleCode": "string",
      "RoleId": "string",
      "RoleName": "string",
      "UserId": "string",
      "UserLogin": "string"

    },
    "GET_UserNamesByService": {
      "BusinessUnit": "string",
      "CountryCode": "string",
      "CountryName": "string",
      "FirstName": "string",
      "LastName": "string",
      "LegalEntity": "string",
      "PersonId": "string",
      "Service": "string",
      "UserLogin": "string",
      "ValueId": "string",
      "RecId": "number"

    },
    "@decorators.GET_ServiceLicenses": {
      "endpoint": "GET_ServiceLicenses",
      "service": "ics",
      "path": "response-_-records[0]"
    },
    "GET_ServiceLicenses": {
      "NumRoles": "string",
      "NumUsers": "string",
      "RoleCodes": "string",
      "RoleNames": "string",
      "Service": "string",
      "ValueId": "string"

    },
    "GET_UsersLicenses": {
      "FirstName": "string",
      "LastName": "string",
      "UserLogin": "string"
    }

  },
  "variables" : {
    "initialLoad" : {
      "type" : "string",
      "defaultValue" : "Yes"
    },
    "x_running_message": {
      "type": "string"
    },
    "xAdpRolesByUser": {
      "type": "vb/ArrayDataProvider2",
      "defaultValue": {
        "itemType": "GET_RolesByUser",
        "keyAttributes": "RoleId",
        "textFilterAttributes": [
          "RoleCode",
          "RoleName"
        ]
      }
    },
    "xAdpServiceLicensesApp": {
      "type": "vb/ArrayDataProvider2",
      "defaultValue": {
        "itemType": "GET_ServiceLicenses",
        "keyAttributes": "ValueId",
        "textFilterAttributes": [
          "Service"
        ]
      }
    },
    "xAdpUserNamesByServiceAppFilter": {
      "type": "vb/ArrayDataProvider2",
      "defaultValue": {
        "itemType": "GET_UserNamesByService",
        "keyAttributes": "RecId",
        "textFilterAttributes": [
          "Service",
          "UserLogin"
        ]
      }
    }

  },
  "security" : { },
  "chains" : { },
  "translations" : {
    "app" : {
      "path" : "./resources/strings/app/nls/app-strings"
    }
  },
  "description" : "An application created from ApplicationsCloudUI Theme Template 5.1.0",
  "id" : "starter",
  "services" : { },
  "userConfig" : {
    "type" : "vb/DefaultSecurityProvider",
    "configuration" : {
      "authentication" : {
        "type" : "oraclecloud"
      }
    },
    "embedding" : "deny"
  },
  "imports": {
    "components": {
      "oj-validation-base": {
        "path": "ojs/ojvalidation-base"
      },
      "oj-validation-datetime": {
        "path": "ojs/ojvalidation-datetime"
      },
      "oj-validation-number": {
        "path": "ojs/ojvalidation-number"
      }
    },
    "css": [
      "https://static.oracle.com/cdn/vb/vb-icon-font/1/vb-icon-font.css",
      "https://static.oracle.com/cdn/fnd/gallery/2201.2.0/images/iconfont/ojuxIconFont.min.css"
    ]
  },
  "requirejs": {
    "paths": {
      "oj-sample": "https://static.oracle.com/cdn/jet/packs/oj-sample/6.0.0/min"
    },
    "bundles": {
      "oj-sample/calendar-bundle": [
        "oj-sample/calendar/loader",
        "oj-sample/calendar-event/loader",
        "oj-sample/calendar-provider/loader"
      ],
      "oj-sample/controls-bundle": [
        "oj-sample/checkbox-switch/loader",
        "oj-sample/copy-text/loader",
        "oj-sample/country-picker/loader",
        "oj-sample/export-data/loader",
        "oj-sample/highlight-text/loader",
        "oj-sample/input-email/loader",
        "oj-sample/input-text-typeahead/loader",
        "oj-sample/input-url/loader",
        "oj-sample/metric/loader",
        "oj-sample/organization-tree/loader",
        "oj-sample/organization-tree-item/loader",
        "oj-sample/qr-code/loader",
        "oj-sample/tooltip/loader",
        "oj-sample/utils/validators/emailValidatorFactory",
        "oj-sample/utils/validators/urlValidatorFactory",
        "oj-sample/utils/validators/countryValidatorFactory",
        "oj-sample/utils/export/dataCollectionExporter",
        "oj-sample/utils/export/visualizationExporter",
        "oj-sample/visualization-exporter/loader"
      ],
      "oj-sample/layout-bundle": [
        "oj-sample/drawer/loader",
        "oj-sample/flip-card/loader",
        "oj-sample/online-detector/loader",
        "oj-sample/orientation-detector/loader",
        "oj-sample/pull-to-refresh/loader",
        "oj-sample/show-when-ready/loader",
        "oj-sample/timed-event/loader"
      ]
    }
  }
}