{
    "openapi": "3.0.0",
    "info": {
        "title": "demo_upload_supplier",
        "version": "1.0.0"
    },
    "servers": [
        {
            "url": "vb-catalog://backends/backend_for_suppliers"
        }
    ],
    "paths": {
        "/suppliers": {
            "post": {
                "operationId": "postSuppliers",
                "requestBody": {
                    "content": {
                        "application/json": {
                            "schema": {
                                "$ref": "#/components/schemas/PostSuppliersRequest"
                            },
                            "examples": {
                                "vb": {
                                    "summary": "Example stored by VB User",
                                    "externalValue": "./examples/postSuppliers/request_application_json_vb.json"
                                }
                            }
                        }
                    }
                },
                "responses": {
                    "default": {
                        "description": "Response for default",
                        "content": {
                            "application/json": {
                                "schema": {
                                    "$ref": "#/components/schemas/PostSuppliersResponse"
                                },
                                "examples": {
                                    "vb": {
                                        "summary": "Example stored by VB User",
                                        "externalValue": "./examples/postSuppliers/response_default_application_json_vb.json"
                                    }
                                }
                            }
                        }
                    }
                },
                "x-vb": {
                    "actionHint": "create"
                }
            }
        }
    },
    "components": {
        "schemas": {
            "PostSuppliersRequest": {
                "type": "object",
                "properties": {
                    "Supplier": {
                        "type": "string"
                    },
                    "SupplierNumber": {
                        "type": "string"
                    },
                    "TaxOrganizationTypeCode": {
                        "type": "string"
                    },
                    "SupplierTypeCode": {
                        "type": "string"
                    },
                    "BusinessRelationshipCode": {
                        "type": "string"
                    },
                    "TaxRegistrationCountryCode": {
                        "type": "string"
                    },
                    "addresses": {
                        "type": "object",
                        "properties": {
                            "items": {
                                "type": "array",
                                "items": {
                                    "type": "object",
                                    "properties": {
                                        "AddressName": {
                                            "type": "string"
                                        },
                                        "CountryCode": {
                                            "type": "string"
                                        },
                                        "AddressLine1": {
                                            "type": "string"
                                        },
                                        "AddressPurposeOrderingFlag": {
                                            "type": "string"
                                        },
                                        "AddressLine2": {
                                            "type": "string"
                                        },
                                        "AddressLine3": {
                                            "nullable": true
                                        },
                                        "AddressLine4": {
                                            "nullable": true
                                        },
                                        "City": {
                                            "type": "string"
                                        },
                                        "State": {
                                            "nullable": true
                                        },
                                        "PostalCode": {
                                            "type": "string"
                                        }
                                    }
                                }
                            }
                        }
                    },
                    "sites": {
                        "type": "object",
                        "properties": {
                            "items": {
                                "type": "array",
                                "items": {
                                    "type": "object",
                                    "properties": {
                                        "SupplierSite": {
                                            "type": "string"
                                        },
                                        "ProcurementBU": {
                                            "type": "string"
                                        },
                                        "SupplierAddressName": {
                                            "type": "string"
                                        },
                                        "SitePurposeSourcingOnlyFlag": {
                                            "type": "string"
                                        },
                                        "SitePurposePurchasingFlag": {
                                            "type": "string"
                                        },
                                        "SitePurposeProcurementCardFlag": {
                                            "type": "string"
                                        },
                                        "SitePurposePrimaryPayFlag": {
                                            "nullable": true
                                        },
                                        "IncomeTaxReportingSiteFlag": {
                                            "type": "string"
                                        }
                                    }
                                }
                            }
                        }
                    }
                }
            },
            "PostSuppliersResponse": {
                "type": "object",
                "properties": {
                    "SupplierId": {
                        "type": "integer"
                    },
                    "SupplierPartyId": {
                        "type": "integer"
                    },
                    "Supplier": {
                        "type": "string"
                    },
                    "SupplierNumber": {
                        "type": "string"
                    },
                    "AlternateName": {
                        "nullable": true
                    },
                    "TaxOrganizationTypeCode": {
                        "type": "string"
                    },
                    "TaxOrganizationType": {
                        "type": "string"
                    },
                    "SupplierTypeCode": {
                        "type": "string"
                    },
                    "SupplierType": {
                        "type": "string"
                    },
                    "InactiveDate": {
                        "nullable": true
                    },
                    "Status": {
                        "type": "string"
                    },
                    "BusinessRelationshipCode": {
                        "type": "string"
                    },
                    "BusinessRelationship": {
                        "type": "string"
                    },
                    "ParentSupplierId": {
                        "nullable": true
                    },
                    "ParentSupplier": {
                        "nullable": true
                    },
                    "ParentSupplierNumber": {
                        "nullable": true
                    },
                    "CreationDate": {
                        "type": "string"
                    },
                    "CreatedBy": {
                        "type": "string"
                    },
                    "LastUpdateDate": {
                        "type": "string"
                    },
                    "LastUpdatedBy": {
                        "type": "string"
                    },
                    "CreationSourceCode": {
                        "type": "string"
                    },
                    "CreationSource": {
                        "type": "string"
                    },
                    "DataFoxScore": {
                        "nullable": true
                    },
                    "DataFoxScoringCriteria": {
                        "nullable": true
                    },
                    "Alias": {
                        "nullable": true
                    },
                    "DUNSNumber": {
                        "nullable": true
                    },
                    "OneTimeSupplierFlag": {
                        "type": "boolean"
                    },
                    "RegistryId": {
                        "type": "string"
                    },
                    "CustomerNumber": {
                        "nullable": true
                    },
                    "StandardIndustryClass": {
                        "nullable": true
                    },
                    "IndustryCategory": {
                        "nullable": true
                    },
                    "IndustrySubcategory": {
                        "nullable": true
                    },
                    "NationalInsuranceNumber": {
                        "nullable": true
                    },
                    "NationalInsuranceNumberExistsFlag": {
                        "type": "boolean"
                    },
                    "CorporateWebsite": {
                        "nullable": true
                    },
                    "YearEstablished": {
                        "nullable": true
                    },
                    "MissionStatement": {
                        "nullable": true
                    },
                    "YearIncorporated": {
                        "nullable": true
                    },
                    "ChiefExecutiveTitle": {
                        "nullable": true
                    },
                    "ChiefExecutiveName": {
                        "nullable": true
                    },
                    "PrincipalTitle": {
                        "nullable": true
                    },
                    "PrincipalName": {
                        "nullable": true
                    },
                    "FiscalYearEndMonthCode": {
                        "nullable": true
                    },
                    "FiscalYearEndMonth": {
                        "nullable": true
                    },
                    "CurrentFiscalYearPotentialRevenue": {
                        "nullable": true
                    },
                    "PreferredFunctionalCurrencyCode": {
                        "nullable": true
                    },
                    "PreferredFunctionalCurrency": {
                        "nullable": true
                    },
                    "TaxRegistrationCountryCode": {
                        "type": "string"
                    },
                    "TaxRegistrationCountry": {
                        "type": "string"
                    },
                    "TaxRegistrationNumber": {
                        "nullable": true
                    },
                    "TaxpayerCountryCode": {
                        "nullable": true
                    },
                    "TaxpayerCountry": {
                        "nullable": true
                    },
                    "TaxpayerId": {
                        "nullable": true
                    },
                    "TaxpayerIdExistsFlag": {
                        "type": "boolean"
                    },
                    "FederalReportableFlag": {
                        "type": "boolean"
                    },
                    "FederalIncomeTaxTypeCode": {
                        "nullable": true
                    },
                    "FederalIncomeTaxType": {
                        "nullable": true
                    },
                    "StateReportableFlag": {
                        "type": "boolean"
                    },
                    "TaxReportingName": {
                        "nullable": true
                    },
                    "NameControl": {
                        "nullable": true
                    },
                    "VerificationDate": {
                        "nullable": true
                    },
                    "UseWithholdingTaxFlag": {
                        "type": "boolean"
                    },
                    "WithholdingTaxGroupId": {
                        "nullable": true
                    },
                    "WithholdingTaxGroup": {
                        "nullable": true
                    },
                    "BusinessClassificationNotApplicableFlag": {
                        "type": "boolean"
                    },
                    "DataFoxId": {
                        "nullable": true
                    },
                    "DataFoxCompanyName": {
                        "nullable": true
                    },
                    "DataFoxLegalName": {
                        "nullable": true
                    },
                    "DataFoxCompanyPrimaryURL": {
                        "nullable": true
                    },
                    "DataFoxNAICSCode": {
                        "nullable": true
                    },
                    "DataFoxCountry": {
                        "nullable": true
                    },
                    "DataFoxEIN": {
                        "nullable": true
                    },
                    "DataFoxLastSyncDate": {
                        "nullable": true
                    },
                    "OBNEnabledFlag": {
                        "nullable": true
                    },
                    "OnOFACListFlag": {
                        "nullable": true
                    },
                    "OFACSources": {
                        "nullable": true
                    },
                    "addresses": {
                        "type": "array",
                        "items": {
                            "type": "object",
                            "properties": {
                                "SupplierAddressId": {
                                    "type": "integer"
                                },
                                "AddressName": {
                                    "type": "string"
                                },
                                "CountryCode": {
                                    "type": "string"
                                },
                                "Country": {
                                    "type": "string"
                                },
                                "AddressLine1": {
                                    "type": "string"
                                },
                                "AddressLine2": {
                                    "type": "string"
                                },
                                "AddressLine3": {
                                    "nullable": true
                                },
                                "AddressLine4": {
                                    "nullable": true
                                },
                                "City": {
                                    "type": "string"
                                },
                                "State": {
                                    "nullable": true
                                },
                                "PostalCode": {
                                    "type": "string"
                                },
                                "PostalCodeExtension": {
                                    "nullable": true
                                },
                                "Province": {
                                    "nullable": true
                                },
                                "County": {
                                    "nullable": true
                                },
                                "Building": {
                                    "nullable": true
                                },
                                "FloorNumber": {
                                    "nullable": true
                                },
                                "PhoneticAddress": {
                                    "nullable": true
                                },
                                "LanguageCode": {
                                    "nullable": true
                                },
                                "Language": {
                                    "nullable": true
                                },
                                "Addressee": {
                                    "nullable": true
                                },
                                "GlobalLocationNumber": {
                                    "nullable": true
                                },
                                "AdditionalAddressAttribute1": {
                                    "nullable": true
                                },
                                "AdditionalAddressAttribute2": {
                                    "nullable": true
                                },
                                "AdditionalAddressAttribute3": {
                                    "nullable": true
                                },
                                "AdditionalAddressAttribute4": {
                                    "nullable": true
                                },
                                "AdditionalAddressAttribute5": {
                                    "nullable": true
                                },
                                "AddressPurposeOrderingFlag": {
                                    "type": "boolean"
                                },
                                "AddressPurposeRemitToFlag": {
                                    "type": "boolean"
                                },
                                "AddressPurposeRFQOrBiddingFlag": {
                                    "type": "boolean"
                                },
                                "PhoneCountryCode": {
                                    "nullable": true
                                },
                                "PhoneAreaCode": {
                                    "nullable": true
                                },
                                "PhoneNumber": {
                                    "nullable": true
                                },
                                "PhoneExtension": {
                                    "nullable": true
                                },
                                "FaxCountryCode": {
                                    "nullable": true
                                },
                                "FaxAreaCode": {
                                    "nullable": true
                                },
                                "FaxNumber": {
                                    "nullable": true
                                },
                                "Email": {
                                    "nullable": true
                                },
                                "InactiveDate": {
                                    "type": "string"
                                },
                                "Status": {
                                    "type": "string"
                                },
                                "CreationDate": {
                                    "type": "string"
                                },
                                "CreatedBy": {
                                    "type": "string"
                                },
                                "LastUpdateDate": {
                                    "type": "string"
                                },
                                "LastUpdatedBy": {
                                    "type": "string"
                                },
                                "links": {
                                    "type": "array",
                                    "items": {
                                        "type": "object",
                                        "properties": {
                                            "rel": {
                                                "type": "string"
                                            },
                                            "href": {
                                                "type": "string"
                                            },
                                            "name": {
                                                "type": "string"
                                            },
                                            "kind": {
                                                "type": "string"
                                            },
                                            "properties": {
                                                "type": "object",
                                                "properties": {
                                                    "changeIndicator": {
                                                        "type": "string"
                                                    }
                                                }
                                            }
                                        }
                                    }
                                }
                            }
                        }
                    },
                    "sites": {
                        "type": "array",
                        "items": {
                            "type": "object",
                            "properties": {
                                "SupplierSiteId": {
                                    "type": "integer"
                                },
                                "SupplierSite": {
                                    "type": "string"
                                },
                                "ProcurementBUId": {
                                    "type": "integer"
                                },
                                "ProcurementBU": {
                                    "type": "string"
                                },
                                "SupplierAddressId": {
                                    "type": "integer"
                                },
                                "SupplierAddressName": {
                                    "type": "string"
                                },
                                "InactiveDate": {
                                    "nullable": true
                                },
                                "Status": {
                                    "type": "string"
                                },
                                "SitePurposeSourcingOnlyFlag": {
                                    "type": "boolean"
                                },
                                "SitePurposePurchasingFlag": {
                                    "type": "boolean"
                                },
                                "SitePurposeProcurementCardFlag": {
                                    "type": "boolean"
                                },
                                "SitePurposePayFlag": {
                                    "type": "boolean"
                                },
                                "SitePurposePrimaryPayFlag": {
                                    "type": "boolean"
                                },
                                "IncomeTaxReportingSiteFlag": {
                                    "type": "boolean"
                                },
                                "AlternateSiteName": {
                                    "nullable": true
                                },
                                "CustomerNumber": {
                                    "nullable": true
                                },
                                "B2BCommunicationMethodCode": {
                                    "type": "string"
                                },
                                "B2BCommunicationMethod": {
                                    "type": "string"
                                },
                                "B2BSupplierSiteCode": {
                                    "nullable": true
                                },
                                "CommunicationMethodCode": {
                                    "nullable": true
                                },
                                "CommunicationMethod": {
                                    "nullable": true
                                },
                                "Email": {
                                    "nullable": true
                                },
                                "FaxCountryCode": {
                                    "nullable": true
                                },
                                "FaxAreaCode": {
                                    "nullable": true
                                },
                                "FaxNumber": {
                                    "nullable": true
                                },
                                "HoldAllNewPurchasingDocumentsFlag": {
                                    "type": "boolean"
                                },
                                "PurchasingHoldReason": {
                                    "nullable": true
                                },
                                "AllNewPurchasingDocumentsHoldDate": {
                                    "nullable": true
                                },
                                "AllNewPurchasingDocumentsHoldBy": {
                                    "nullable": true
                                },
                                "RequiredAcknowledgmentCode": {
                                    "nullable": true
                                },
                                "RequiredAcknowledgment": {
                                    "nullable": true
                                },
                                "AcknowledgmentWithinDays": {
                                    "nullable": true
                                },
                                "CarrierId": {
                                    "nullable": true
                                },
                                "Carrier": {
                                    "nullable": true
                                },
                                "ModeOfTransportCode": {
                                    "nullable": true
                                },
                                "ModeOfTransport": {
                                    "nullable": true
                                },
                                "ServiceLevelCode": {
                                    "nullable": true
                                },
                                "ServiceLevel": {
                                    "nullable": true
                                },
                                "FreightTermsCode": {
                                    "nullable": true
                                },
                                "FreightTerms": {
                                    "nullable": true
                                },
                                "PayOnReceiptFlag": {
                                    "type": "boolean"
                                },
                                "FOBCode": {
                                    "nullable": true
                                },
                                "FOB": {
                                    "nullable": true
                                },
                                "CountryOfOriginCode": {
                                    "nullable": true
                                },
                                "CountryOfOrigin": {
                                    "nullable": true
                                },
                                "BuyerManagedTransportationCode": {
                                    "nullable": true
                                },
                                "BuyerManagedTransportation": {
                                    "nullable": true
                                },
                                "PayOnUseFlag": {
                                    "type": "boolean"
                                },
                                "AgingOnsetPointCode": {
                                    "nullable": true
                                },
                                "AgingOnsetPoint": {
                                    "nullable": true
                                },
                                "AgingPeriodDays": {
                                    "nullable": true
                                },
                                "ConsumptionAdviceFrequencyCode": {
                                    "nullable": true
                                },
                                "ConsumptionAdviceFrequency": {
                                    "nullable": true
                                },
                                "ConsumptionAdviceSummaryCode": {
                                    "nullable": true
                                },
                                "ConsumptionAdviceSummary": {
                                    "nullable": true
                                },
                                "AlternatePaySiteId": {
                                    "nullable": true
                                },
                                "AlternatePaySite": {
                                    "nullable": true
                                },
                                "InvoiceSummaryLevelCode": {
                                    "nullable": true
                                },
                                "InvoiceSummaryLevel": {
                                    "nullable": true
                                },
                                "GaplessInvoiceNumberingFlag": {
                                    "type": "boolean"
                                },
                                "SellingCompanyIdentifier": {
                                    "nullable": true
                                },
                                "CreateDebitMemoFromReturnFlag": {
                                    "type": "boolean"
                                },
                                "ShipToExceptionCode": {
                                    "nullable": true
                                },
                                "ShipToException": {
                                    "nullable": true
                                },
                                "ReceiptRoutingId": {
                                    "nullable": true
                                },
                                "ReceiptRouting": {
                                    "nullable": true
                                },
                                "OverReceiptTolerance": {
                                    "nullable": true
                                },
                                "OverReceiptActionCode": {
                                    "nullable": true
                                },
                                "OverReceiptAction": {
                                    "nullable": true
                                },
                                "EarlyReceiptToleranceInDays": {
                                    "nullable": true
                                },
                                "LateReceiptToleranceInDays": {
                                    "nullable": true
                                },
                                "AllowSubstituteReceiptsCode": {
                                    "nullable": true
                                },
                                "AllowSubstituteReceipts": {
                                    "nullable": true
                                },
                                "AllowUnorderedReceiptsFlag": {
                                    "type": "boolean"
                                },
                                "ReceiptDateExceptionCode": {
                                    "nullable": true
                                },
                                "ReceiptDateException": {
                                    "nullable": true
                                },
                                "InvoiceCurrencyCode": {
                                    "nullable": true
                                },
                                "InvoiceCurrency": {
                                    "nullable": true
                                },
                                "InvoiceAmountLimit": {
                                    "nullable": true
                                },
                                "InvoiceMatchOptionCode": {
                                    "nullable": true
                                },
                                "InvoiceMatchOption": {
                                    "nullable": true
                                },
                                "MatchApprovalLevelCode": {
                                    "nullable": true
                                },
                                "MatchApprovalLevel": {
                                    "nullable": true
                                },
                                "QuantityTolerancesId": {
                                    "nullable": true
                                },
                                "QuantityTolerances": {
                                    "nullable": true
                                },
                                "AmountTolerancesId": {
                                    "nullable": true
                                },
                                "AmountTolerances": {
                                    "nullable": true
                                },
                                "InvoiceChannelCode": {
                                    "nullable": true
                                },
                                "InvoiceChannel": {
                                    "nullable": true
                                },
                                "PaymentCurrencyCode": {
                                    "nullable": true
                                },
                                "PaymentCurrency": {
                                    "nullable": true
                                },
                                "PaymentPriority": {
                                    "nullable": true
                                },
                                "PayGroupCode": {
                                    "nullable": true
                                },
                                "PayGroup": {
                                    "nullable": true
                                },
                                "HoldAllInvoicesFlag": {
                                    "type": "boolean"
                                },
                                "HoldUnmatchedInvoicesCode": {
                                    "type": "string"
                                },
                                "HoldUnmatchedInvoices": {
                                    "type": "string"
                                },
                                "HoldUnvalidatedInvoicesFlag": {
                                    "type": "boolean"
                                },
                                "PaymentHoldDate": {
                                    "nullable": true
                                },
                                "PaymentHoldReason": {
                                    "nullable": true
                                },
                                "PaymentTermsId": {
                                    "nullable": true
                                },
                                "PaymentTerms": {
                                    "nullable": true
                                },
                                "PaymentTermsDateBasisCode": {
                                    "nullable": true
                                },
                                "PaymentTermsDateBasis": {
                                    "nullable": true
                                },
                                "PayDateBasisCode": {
                                    "nullable": true
                                },
                                "PayDateBasis": {
                                    "nullable": true
                                },
                                "BankChargeDeductionTypeCode": {
                                    "type": "string"
                                },
                                "BankChargeDeductionType": {
                                    "type": "string"
                                },
                                "AlwaysTakeDiscountCode": {
                                    "type": "string"
                                },
                                "AlwaysTakeDiscount": {
                                    "type": "string"
                                },
                                "ExcludeFreightFromDiscountCode": {
                                    "type": "string"
                                },
                                "ExcludeFreightFromDiscount": {
                                    "type": "string"
                                },
                                "ExcludeTaxFromDiscountCode": {
                                    "type": "string"
                                },
                                "ExcludeTaxFromDiscount": {
                                    "type": "string"
                                },
                                "CreateInterestInvoicesCode": {
                                    "type": "string"
                                },
                                "CreateInterestInvoices": {
                                    "type": "string"
                                },
                                "CreationDate": {
                                    "type": "string"
                                },
                                "CreatedBy": {
                                    "type": "string"
                                },
                                "LastUpdateDate": {
                                    "type": "string"
                                },
                                "LastUpdatedBy": {
                                    "type": "string"
                                },
                                "OverrideB2BCommunicationforSpecialHandlingOrdersFlag": {
                                    "type": "boolean"
                                },
                                "links": {
                                    "type": "array",
                                    "items": {
                                        "type": "object",
                                        "properties": {
                                            "rel": {
                                                "type": "string"
                                            },
                                            "href": {
                                                "type": "string"
                                            },
                                            "name": {
                                                "type": "string"
                                            },
                                            "kind": {
                                                "type": "string"
                                            },
                                            "properties": {
                                                "type": "object",
                                                "properties": {
                                                    "changeIndicator": {
                                                        "type": "string"
                                                    }
                                                }
                                            }
                                        }
                                    }
                                }
                            }
                        }
                    },
                    "links": {
                        "type": "array",
                        "items": {
                            "type": "object",
                            "properties": {
                                "rel": {
                                    "type": "string"
                                },
                                "href": {
                                    "type": "string"
                                },
                                "name": {
                                    "type": "string"
                                },
                                "kind": {
                                    "type": "string"
                                },
                                "properties": {
                                    "type": "object",
                                    "properties": {
                                        "changeIndicator": {
                                            "type": "string"
                                        }
                                    }
                                }
                            }
                        }
                    }
                }
            }
        }
    }
}