{
    "openapi": "3.0.0",
    "info": {
        "version": "latest",
        "title": "erpintegrations",
        "x-vb": {
            "serviceType": "adf-describe",
            "headers": {
                "REST-Framework-Version": "4"
            },
            "transforms": {
                "path": "vb/BusinessObjectsTransforms"
            }
        }
    },
    "servers": [
        {
            "url": "https://fa-esll-saasfademo1.ds-fa.oraclepdemos.com:443/fscmRestApi/resources/11.13.18.05",
            "x-vb": {
                "authentication": {
                    "authenticated": {
                        "type": "basic",
                        "credentials": "vb_7d0f73d2-10e2-4b47-b18d-b37464572e39"
                    }
                }
            }
        }
    ],
    "tags": [
        {
            "name": "erpintegrations"
        }
    ],
    "paths": {
        "/erpintegrations": {
            "post": {
                "tags": [
                    "erpintegrations"
                ],
                "summary": "Create",
                "operationId": "create_erpintegrations",
                "parameters": [
                    {
                        "$ref": "#/components/parameters/fields"
                    },
                    {
                        "$ref": "#/components/parameters/REST-Framework-Version"
                    },
                    {
                        "$ref": "#/components/parameters/Metadata-Context"
                    }
                ],
                "responses": {
                    "default": {
                        "$ref": "https://xxxx.oraclecloud.com:443/fscmRestApi/resources/11.13.18.05/describe?partialDescriptionForCatalogOpenAPI=erpintegrations#/components/responses/erpintegrations-item-response"
                    }
                },
                "requestBody": {
                    "$ref": "https://xxxx.oraclecloud.com:443/fscmRestApi/resources/11.13.18.05/describe?partialDescriptionForCatalogOpenAPI=erpintegrations#/components/requestBodies/erpintegrations-item-post-request"
                }
            }
        }
    },
    "components": {
        "parameters": {
            "fields": {
                "name": "fields",
                "in": "query",
                "schema": {
                    "type": "string"
                }
            },
            "REST-Framework-Version": {
                "name": "REST-Framework-Version",
                "in": "header",
                "schema": {
                    "type": "string",
                    "enum": [
                        "1",
                        "2",
                        "3",
                        "4",
                        "5",
                        "6",
                        "7",
                        "8",
                        "9"
                    ]
                }
            },
            "Metadata-Context": {
                "name": "Metadata-Context",
                "in": "header",
                "schema": {
                    "type": "string"
                }
            }
        }
    }
}