{
  "title": "",
  "description": "",
  "variables": {
    "avatar": {
      "type": {
        "initials": "string",
        "src": "string"
      },
      "defaultValue": {
        "initials": "",
        "src": ""
      }
    },
    "contextualInfoLabelVisible": {
      "type": "boolean",
      "defaultValue": false
    },
    "contextualInfoSticky": {
      "type": "boolean",
      "defaultValue": false
    },
    "createPostSuppliersChainInProgress": {
      "type": "boolean",
      "defaultValue": false
    },
    "dirtyDataFlag": {
      "type": "boolean",
      "defaultValue": false
    },
    "dirtyDialogOpen": {
      "type": "boolean",
      "defaultValue": false
    },
    "displayMode": {
      "type": "string"
    },
    "formState": {
      "type": "string",
      "defaultValue": ""
    },
    "goToParentOption": {
      "type": "boolean",
      "defaultValue": false
    },
    "isSaved": {
      "type": "boolean",
      "defaultValue": false
    },
    "objectId": {
      "type": "string",
      "defaultValue": ""
    },
    "postSuppliers": {
      "type": "postSuppliersRequest",
      "defaultValue": {
        "BusinessRelationshipCode": "SPEND_AUTHORIZED",
        "Supplier": "REDWOOD_DEMO_001",
        "TaxRegistrationCountryCode": "SE",
        "TaxOrganizationTypeCode": "CORPORATION",
        "SupplierTypeCode": "SUPPLIER",
        "addresses": {
          "items": [
            {}
          ]
        },
        "sites": {
          "items": [
            {}
          ]
        }
      }
    },
    "primaryAlwaysOn": {
      "type": "boolean",
      "defaultValue": true
    },
    "procurementBusinessUnitsLOVListSDP": {
      "type": "vb/ServiceDataProvider",
      "defaultValue": {
        "endpoint": "sn_supplierIntRegProcBusinessUnitsLOV/getall_procurementBusinessUnitsLOV",
        "keyAttributes": "ProcurementBU",
        "itemsPath": "items",
        "responseType": "getallProcurementBusinessUnitsLOVResponse",
        "transformsContext": {
          "vb-textFilterAttributes": [
            "ProcurementBU"
          ]
        }
      }
    },
    "saveOption": {
      "type": "string",
      "defaultValue": "off"
    },
    "standardLookupsLOVListSDP": {
      "type": "vb/ServiceDataProvider",
      "defaultValue": {
        "endpoint": "sn_standardLookupsLOV/getall_standardLookupsLOV",
        "itemsPath": "items",
        "responseType": "getallStandardLookupsLOVResponse",
        "uriParameters": {
          "finder": "LookupTypeFinder;LookupType=POZ_VENDOR_TYPE"
        },
        "transformsContext": {
          "vb-textFilterAttributes": [
            "Meaning"
          ]
        },
        "keyAttributes": "LookupCode"
      }
    },
    "varDemo1": {
      "type": "string"
    }

  },
  "metadata": {},
  "types": {
    "@decorators.getallProcurementBusinessUnitsLOVResponse": {
      "endpoint": "getall_procurementBusinessUnitsLOV",
      "service": "sn_supplierIntRegProcBusinessUnitsLOV",
      "path": "response"
    },
    "@decorators.getallStandardLookupsLOVResponse": {
      "endpoint": "getall_standardLookupsLOV",
      "service": "sn_standardLookupsLOV",
      "path": "response"
    },
    "@decorators.postSuppliersRequest": {
      "endpoint": "postSuppliers",
      "service": "demo_upload_supplier",
      "path": "request"
    },
    "getallProcurementBusinessUnitsLOVResponse": {
      "items": [
        {
          "ProcurementBU": "string"
        }
      ]
    },
    "getallStandardLookupsLOVResponse": {
      "items": [
        {
          "LookupCode": "string",
          "Meaning": "string"

        }
      ]
    },
    "postSuppliersRequest": {

      "addresses": {
        "items": [
          {
            "AddressLine1": "string",
            "AddressLine2": "string",
            "AddressLine3": "any",
            "AddressLine4": "any",
            "AddressName": "string",
            "AddressPurposeOrderingFlag": "string",
            "City": "string",
            "CountryCode": "string",
            "PostalCode": "string",
            "State":  "any"

          }
        ]
      },      
      "BusinessRelationshipCode": "string",          
      "sites": {
        "items": [
          {
            "IncomeTaxReportingSiteFlag": "string",
            "ProcurementBU": "string",
            "SitePurposePrimaryPayFlag": "any",
            "SitePurposeProcurementCardFlag": "string",
            "SitePurposePurchasingFlag": "string",
            "SitePurposeSourcingOnlyFlag": "string",
            "SupplierAddressName": "string",
            "SupplierSite": "string"
          }
        ]
      },
      "Supplier": "string",
      "SupplierNumber": "string",
      "SupplierTypeCode": "string",
      "TaxOrganizationTypeCode": "string",
      "TaxRegistrationCountryCode": "string"  

    }

  },
  "eventListeners": {
    "confirmNoOjAction": {
      "chains": [
        {
          "chain": "dialogResponseChain",
          "parameters": {
            "detail": "{{ $event.detail }}",
            "response": "NO"
          }
        }
      ]
    },
    "confirmYesOjAction": {
      "chains": [
        {
          "chain": "dialogResponseChain",
          "parameters": {
            "detail": "{{ $event.detail }}",
            "response": "YES"
          }
        }
      ]
    },
    "ojdynamicFormTransientValueChangeChain": {
      "chains": [
        {
          "chain": "dynamicFormTransientValueChangeChain",
          "parameters": {
            "detail": "{{ $event.detail}}"
          }
        }
      ]
    },
    "ojSpCancel": {
      "chains": [
        {
          "chain": "spCancelChain",
          "parameters": {
            "detail": "{{ $event.detail }}"
          }
        }
      ]
    },
    "ojSpGoToParent": {
      "chains": [
        {
          "chain": "goToParent",
          "parameters": {}
        }
      ]
    },
    "ojSpSave": {
      "chains": [
        {
          "chain": "spSaveChain"
        }
      ]
    },
    "ojSpSubmit": {
      "chains": [
        {
          "chain": "spSubmitChain",
          "parameters": {
            "detail": "{{ $event.detail }}"
          }
        }
      ]
    },
    "saveButtonClicked": {
      "chains": [
        {
          "chain": "createPostSuppliersChain"
        }
      ]
    },
    "vbBeforeExit": {
      "chains": [
        {
          "chain": "checkBeforeExit",
          "parameters": {}
        }
      ]
    },
    "ojSsce1SpSecondaryAction2": {
      "chains": [
        {
          "chain": "SimpleCreateAndEditPageTemplateSpSAC",
          "parameters": {
            "actionId": "{{$event.detail.value.id}}"
          }
        },
        {
          "chain": "SimpleCreateAndEditPageTemplateSpSAC",
          "parameters": {
            "actionId": "{{ $event.detail.secondaryItem }}"
          }
        }
      ]
    }
  },
  "imports": {
    "components": {
      "oj-button": {
        "path": "ojs/ojbutton"
      },
      "oj-dynamic-form": {
        "path": "oj-dynamic/form/loader"
      },
      "oj-form-layout": {
        "path": "ojs/ojformlayout"
      },
      "oj-input-text": {
        "path": "ojs/ojinputtext"
      },
      "oj-select-single": {
        "path": "ojs/ojselectsingle"
      },
      "oj-sp-message-unsaved-changes": {
        "path": "oj-sp/message-unsaved-changes/loader"
      },
      "oj-sp-simple-create-edit": {
        "path": "oj-sp/simple-create-edit/loader"
      },
      "oj-toolbar": {
        "path": "ojs/ojtoolbar"
      },
      "oj-validation-group": {
        "path": "ojs/ojvalidationgroup"
      }

    }
  }
}
