{
  "root": "if1",
  "description": "",
  "variables": {
    "isInitialLoad": {
      "type": "string",
      "defaultValue": "No",
      "required": true,
      "input": "fromCaller"
    }
  },
  "actions": {
    "if1": {
      "module": "vb/action/builtin/ifAction",
      "parameters": {
        "condition": "{{ $chain.variables.isInitialLoad == \"Yes\"}}"
      },
      "outcomes": {
        "true": "callComponentMethod1"
      }
    },
    "callComponentMethod1": {
      "module": "vb/action/builtin/callComponentMethodAction",
      "parameters": {
        "component": "{{ document.getElementById('ApplicationsCloudUI-navigation-list-main') }}",
        "method": "setProperty",
        "params": [
          "selection",
          "main"
        ]
      },
      "outcomes": {
        "success": "assignVariables1"
      }
    },
    "assignVariables1": {
      "module": "vb/action/builtin/assignVariablesAction",
      "parameters": {
        "$application.variables.initialLoad": {
          "source": "No"
        }
      }
    }
  }
}