{
  "title": "",
  "description": "",
  "variables": {
    "oj_table_875574925_1SelectedId": {
      "type": "string",
      "defaultValue": ""
    },
    "yAGLOOKUPHEADERSDATAListSDP": {
      "type": "vb/ServiceDataProvider",
      "defaultValue": {
        "endpoint": "businessObjects/getall_YAGLOOKUPHEADERSDATA",
        "keyAttributes": "id",
        "itemsPath": "items",
        "responseType": "getallYAGLOOKUPHEADERSDATAResponse"
      }
    }
  },
  "metadata": {},
  "types": {
    "@decorators.getallYAGLOOKUPHEADERSDATAResponse": {
      "endpoint": "getall_YAGLOOKUPHEADERSDATA",
      "service": "businessObjects",
      "path": "response"
    },
    "getallYAGLOOKUPHEADERSDATAResponse": {
      "items": [
        {
          "enabledFlag": "string",
          "id": "number",
          "lookupHeaderCode": "string",
          "lookupHeaderDescription": "string",
          "lookupHeaderName": "string"
        }
      ]
    }
  },
  "eventListeners": {
    "deleteYAGLOOKUPHEADERSDATAButtonClicked": {
      "chains": [
        {
          "chain": "deleteYAGLOOKUPHEADERSDATAChain",
          "parameters": {
            "yAGLOOKUPHEADERSDATAId": "[[ $variables.oj_table_875574925_1SelectedId ]]"
          }
        }
      ]
    },
    "deleteYAGLOOKUPHEADERSDATAButtonClicked2": {
      "chains": [
        {
          "chain": "deleteYAGLOOKUPHEADERSDATAChain2",
          "parameters": {
            "yAGLOOKUPHEADERSDATAId": "[[ $variables.oj_table_875574925_1SelectedId ]]"
          }
        }
      ]
    },
    "oj_table_875574925_1SelectionChanged": {
      "chains": [
        {
          "chain": "ojTable8755749251ChangeSelectionChain",
          "parameters": {
            "yAGLOOKUPHEADERSDATAId": "[[ $event.detail.value.key || '' ]]"
          }
        }
      ]
    }
  },
  "imports": {
    "components": {
      "oj-button": {
        "path": "ojs/ojbutton"
      },
      "oj-input-text": {
        "path": "ojs/ojinputtext"
      },
      "oj-sp-collection-container": {
        "path": "oj-sp/collection-container/loader"
      },
      "oj-sp-smart-search-page": {
        "path": "oj-sp/smart-search-page/loader"
      },
      "oj-table": {
        "path": "ojs/ojtable"
      },
      "oj-toolbar": {
        "path": "ojs/ojtoolbar"
      }
    }
  }
}
