{
  "title": "",
  "description": "",
  "variables": {
    "p_head_id": {
      "type": "string",
      "input": "fromCaller"
    },
    "yAGLOOKUPLINESDATAListSDP": {
      "type": "vb/ServiceDataProvider",
      "defaultValue": {
        "endpoint": "businessObjects/getall_YAGLOOKUPLINESDATA",
        "keyAttributes": "id",
        "itemsPath": "items",
        "responseType": "getallYAGLOOKUPLINESDATAResponse",
        "filterCriterion": {
          "op": "$eq",
          "attribute": "lookupHeaderId",
          "value": "{{ $variables.p_head_id }}"
        }
      }
    }
  },
  "metadata": {},
  "types": {
    "@decorators.getallYAGLOOKUPLINESDATAResponse": {
      "endpoint": "getall_YAGLOOKUPLINESDATA",
      "service": "businessObjects",
      "path": "response"
    },
    "getallYAGLOOKUPLINESDATAResponse": {
      "items": [
        {
          "id": "number",
          "lookupHeaderId": "number",
          "lookupLineCode": "string",
          "lookupLineDescription": "string",
          "lookupLineName": "string",
          "lookupLineOrder": "string",
          "lookupLineValue": "string",
          "startDate": "string"
        }
      ]
    }
  },
  "eventListeners": {
    "buttonAction": {
      "chains": [
        {
          "chain": "ButtonActionChain"
        }
      ]
    },
    "vbEnter": {
      "chains": [
        {
          "parameters": {},
          "chain": "vbEnterListener"
        }
      ]
    }
  },
  "imports": {
    "components": {
      "oj-button": {
        "path": "ojs/ojbutton"
      },
      "oj-sp-collection-container": {
        "path": "oj-sp/collection-container/loader"
      },
      "oj-sp-welcome-page": {
        "path": "oj-sp/welcome-page/loader"
      },
      "oj-table": {
        "path": "ojs/ojtable"
      }
    }
  },
  "@dt": {
    "iconClass": "vbdt-dynamic-icon-11-icoWelcomePageTemplate48Svg"
  }
}
