{
  "title": "",
  "description": "",
  "variables": {
    "bottomDisplayStatus": {
      "type": "string"
    },
    "bottomOpenStatus": {
      "type": "string"
    },
    "dirtyDataFlag": {
      "type": "boolean",
      "defaultValue": false
    },
    "endDawerSize": {
      "type": "string",
      "defaultValue": "sm"
    },
    "endDisplayStatus": {
      "type": "string"
    },
    "endOpenStatus": {
      "type": "string"
    },
    "functionalPrimaryActions": {
      "type": "functionalAction[]",
      "defaultValue": [
        {
          "id": "EndModalDrawer",
          "label": "End Modal Drawer",
          "display": "on"
        }
      ]
    },
    "inAppvisible": {
      "type": "boolean",
      "defaultValue": false
    },
    "innerBottomDrawerState": {
      "type": "string",
      "defaultValue": "auto",
      "onValueChanged": {
        "chains": [
          {
            "chainId": "closeInnerBottomDrawerChain"
          }
        ]
      }
    },
    "innerBottomDrawerTitle": {
      "type": "string",
      "defaultValue": "Bottom Inline Drawer"
    },
    "innerEndDrawerSize": {
      "type": "string",
      "defaultValue": "sm"
    },
    "innerEndDrawerTitle": {
      "type": "string",
      "defaultValue": "End Inlne Drawer"
    },
    "outerBottomDrawerState": {
      "type": "string",
      "defaultValue": "auto",
      "onValueChanged": {
        "chains": [
          {
            "chainId": "closeOuterBottomDrawerChain"
          }
        ]
      }
    },
    "outerBottomDrawerTitle": {
      "type": "string",
      "defaultValue": "Bottom Drawer"
    },
    "outerEndDawerTitle": {
      "type": "string",
      "defaultValue": "End Drawer"
    },
    "p_head_id": {
      "type": "string",
      "required": false,
      "input": "fromCaller"
    },
    "pageType": {
      "type": "string",
      "defaultValue": "fullWidth"
    },
    "yAGLOOKUPLINESDATAListSDP": {
      "type": "vb/ServiceDataProvider",
      "defaultValue": {
        "endpoint": "businessObjects/getall_YAGLOOKUPLINESDATA",
        "keyAttributes": "id",
        "itemsPath": "items",
        "responseType": "getallYAGLOOKUPLINESDATAResponse2",
        "filterCriterion": {
          "op": "$eq",
          "attribute": "lookupHeaderId",
          "value": "{{ $variables.p_head_id }}"
        }
      }
    }
  },
  "metadata": {},
  "types": {
    "@decorators.getallYAGLOOKUPLINESDATAResponse": {
      "endpoint": "getall_YAGLOOKUPLINESDATA",
      "service": "businessObjects",
      "path": "response"
    },
    "@decorators.getallYAGLOOKUPLINESDATAResponse2": {
      "endpoint": "getall_YAGLOOKUPLINESDATA",
      "service": "businessObjects",
      "path": "response"
    },
    "action": {
      "id": "string",
      "label": "string",
      "display": "string",
      "icon": "string"
    },
    "functionalAction": {
      "id": "string",
      "label": "string",
      "display": "string"
    },
    "getallYAGLOOKUPLINESDATAResponse": {
      "items": [
        {
          "id": "number",
          "lookupLineCode": "string",
          "lookupLineDescription": "string",
          "lookupLineName": "string",
          "lookupLineOrder": "string",
          "lookupLineValue": "string",
          "startDate": "string"
        }
      ]
    },
    "getallYAGLOOKUPLINESDATAResponse2": {
      "items": [
        {
          "id": "number",
          "lookupHeaderId": "number",
          "lookupLineCode": "string",
          "lookupLineDescription": "string",
          "lookupLineId": "number",
          "lookupLineName": "string",
          "lookupLineOrder": "string",
          "lookupLineValue": "string",
          "startDate": "string"
        }
      ]
    }
  },
  "eventListeners": {
    "confirmNoOjAction": {
      "chains": [
        {
          "chainId": "dialogResponseChain",
          "parameters": {
            "detail": "{{ $event.detail }}",
            "response": "NO"
          }
        }
      ]
    },
    "confirmYesOjAction": {
      "chains": [
        {
          "chainId": "dialogResponseChain",
          "parameters": {
            "detail": "{{ $event.detail }}",
            "response": "YES"
          }
        }
      ]
    },
    "ojSpCancel": {
      "chains": [
        {
          "chainId": "spCancelChain",
          "parameters": {
            "detail": "{{ $event.detail }}"
          }
        }
      ]
    },
    "onContainerPrimaryActions": {
      "chains": [
        {
          "chainId": "ContainerPrimaryActions",
          "parameters": {
            "detail": "{{ $event.detail }}"
          }
        }
      ]
    },
    "onInnerEndDrawerCloseAction": {
      "chains": [
        {
          "chainId": "closeInnerEndDrawerAction",
          "parameters": {
            "drawerName": "end"
          }
        }
      ]
    },
    "onOuterEndDrawerCloseAction": {
      "chains": [
        {
          "chainId": "closeOuterDrawerChain",
          "parameters": {
            "drawerName": "end"
          }
        }
      ]
    },
    "vbAfterNavigate": {
      "chains": [
        {
          "chainId": "firePageLayoutEventChain"
        }
      ]
    },
    "vbBeforeExit": {
      "chains": [
        {
          "chainId": "checkBeforeExit",
          "parameters": {}
        }
      ]
    }
  },
  "imports": {
    "components": {
      "oj-sp-bottom-drawer-template": {
        "path": "oj-sp/bottom-drawer-template/loader"
      },
      "oj-sp-collection-container-advanced": {
        "path": "oj-sp/collection-container-advanced/loader"
      },
      "oj-sp-data-management-page": {
        "path": "oj-sp/data-management-page/loader"
      },
      "oj-sp-general-drawer-template": {
        "path": "oj-sp/general-drawer-template/loader"
      },
      "oj-sp-in-app-navigation": {
        "path": "oj-sp/in-app-navigation/loader"
      },
      "oj-sp-message-unsaved-changes": {
        "path": "oj-sp/message-unsaved-changes/loader"
      },
      "oj-table": {
        "path": "ojs/ojtable"
      }
    }
  },
  "@dt": {
    "iconClass": "vbdt-dynamic-icon-3-icoDataGridPageTemplateSvg"
  }
}
