{
    "addMetadataRules": [
        {
            "id": "br3",
            "label": "br3",
            "description": "",
            "status": "active",
            "overlay": {
                "fields": {
                    "purchaseRequisitionsLine.SupplierSiteId": {
                        "required": {
                            "value": true
                        }
                    }
                }
            },
            "condition": {
                "expression": true
            }
        }
      ],
    "addCollectionMetadataRules": {
        "metadataRules": []
    },
    "imports": {},
    "metadataRulesVersion": "17.1.9"
}
