{
  "component-dependencies": {
    "oj-sp": {
      "version": "2410.0.3",
      "components": {
        "messages-banner": "2410.0.3",
        "messages-toast": "2410.0.3",
        "collection-detail-page": "2410.0.3",
        "collection-container": "2410.0.3",
        "list-item-template": "2410.0.3",
        "detail-panel": "2410.0.3",
        "empty-state": "2410.0.3",
        "message-unsaved-changes": "2410.0.3",
        "profile-card": "2410.0.3",
        "smart-search-page": "2410.0.3",
        "smart-search": "2410.0.3",
        "welcome-page": "2410.0.3"
      }
    }
  }
 }