id,creationDate,lastUpdateDate,createdBy,lastUpdatedBy,departmentName,manager,location
1,2020-01-31T11:44:25,2020-01-31T11:44:25,jane.smith@example.com,jane.smith@example.com,Administration,200.0,8.0
2,2020-01-31T11:44:25,2020-01-31T11:44:25,jane.smith@example.com,jane.smith@example.com,Marketing,201.0,9.0
3,2020-01-31T11:44:25,2020-01-31T11:45:06,jane.smith@example.com,jane.smith@example.com,Purchasing,114.0,8.0
4,2020-01-31T11:44:25,2020-01-31T11:44:25,jane.smith@example.com,jane.smith@example.com,Human Resources,,15.0
5,2020-01-31T11:44:25,2020-01-31T11:44:25,jane.smith@example.com,jane.smith@example.com,Shipping,120.0,6.0
6,2020-01-31T11:44:25,2020-01-31T11:44:25,jane.smith@example.com,jane.smith@example.com,IT,,5.0
7,2020-01-31T11:44:25,2020-01-31T11:44:25,jane.smith@example.com,jane.smith@example.com,Public Relations,,18.0
8,2020-01-31T11:44:25,2020-01-31T11:44:25,jane.smith@example.com,jane.smith@example.com,Sales,149.0,16.0
9,2020-01-31T11:44:25,2020-01-31T11:44:25,jane.smith@example.com,jane.smith@example.com,Executive,100.0,8.0
10,2020-01-31T11:44:25,2020-01-31T11:44:25,jane.smith@example.com,jane.smith@example.com,Finance,108.0,8.0
11,2020-01-31T11:44:25,2020-01-31T11:44:25,jane.smith@example.com,jane.smith@example.com,Accounting,,8.0
12,2020-01-31T11:44:25,2020-01-31T11:44:25,jane.smith@example.com,jane.smith@example.com,Treasury,,8.0
13,2020-01-31T11:44:25,2020-01-31T11:44:25,jane.smith@example.com,jane.smith@example.com,Corporate Tax,,8.0
14,2020-01-31T11:44:25,2020-01-31T11:44:25,jane.smith@example.com,jane.smith@example.com,Control And Credit,,8.0
15,2020-01-31T11:44:25,2020-01-31T11:44:25,jane.smith@example.com,jane.smith@example.com,Shareholder Services,,8.0
16,2020-01-31T11:44:25,2020-01-31T11:44:25,jane.smith@example.com,jane.smith@example.com,Benefits,,8.0
17,2020-01-31T11:44:25,2020-01-31T11:44:25,jane.smith@example.com,jane.smith@example.com,Manufacturing,,8.0
18,2020-01-31T11:44:25,2020-01-31T11:44:25,jane.smith@example.com,jane.smith@example.com,Construction,,8.0
19,2020-01-31T11:44:25,2020-01-31T11:44:25,jane.smith@example.com,jane.smith@example.com,Contracting,,8.0
20,2020-01-31T11:44:25,2020-01-31T11:44:25,jane.smith@example.com,jane.smith@example.com,Operations,,8.0
21,2020-01-31T11:44:25,2020-01-31T11:44:25,jane.smith@example.com,jane.smith@example.com,IT Support,,8.0
22,2020-01-31T11:44:25,2020-01-31T11:44:25,jane.smith@example.com,jane.smith@example.com,NOC,,8.0
23,2020-01-31T11:44:25,2020-01-31T11:44:25,jane.smith@example.com,jane.smith@example.com,IT Helpdesk,,8.0
24,2020-01-31T11:44:25,2020-01-31T11:44:25,jane.smith@example.com,jane.smith@example.com,Government Sales,,8.0
25,2020-01-31T11:44:25,2020-01-31T11:44:25,jane.smith@example.com,jane.smith@example.com,Retail Sales,,8.0
26,2020-01-31T11:44:25,2020-01-31T11:44:25,jane.smith@example.com,jane.smith@example.com,Recruiting,,8.0
27,2020-01-31T11:44:25,2020-01-31T11:44:25,jane.smith@example.com,jane.smith@example.com,Payroll,,8.0
