{

  "title": "",
  "description": "",
  "variables": {

    "pUserLogin": {
      "type": "string",
      "input": "fromCaller"
    },
    "selectedRow": {
      "type": "application:GET_RolesByUser"
    },
    "xUserLogin": {
      "type": "string",
      "defaultValue": "FIN_IMPL"
    },
    "xUserSelected": {
      "type": "application:GET_UsersLicenses"
    }

  },
  "types": {
    "@decorators.getall_MailsToManagers": {
      "endpoint": "getall_MailsToManagers",
      "service": "businessObjects",
      "path": "response-_-items[0]"
    },
    "@decorators.getallUserNamesByServiceResponse": {
      "endpoint": "getall_UserNamesByService",
      "service": "businessObjects",
      "path": "response"
    },
    "getall_MailsToManagers": {
      "ccMails": "string",
      "listOfRoles": "string",
      "managerMail": "string",
      "userMail": "string"

    },
    "getallUserNamesByServiceResponse": {
      "items": [
        {
          "FirstName": "string",
          "id": "number",
          "LastName": "string",
          "Service": "string",
          "UserLogin": "string"
        }
      ]
    },
    "PrivilegeType": {
      "Privilege": "string"
    }

  },
  "chains": {},
  "eventListeners": {

    "buttonActionClose2": {
      "chains": [
        {
          "chainId": "ButtonActionChain"
        }
      ]
    },
    "buttonActionLoad": {
      "chains": [
        {
          "chainId": "ButtonActionChainLoad"
        }
      ]
    },
    "buttonActionReset": {
      "chains": [
        {
          "chainId": "ButtonActionChainReset"
        }
      ]
    },
    "tableFirstSelectedRow": {
      "chains": [
        {
          "chainId": "TableFirstSelectedRowChangeChain",
          "parameters": {
            "rowKey": "{{$event.detail.value.key}}",
            "rowData": "{{$event.detail.value.data}}"
          }
        }
      ]
    },
    "vbEnter": {
      "chains": [
        {
          "chainId": "enterActionChain",
          "parameters": {}
        }
      ]
    }

  },
  "imports": {
    "components": {
      "oj-button": {
        "path": "ojs/ojbutton"
      },
      "oj-dialog": {
        "path": "ojs/ojdialog"
      },
      "oj-input-number": {
        "path": "ojs/ojinputnumber"
      },
      "oj-input-text": {
        "path": "ojs/ojinputtext"
      },
      "oj-label": {
        "path": "ojs/ojlabel"
      },
      "oj-sample-export-data": {
        "path": "oj-sample/export-data/loader"
      },
      "oj-table": {
        "path": "ojs/ojtable"
      },
      "oj-text-area": {
        "path": "ojs/ojinputtext"
      },
      "oj-toolbar": {
        "path": "ojs/ojtoolbar"
      }

    },
    "modules": {
      "ojValidationBase": {
        "path": "ojs/ojvalidation-base"
      }
    }
  }
}
