{
    "displayLabel": "Department",
    "fields": [
        {
            "displayLabel": "Id",
            "key": true,
            "name": "id",
            "oid": "cdfd0ed2-945c-4aa2-8efc-393dad33c1d9",
            "required": true,
            "type": "number",
            "unique": true
        },
        {
            "displayLabel": "Created",
            "historyType": "timeCreated",
            "name": "creationDate",
            "oid": "f7a345f4-5974-4caa-b83c-ebea15cbc384",
            "required": true,
            "type": "datetime"
        },
        {
            "displayLabel": "Last Updated",
            "historyType": "timeUpdated",
            "name": "lastUpdateDate",
            "oid": "01196c8c-63a1-4591-bc70-99069787e003",
            "required": true,
            "type": "datetime"
        },
        {
            "displayLabel": "Created By",
            "historyType": "createdBy",
            "name": "createdBy",
            "oid": "bdee1184-2051-4f59-acea-be1c44d2436a",
            "required": true,
            "type": "string"
        },
        {
            "displayLabel": "Last Updated By",
            "historyType": "updatedBy",
            "name": "lastUpdatedBy",
            "oid": "1b6cdac0-390c-434e-a146-c7e9ef7f0308",
            "required": true,
            "type": "string"
        },
        {
            "displayLabel": "Version Number",
            "historyType": "versionNumber",
            "name": "versionNumber",
            "oid": "43d3c4c5-12b4-42d1-b220-1223bbdc57d3",
            "type": "number"
        },
        {
            "displayLabel": "departmentName",
            "name": "departmentName",
            "oid": "b846f2ac-1263-492f-bc0f-7be9ce408651",
            "required": true,
            "type": "string"
        },
        {
            "displayLabel": "manager",
            "name": "manager",
            "oid": "53255660-fa96-4ae6-a151-18e4fd87ef56",
            "required": false,
            "type": "number"
        },
        {
            "displayLabel": "location",
            "name": "location",
            "oid": "ac79b047-d76f-4905-9334-7377683247ec",
            "required": true,
            "type": "number"
        }
    ],
    "hidden": false,
    "name": "Department",
    "oid": "67127c69-f723-4a5b-9949-2cee5c676c95",
    "relationships": [
        {
            "displayField": "departmentName",
            "name": "employeeCollection",
            "reverseRelationship": "departmentObject",
            "targetEntity": "Employee",
            "type": "incoming"
        }
    ]
}