{
  "title": "",
  "description": "",
  "variables": {
    "xSearch": {
      "type": "string"
    },
    "yAGGLOBALPARAMETERSDATAListSDP": {
      "type": "vb/ServiceDataProvider",
      "defaultValue": {
        "endpoint": "businessObjects/getall_YAGGLOBALPARAMETERSDATA",
        "keyAttributes": "id",
        "itemsPath": "items",
        "responseType": "getallYAGGLOBALPARAMETERSDATAResponse",
        "filterCriterion": {
          "op": "$or",
          "criteria": [
            {
              "op": "$co",
              "attribute": "globalParameterCode",
              "value": "{{ $variables.xSearch }}"
            },
            {
              "op": "$co",
              "attribute": "globalParameterName",
              "value": "{{ $variables.xSearch }}"
            },
            {
              "op": "$co",
              "attribute": "globalParameterValue",
              "value": "{{ $variables.xSearch }}"
            }
          ]
        }
      }
    }

  },
  "metadata": {},
  "types": {
    "@decorators.getallYAGGLOBALPARAMETERSDATAResponse": {
      "endpoint": "getall_YAGGLOBALPARAMETERSDATA",
      "service": "businessObjects",
      "path": "response"
    },
    "getallYAGGLOBALPARAMETERSDATAResponse": {
      "items": [
        {
          "attribute1": "string",
          "attribute2": "string",
          "attribute3": "string",
          "attribute4": "string",
          "attribute5": "string",
          "attribute6": "string",
          "attribute7": "string",
          "attribute8": "string",
          "enabledFlag": "string",
          "globalParameterCode": "string",
          "globalParameterDescription": "string",
          "globalParameterName": "string",
          "globalParameterValue": "string",
          "id": "number"

        }
      ]
    }
  },
  "eventListeners": {
    "collectionContainerSpAdd": {
      "chains": [
        {
          "chain": "CollectionContainerSpAddChain"
        }
      ]
    }
  },
  "imports": {
    "components": {

      "oj-input-text": {
        "path": "ojs/ojinputtext"
      },
      "oj-sp-collection-container": {
        "path": "oj-sp/collection-container/loader"
      },
      "oj-sp-welcome-page": {
        "path": "oj-sp/welcome-page/loader"
      },
      "oj-table": {
        "path": "ojs/ojtable"
      }
    }
  }
}
