{
  "title": "Create YAGGLOBALPARAMETERSDATA",
  "description": "Creates new YAGGLOBALPARAMETERSDATA",
  "variables": {
    "createYAGGLOBALPARAMETERSDATAChainInProgress": {
      "type": "boolean",
      "defaultValue": false
    },
    "yAGGLOBALPARAMETERSDATA": {
      "type": "createYAGGLOBALPARAMETERSDATARequest"
    }
  },
  "metadata": {},
  "types": {
    "@decorators.createYAGGLOBALPARAMETERSDATARequest": {
      "endpoint": "create_YAGGLOBALPARAMETERSDATA",
      "service": "businessObjects",
      "path": "request"
    },
    "createYAGGLOBALPARAMETERSDATARequest": {
      "attribute1": "string",
      "attribute10": "string",
      "attribute2": "string",
      "attribute3": "string",
      "attribute4": "string",
      "attribute5": "string",
      "attribute6": "string",
      "attribute7": "string",
      "attribute8": "string",
      "attribute9": "string",
      "enabledFlag": "string",
      "globalParameterCode": "string",
      "globalParameterDescription": "string",
      "globalParameterName": "string",
      "globalParameterValue": "string"

    }
  },
  "eventListeners": {
    "backButtonClicked": {
      "chains": [
        {
          "chain": "goBackChain"
        }
      ]
    },
    "ojGop1SpInFlowBack": {
      "chains": [
        {
          "chain": "GeneralOverviewPageTemplateSpInFlowBackChain"
        }
      ]
    },
    "saveButtonClicked": {
      "chains": [
        {
          "chain": "createYAGGLOBALPARAMETERSDATAChain"
        }
      ]
    }
  },
  "imports": {
    "components": {
      "oj-button": {
        "path": "ojs/ojbutton"
      },
      "oj-form-layout": {
        "path": "ojs/ojformlayout"
      },
      "oj-input-number": {
        "path": "ojs/ojinputnumber"
      },
      "oj-input-text": {
        "path": "ojs/ojinputtext"
      },
      "oj-sp-general-overview-page": {
        "path": "oj-sp/general-overview-page/loader"
      },
      "oj-toolbar": {
        "path": "ojs/ojtoolbar"
      },
      "oj-validation-group": {
        "path": "ojs/ojvalidationgroup"
      }
    },
    "modules": {
      "ojValidationNumber": {
        "path": "ojs/ojvalidation-number"
      }
    }
  }
}
