{
    "displayLabel": "Skill",
    "fields": [
        {
            "displayLabel": "Id",
            "key": true,
            "name": "id",
            "oid": "9f05a9f9-6f52-48b3-8d61-74712e70b1e9",
            "required": true,
            "type": "number",
            "unique": true
        },
        {
            "displayLabel": "Created",
            "historyType": "timeCreated",
            "name": "creationDate",
            "oid": "4558194a-156a-4115-abd3-fe6216eaccd2",
            "required": true,
            "type": "datetime"
        },
        {
            "displayLabel": "Last Updated",
            "historyType": "timeUpdated",
            "name": "lastUpdateDate",
            "oid": "443c8cb9-ef04-4206-a0d2-fdb5e35860b1",
            "required": true,
            "type": "datetime"
        },
        {
            "displayLabel": "Created By",
            "historyType": "createdBy",
            "name": "createdBy",
            "oid": "d9bdce4d-6971-4bdc-afdc-662d218e546a",
            "required": true,
            "type": "string"
        },
        {
            "displayLabel": "Last Updated By",
            "historyType": "updatedBy",
            "name": "lastUpdatedBy",
            "oid": "309a880b-2405-499e-b01f-4fee02336469",
            "required": true,
            "type": "string"
        },
        {
            "displayLabel": "Version Number",
            "historyType": "versionNumber",
            "name": "versionNumber",
            "oid": "3bfe6bc6-0879-47a8-b826-63eabeec26cf",
            "type": "number"
        },
        {
            "displayLabel": "name",
            "name": "name",
            "oid": "17ef0a22-2e9e-4956-add6-5c74b42f931e",
            "required": true,
            "type": "string"
        }
    ],
    "hidden": false,
    "name": "Skill",
    "oid": "2f9ef537-6eff-422a-be5f-d9f378339cf2"
}