{
  "title": "",
  "description": "",
  "constants": {
    "KEYWORD_FILTER_ATTRIBUTES": {
      "type": "string[]",
      "defaultValue": [
        "name",
        "job"
      ]
    }
  },
  "variables": {
    "allFilters": {
      "type": "filterChip[]",
      "defaultValue": "{{$page.variables.selectContextValueItem && $page.variables.selectContextValueItem.key ? (($page.variables.appliedFilters || []).concat([{ 'filter': 'keyword', 'label': $page.variables.selectContextValueItem.data ? $page.variables.selectContextValueItem.data.label : $page.variables.selectContextValueItem.key, 'value': $page.variables.selectContextValueItem.key }])) :  $page.variables.appliedFilters }}"
    },
    "appliedFilters": {
      "type": "filterChip[]",
      "defaultValue": "{{ $page.variables.appliedFiltersStr && $page.variables.appliedFiltersStr.length > 0 ? JSON.parse($page.variables.appliedFiltersStr) : [] }}",
      "onValueChanged": {
        "chains": [
          {
            "chain": "updateAllFilters",
            "parameters": {
              "value": "[[ $page.variables.appliedFilters ]]"
            }
          }
        ]
      }
    },
    "appliedFiltersStr": {
      "type": "string",
      "input": "fromUrl",
      "defaultValue": "",
      "onValueChanged": {
        "chains": [
          {
            "chain": "updateAppliedFilters",
            "parameters": {}
          }
        ]
      }
    },
    "countryListSDP": {
      "type": "vb/ServiceDataProvider",
      "defaultValue": {
        "endpoint": "businessObjects/getall_Country",
        "keyAttributes": "countryCode",
        "itemsPath": "items",
        "responseType": "getallCountryResponse",
        "transformsContext": {
          "vb-textFilterAttributes": [
            "countryName"
          ]
        }
      }
    },
    "departmentListSDP": {
      "type": "vb/ServiceDataProvider",
      "defaultValue": {
        "endpoint": "businessObjects/getall_Department",
        "keyAttributes": "id",
        "itemsPath": "items",
        "responseType": "getallDepartmentResponse",
        "transformsContext": {
          "vb-textFilterAttributes": [
            "departmentName"
          ]
        }
      }
    },
    "EmpDPV": {
      "type": "ojs/ojlistdataproviderview",
      "constructorParams": [
        "[[ $page.variables.employeeListSDP ]]",
        {
          "filterCriterion": "[[ $page.variables.filterCriterion ]]",
          "dataMapping": {
            "mapFilterCriterion": "[[ $page.functions.getSearchMapFilterCriterion($page.constants.KEYWORD_FILTER_ATTRIBUTES) ]]"
          }
        }
      ]
    },
    "askHint": {
      "type": "string",
      "defaultValue": "Search"
    },
    "displayMode": {
      "type": "string"
    },
    "employeeListSDP": {
      "type": "vb/ServiceDataProvider",
      "defaultValue": {
        "endpoint": "businessObjects/getall_Employee",
        "keyAttributes": "id",
        "itemsPath": "items",
        "responseType": "getallEmployeeResponse"
      }
    },
    "expanded": {
      "type": "string",
      "defaultValue": "auto"
    },
    "filterCriterion": {
      "type": "any"
    },
    "functionalPrimaryActions": {
      "type": "action[]"
    },
    "functionalSecondaryActions": {
      "type": "action[]"
    },
    "goToParentOption": {
      "type": "boolean",
      "defaultValue": false
    },
    "initialString": {
      "type": "string"
    },
    "jobListSDP": {
      "type": "vb/ServiceDataProvider",
      "defaultValue": {
        "endpoint": "businessObjects/getall_Job",
        "keyAttributes": "id",
        "itemsPath": "items",
        "responseType": "getallJobResponse",
        "transformsContext": {
          "vb-textFilterAttributes": [
            "jobTitle"
          ]
        }
      }
    },
    "primaryAction": {
      "type": "action"
    },
    "backgroundColor": {
      "type": "string",
      "defaultValue": "dark-ocean"
    },
    "illustrationBackground": {
      "type": "string",
      "defaultValue": "https://static.oracle.com/cdn/fnd/gallery/2307.0.2/images/illust-welcome-banner-bg-01.png"
    },
    "illustrationForeground": {
      "type": "string",
      "defaultValue": "https://static.oracle.com/cdn/fnd/gallery/2307.0.2/images/illust-welcome-banner-fg-01.png"
    },
    "imageStretch": {
      "type": "string",
      "defaultValue": "none"
    },
    "mobileImage": {
      "type": "string",
      "defaultValue": "on"
    },
    "searchConfiguration": {
      "type": "oj-sp/smart-search/strategies/JsonSearchConfigProviderFactory",
      "defaultValue": {
        "url": "[[ $application.path + 'resources/data/mySearchConfig_2.json' ]]"
      }
    },
    "searchContext": {
      "type": "object",
      "defaultValue": {
        "$search": {
          "filters": {
            "SalaryFilter": {
              "label": "Salary"
            },
            "DepartmentsFilter": {
              "label": "Departments",
              "options": {
                "optionsData": "[[ $page.variables.departmentListSDP ]]",
                "optionsKeys": {
                  "label": "departmentName",
                  "value": "id"
                }
              }
            },
            "JobsFilter": {
              "label": "Jobs",
              "options": {
                "optionsData": "[[ $page.variables.jobListSDP ]]",
                "optionsKeys": {
                  "label": "jobTitle",
                  "value": "id"
                }
              }
            }
          }
        }
      }
    },
    "searchResultsDP": {
      "type": "oj-sp/data-provider/SmartSearchAndFilterDataProvider",
      "defaultValue": {
        "//": "specify endpoint for search all below",
        "endpoint": null,
        "options": {
          "filterCriterion": {
            "op": "$eq",
            "value": {
              "filters": "{{$page.variables.allFilters}}"
            }
          },
          "parameters": {
            "smartSearchName": "<The name of the Smart Search as registered by the product team>"
          },
          "recentSearches": {
            "//": "specify endpoint where recent search data is saved below",
            "endpoint": null
          }
        }
      }
    },
    "searchSuggestionsDP": {
      "type": "oj-sp/data-provider/SmartSuggestionChipsDataProvider",
      "defaultValue": {
        "dataProviders": {
          "recentSearches": {
            "//": "specify endpoint for recent search below",
            "endpoint": null,
            "uriParameters": {
              "smartSearchName": "<The name of the Smart Search as registered by the product team>"
            }
          },
          "autocompleteSearch": {
            "//": "specify endpoint for search all below",
            "endpoint": null,
            "uriParameters": {
              "smartSearchName": "<The name of the Smart Search as registered by the product team>"
            }
          },
          "suggestionFiltersSearch": {
            "//": "specify endpoint for suggest search below",
            "endpoint": null,
            "uriParameters": {
              "smartSearchName": "<The name of the Smart Search as registered by the product team>"
            }
          }
        }
      }
    },
    "secondaryActions": {
      "type": "action[]"
    },
    "selectContextData": {
      "type": "vb/ArrayDataProvider"
    },
    "selectContextItemText": {
      "type": "string",
      "defaultValue": "label"
    },
    "selectContextLabelHint": {
      "type": "string"
    },
    "selectContextValue": {
      "type": "string",
      "defaultValue": null,
      "persisted": "device",
      "input": "fromUrl"
    },
    "selectContextValueItem": {
      "type": "any",
      "onValueChanged": {
        "chains": [
          {
            "chain": "updateAllFilters",
            "parameters": {
              "value": "[[ $page.variables.appliedFilters ]]"
            }
          }
        ]
      }
    },
    "showAllTotalCount": {
      "type": "boolean",
      "defaultValue": false
    },
    "suggestionFiltersDP": {
      "type": "oj-sp/data-provider/SuggestionFiltersDataProvider",
      "defaultValue": {
        "//": "specify endpoint for suggest search below",
        "endpoint": null,
        "uriParameters": {
          "smartSearchName": "<The name of the Smart Search as registered by the product team>"
        }
      }
    }
  },
  "metadata": {},
  "types": {
    "@decorators.getallCountryResponse": {
      "endpoint": "getall_Country",
      "service": "businessObjects",
      "path": "response"
    },
    "@decorators.getallDepartmentResponse": {
      "endpoint": "getall_Department",
      "service": "businessObjects",
      "path": "response"
    },
    "@decorators.getallEmployeeResponse": {
      "endpoint": "getall_Employee",
      "service": "businessObjects",
      "path": "response"
    },
    "@decorators.getallJobResponse": {
      "endpoint": "getall_Job",
      "service": "businessObjects",
      "path": "response"
    },
    "action": {
      "id": "string",
      "label": "string",
      "display": "string",
      "icon": "string"
    },
    "getallCountryResponse": {
      "items": [
        {
          "countryCode": "string",
          "countryName": "string"
        }
      ]
    },
    "getallDepartmentResponse": {
      "items": [
        {
          "departmentName": "string",
          "id": "number"
        }
      ]
    },
    "getallEmployeeResponse": {
      "items": [
        {
          "departmentObject": {
            "items": [
              {
                "departmentName": "string"
              }
            ]
          },
          "email": "string",
          "firstName": "string",
          "hireDate": "string",
          "id": "number",
          "jobObject": {
            "items": [
              {
                "jobTitle": "string"
              }
            ]
          },
          "lastName": "string",
          "managerObject": {
            "items": [
              {
                "firstName": "string"
              }
            ]
          },
          "phoneNumber": "string",
          "salary": "number"
        }
      ]
    },
    "getallJobResponse": {
      "items": [
        {
          "id": "number",
          "jobTitle": "string"
        }
      ]
    },
    "ojs/ojlistdataproviderview": {
      "constructorType": "vb/InstanceFactory"
    },
    "contextSelectType": {
      "value": "string",
      "label": "string"
    },
    "filterChip": {
      "count": "number",
      "dependencies": "string[]",
      "filter": "string",
      "filterLabel": "string",
      "label": "string",
      "value": "any"
    }
  },
  "eventListeners": {
    "ojSpGoToParent": {
      "chains": [
        {
          "chain": "goToParent",
          "parameters": {}
        }
      ]
    },
    "ojSpNavigateBack": {
      "chains": [
        {
          "chain": "navigateBack",
          "parameters": {}
        }
      ]
    },
    "ojSpSmartFiltersChangedAction": {
      "chains": [
        {
          "chain": "updateAllFilters",
          "parameters": {
            "value": "{{ $event.detail.value }}"
          }
        }
      ]
    }
  },
  "imports": {
    "components": {
      "oj-list-view": {
        "path": "ojs/ojlistview"
      },
      "oj-sp-collection-container": {
        "path": "oj-sp/collection-container/loader"
      },
      "oj-sp-empty-state": {
        "path": "oj-sp/empty-state/loader"
      },
      "oj-sp-list-item-template": {
        "path": "oj-sp/list-item-template/loader"
      },
      "oj-sp-smart-search": {
        "path": "oj-sp/smart-search/loader"
      },
      "oj-sp-smart-search-page": {
        "path": "oj-sp/smart-search-page/loader"
      },
      "oj-sp-welcome-page": {
        "path": "oj-sp/welcome-page/loader"
      }
    }
  }
}