id,creationDate,lastUpdateDate,createdBy,lastUpdatedBy,firstName,lastName,email,phoneNumber,hireDate,job,salary,commissionPct,manager,department
100,2020-02-03T14:43:12,2020-02-03T14:43:12,jane.smith@example.com,jane.smith@example.com,Steven,King,sking@example.com,515.123.4567,2003-06-17,1,24000.0,,,9
101,2020-02-03T14:43:12,2020-02-03T14:43:12,jane.smith@example.com,jane.smith@example.com,Neena,Kochhar,nkochhar@example.com,515.123.4568,2005-09-21,2,17000.0,,100,9
102,2020-02-03T14:43:12,2020-02-03T14:43:12,jane.smith@example.com,jane.smith@example.com,Lex,De Haan,ldehaan@example.com,515.123.4569,2001-01-13,2,17000.0,,100,9
103,2020-02-03T14:43:12,2020-02-03T14:43:12,jane.smith@example.com,jane.smith@example.com,Alexander,Hunold,ahunold@example.com,590.423.4567,2006-01-03,15,9000.0,,102,6
104,2020-02-03T14:43:12,2020-02-03T14:43:12,jane.smith@example.com,jane.smith@example.com,Bruce,Ernst,bernst@example.com,590.423.4568,2007-05-21,15,6000.0,,103,6
105,2020-02-03T14:43:12,2020-02-03T14:43:12,jane.smith@example.com,jane.smith@example.com,David,Austin,daustin@example.com,590.423.4569,2005-06-25,15,4800.0,,103,6
106,2020-02-03T14:43:12,2020-02-03T14:43:12,jane.smith@example.com,jane.smith@example.com,Valli,Pataballa,vpatabal@example.com,590.423.4560,2006-02-05,15,4800.0,,103,6
107,2020-02-03T14:43:12,2020-02-03T14:43:12,jane.smith@example.com,jane.smith@example.com,Diana,Lorentz,dlorentz@example.com,590.423.5567,2007-02-07,15,4200.0,,103,6
108,2020-02-03T14:43:12,2020-02-03T14:43:12,jane.smith@example.com,jane.smith@example.com,Nancy,Greenberg,ngreenbe@example.com,515.124.4569,2002-08-17,4,12008.0,,101,10
109,2020-02-03T14:43:12,2020-02-03T14:43:12,jane.smith@example.com,jane.smith@example.com,Daniel,Faviet,dfaviet@example.com,515.124.4169,2002-08-16,5,9000.0,,108,10
110,2020-02-03T14:43:12,2020-02-03T14:43:12,jane.smith@example.com,jane.smith@example.com,John,Chen,jchen@example.com,515.124.4269,2005-09-28,5,8200.0,,108,10
111,2020-02-03T14:43:12,2020-02-03T14:43:12,jane.smith@example.com,jane.smith@example.com,Ismael,Sciarra,isciarra@example.com,515.124.4369,2005-09-30,5,7700.0,,108,10
112,2020-02-03T14:43:12,2020-02-03T14:43:12,jane.smith@example.com,jane.smith@example.com,Jose Manuel,Urman,jmurman@example.com,515.124.4469,2006-03-07,5,7800.0,,108,10
113,2020-02-03T14:43:12,2020-02-03T14:43:12,jane.smith@example.com,jane.smith@example.com,Luis,Popp,lpopp@example.com,515.124.4567,2007-12-07,5,6900.0,,108,10
114,2020-02-03T14:43:12,2020-02-03T14:43:12,jane.smith@example.com,jane.smith@example.com,Den,Raphaely,drapheal@example.com,515.127.4561,2002-12-07,10,11000.0,,100,3
115,2020-02-03T14:43:12,2020-02-03T14:43:12,jane.smith@example.com,jane.smith@example.com,Alexander,Khoo,akhoo@example.com,515.127.4562,2003-05-18,11,3100.0,,114,3
116,2020-02-03T14:43:12,2020-02-03T14:43:12,jane.smith@example.com,jane.smith@example.com,Shelli,Baida,sbaida@example.com,515.127.4563,2005-12-24,11,2900.0,,114,3
117,2020-02-03T14:43:12,2020-02-03T14:43:12,jane.smith@example.com,jane.smith@example.com,Sigal,Tobias,stobias@example.com,515.127.4564,2005-07-24,11,2800.0,,114,3
118,2020-02-03T14:43:12,2020-02-03T14:43:12,jane.smith@example.com,jane.smith@example.com,Guy,Himuro,ghimuro@example.com,515.127.4565,2006-11-15,11,2600.0,,114,3
119,2020-02-03T14:43:12,2020-02-03T14:43:12,jane.smith@example.com,jane.smith@example.com,Karen,Colmenares,kcolmena@example.com,515.127.4566,2007-08-10,11,2500.0,,114,3
120,2020-02-03T14:43:12,2020-02-03T14:43:12,jane.smith@example.com,jane.smith@example.com,Matthew,Weiss,mweiss@example.com,650.123.1234,2004-07-18,12,8000.0,,100,5
121,2020-02-03T14:43:12,2020-02-03T14:43:12,jane.smith@example.com,jane.smith@example.com,Adam,Fripp,afripp@example.com,650.123.2234,2005-04-10,12,8200.0,,100,5
122,2020-02-03T14:43:12,2020-02-03T14:43:12,jane.smith@example.com,jane.smith@example.com,Payam,Kaufling,pkauflin@example.com,650.123.3234,2003-05-01,12,7900.0,,100,5
123,2020-02-03T14:43:12,2020-02-03T14:43:12,jane.smith@example.com,jane.smith@example.com,Shanta,Vollman,svollman@example.com,650.123.4234,2005-10-10,12,6500.0,,100,5
124,2020-02-03T14:43:12,2020-02-03T14:43:12,jane.smith@example.com,jane.smith@example.com,Kevin,Mourgos,kmourgos@example.com,650.123.5234,2007-11-16,12,5800.0,,100,5
125,2020-02-03T14:43:12,2020-02-03T14:43:12,jane.smith@example.com,jane.smith@example.com,Julia,Nayer,jnayer@example.com,650.124.1214,2005-07-16,13,3200.0,,120,5
126,2020-02-03T14:43:12,2020-02-03T14:43:12,jane.smith@example.com,jane.smith@example.com,Irene,Mikkilineni,imikkili@example.com,650.124.1224,2006-09-28,13,2700.0,,120,5
127,2020-02-03T14:43:12,2020-02-03T14:43:12,jane.smith@example.com,jane.smith@example.com,James,Landry,jlandry@example.com,650.124.1334,2007-01-14,13,2400.0,,120,5
128,2020-02-03T14:43:12,2020-02-03T14:43:12,jane.smith@example.com,jane.smith@example.com,Steven,Markle,smarkle@example.com,650.124.1434,2008-03-08,13,2200.0,,120,5
129,2020-02-03T14:43:12,2020-02-03T14:43:12,jane.smith@example.com,jane.smith@example.com,Laura,Bissot,lbissot@example.com,650.124.5234,2005-08-20,13,3300.0,,121,5
130,2020-02-03T14:43:12,2020-02-03T14:43:12,jane.smith@example.com,jane.smith@example.com,Mozhe,Atkinson,matkinso@example.com,650.124.6234,2005-10-30,13,2800.0,,121,5
131,2020-02-03T14:43:12,2020-02-03T14:43:12,jane.smith@example.com,jane.smith@example.com,James,Marlow,jamrlow@example.com,650.124.7234,2005-02-16,13,2500.0,,121,5
132,2020-02-03T14:43:12,2020-02-03T14:43:12,jane.smith@example.com,jane.smith@example.com,TJ,Olson,tjolson@example.com,650.124.8234,2007-04-10,13,2100.0,,121,5
133,2020-02-03T14:43:12,2020-02-03T14:43:12,jane.smith@example.com,jane.smith@example.com,Jason,Mallin,jmallin@example.com,650.127.1934,2004-06-14,13,3300.0,,122,5
134,2020-02-03T14:43:12,2020-02-03T14:43:12,jane.smith@example.com,jane.smith@example.com,Michael,Rogers,mrogers@example.com,650.127.1834,2006-08-26,13,2900.0,,122,5
135,2020-02-03T14:43:12,2020-02-03T14:43:12,jane.smith@example.com,jane.smith@example.com,Ki,Gee,kgee@example.com,650.127.1734,2007-12-12,13,2400.0,,122,5
136,2020-02-03T14:43:12,2020-02-03T14:43:12,jane.smith@example.com,jane.smith@example.com,Hazel,Philtanker,hphiltan@example.com,650.127.1634,2008-02-06,13,2200.0,,122,5
137,2020-02-03T14:43:12,2020-02-03T14:43:12,jane.smith@example.com,jane.smith@example.com,Renske,Ladwig,rladwig@example.com,650.121.1234,2003-07-14,13,3600.0,,123,5
138,2020-02-03T14:43:12,2020-02-03T14:43:12,jane.smith@example.com,jane.smith@example.com,Stephen,Stiles,sstiles@example.com,650.121.2034,2005-10-26,13,3200.0,,123,5
139,2020-02-03T14:43:12,2020-02-03T14:43:12,jane.smith@example.com,jane.smith@example.com,John,Seo,jseo@example.com,650.121.2019,2006-02-12,13,2700.0,,123,5
140,2020-02-03T14:43:12,2020-02-03T14:43:12,jane.smith@example.com,jane.smith@example.com,Joshua,Patel,jpatel@example.com,650.121.1834,2006-04-06,13,2500.0,,123,5
141,2020-02-03T14:43:12,2020-02-03T14:43:12,jane.smith@example.com,jane.smith@example.com,Trenna,Rajs,trajs@example.com,650.121.8009,2003-10-17,13,3500.0,,124,5
142,2020-02-03T14:43:12,2020-02-03T14:43:12,jane.smith@example.com,jane.smith@example.com,Curtis,Davies,cdavies@example.com,650.121.2994,2005-01-29,13,3100.0,,124,5
143,2020-02-03T14:43:12,2020-02-03T14:43:12,jane.smith@example.com,jane.smith@example.com,Randall,Matos,rmatos@example.com,650.121.2874,2006-03-15,13,2600.0,,124,5
144,2020-02-03T14:43:12,2020-02-03T14:43:12,jane.smith@example.com,jane.smith@example.com,Peter,Vargas,pvargas@example.com,650.121.2004,2006-07-09,13,2500.0,,124,5
145,2020-02-03T14:43:12,2020-02-03T14:43:12,jane.smith@example.com,jane.smith@example.com,John,Russell,jrussel@example.com,011.44.1344.429268,2004-10-01,8,14000.0,0.4,100,8
146,2020-02-03T14:43:12,2020-02-03T14:43:12,jane.smith@example.com,jane.smith@example.com,Karen,Partners,kpartner@example.com,011.44.1344.467268,2005-01-05,8,13500.0,0.3,100,8
147,2020-02-03T14:43:12,2020-02-03T14:43:12,jane.smith@example.com,jane.smith@example.com,Alberto,Errazuriz,aerrazur@example.com,011.44.1344.429278,2005-03-10,8,12000.0,0.3,100,8
148,2020-02-03T14:43:12,2020-02-03T14:43:12,jane.smith@example.com,jane.smith@example.com,Gerald,Cambrault,gcambrau@example.com,011.44.1344.619268,2007-10-15,8,11000.0,0.3,100,8
149,2020-02-03T14:43:12,2020-02-03T14:43:12,jane.smith@example.com,jane.smith@example.com,Eleni,Zlotkey,ezlotkey@example.com,011.44.1344.429018,2008-01-29,8,10500.0,0.2,100,8
150,2020-02-03T14:43:12,2020-02-03T14:43:12,jane.smith@example.com,jane.smith@example.com,Peter,Tucker,ptucker@example.com,011.44.1344.129268,2005-01-30,9,10000.0,0.3,145,8
151,2020-02-03T14:43:12,2020-02-03T14:43:12,jane.smith@example.com,jane.smith@example.com,David,Bernstein,dbernste@example.com,011.44.1344.345268,2005-03-24,9,9500.0,0.25,145,8
152,2020-02-03T14:43:12,2020-02-03T14:43:12,jane.smith@example.com,jane.smith@example.com,Peter,Hall,phall@example.com,011.44.1344.478968,2005-08-20,9,9000.0,0.25,145,8
153,2020-02-03T14:43:12,2020-02-03T14:43:12,jane.smith@example.com,jane.smith@example.com,Christopher,Olsen,colsen@example.com,011.44.1344.498718,2006-03-30,9,8000.0,0.2,145,8
154,2020-02-03T14:43:12,2020-02-03T14:43:12,jane.smith@example.com,jane.smith@example.com,Nanette,Cambrault,ncambrau@example.com,011.44.1344.987668,2006-12-09,9,7500.0,0.2,145,8
155,2020-02-03T14:43:12,2020-02-03T14:43:12,jane.smith@example.com,jane.smith@example.com,Oliver,Tuvault,otuvault@example.com,011.44.1344.486508,2007-11-23,9,7000.0,0.15,145,8
156,2020-02-03T14:43:12,2020-02-03T14:43:12,jane.smith@example.com,jane.smith@example.com,Janette,King,jking@example.com,011.44.1345.429268,2004-01-30,9,10000.0,0.35,146,8
157,2020-02-03T14:43:12,2020-02-03T14:43:12,jane.smith@example.com,jane.smith@example.com,Patrick,Sully,psully@example.com,011.44.1345.929268,2004-03-04,9,9500.0,0.35,146,8
158,2020-02-03T14:43:12,2020-02-03T14:43:12,jane.smith@example.com,jane.smith@example.com,Allan,McEwen,amcewen@example.com,011.44.1345.829268,2004-08-01,9,9000.0,0.35,146,8
159,2020-02-03T14:43:12,2020-02-03T14:43:12,jane.smith@example.com,jane.smith@example.com,Lindsey,Smith,lsmith@example.com,011.44.1345.729268,2005-03-10,9,8000.0,0.3,146,8
160,2020-02-03T14:43:12,2020-02-03T14:43:12,jane.smith@example.com,jane.smith@example.com,Louise,Doran,ldoran@example.com,011.44.1345.629268,2005-12-15,9,7500.0,0.3,146,8
161,2020-02-03T14:43:12,2020-02-03T14:43:12,jane.smith@example.com,jane.smith@example.com,Sarath,Sewall,ssewall@example.com,011.44.1345.529268,2006-11-03,9,7000.0,0.25,146,8
162,2020-02-03T14:43:12,2020-02-03T14:43:12,jane.smith@example.com,jane.smith@example.com,Clara,Vishney,cvishney@example.com,011.44.1346.129268,2005-11-11,9,10500.0,0.25,147,8
163,2020-02-03T14:43:12,2020-02-03T14:43:12,jane.smith@example.com,jane.smith@example.com,Danielle,Greene,dgreene@example.com,011.44.1346.229268,2007-03-19,9,9500.0,0.15,147,8
164,2020-02-03T14:43:12,2020-02-03T14:43:12,jane.smith@example.com,jane.smith@example.com,Mattea,Marvins,mmarvins@example.com,011.44.1346.329268,2008-01-24,9,7200.0,0.1,147,8
165,2020-02-03T14:43:12,2020-02-03T14:43:12,jane.smith@example.com,jane.smith@example.com,David,Lee,dlee@example.com,011.44.1346.529268,2008-02-23,9,6800.0,0.1,147,8
166,2020-02-03T14:43:12,2020-02-03T14:43:12,jane.smith@example.com,jane.smith@example.com,Sundar,Ande,sande@example.com,011.44.1346.629268,2008-03-24,9,6400.0,0.1,147,8
167,2020-02-03T14:43:12,2020-02-03T14:43:12,jane.smith@example.com,jane.smith@example.com,Amit,Banda,abanda@example.com,011.44.1346.729268,2008-04-21,9,6200.0,0.1,147,8
168,2020-02-03T14:43:12,2020-02-03T14:43:12,jane.smith@example.com,jane.smith@example.com,Lisa,Ozer,lozer@example.com,011.44.1343.929268,2005-03-11,9,11500.0,0.25,148,8
169,2020-02-03T14:43:12,2020-02-03T14:43:12,jane.smith@example.com,jane.smith@example.com,Harrison,Bloom,hbloom@example.com,011.44.1343.829268,2006-03-23,9,10000.0,0.2,148,8
170,2020-02-03T14:43:12,2020-02-03T14:43:12,jane.smith@example.com,jane.smith@example.com,Tayler,Fox,tfox@example.com,011.44.1343.729268,2006-01-24,9,9600.0,0.2,148,8
171,2020-02-03T14:43:12,2020-02-03T14:43:12,jane.smith@example.com,jane.smith@example.com,William,Smith,wsmith@example.com,011.44.1343.629268,2007-02-23,9,7400.0,0.15,148,8
172,2020-02-03T14:43:12,2020-02-03T14:43:12,jane.smith@example.com,jane.smith@example.com,Elizabeth,Bates,ebates@example.com,011.44.1343.529268,2007-03-24,9,7300.0,0.15,148,8
173,2020-02-03T14:43:12,2020-02-03T14:43:12,jane.smith@example.com,jane.smith@example.com,Sundita,Kumar,skumar@example.com,011.44.1343.329268,2008-04-21,9,6100.0,0.1,148,8
174,2020-02-03T14:43:12,2021-12-12T15:37:04,jane.smith@example.com,juanje,Ellen888,AbeliiiPPPP,eabel@example.com,011.44.1644.429267,2004-05-11,9,11000.0,0.3,149,8
175,2020-02-03T14:43:12,2020-02-03T14:43:12,jane.smith@example.com,jane.smith@example.com,Alyssa,Hutton,ahutton@example.com,011.44.1644.429266,2005-03-19,9,8800.0,0.25,149,8
176,2020-02-03T14:43:12,2020-02-03T14:43:12,jane.smith@example.com,jane.smith@example.com,Jonathon,Taylor,jtaylor@example.com,011.44.1644.429265,2006-03-24,9,8600.0,0.2,149,8
177,2020-02-03T14:43:12,2020-02-03T14:43:12,jane.smith@example.com,jane.smith@example.com,Jack,Livingston,jlivings@example.com,011.44.1644.429264,2006-04-23,9,8400.0,0.2,149,8
178,2020-02-03T14:43:12,2020-02-03T14:43:12,jane.smith@example.com,jane.smith@example.com,Kimberely,Grant,kgrant@example.com,011.44.1644.429263,2007-05-24,9,7000.0,0.15,149,8
179,2020-02-03T14:43:12,2020-02-03T14:43:12,jane.smith@example.com,jane.smith@example.com,Charles,Johnson,cjohnson@example.com,011.44.1644.429262,2008-01-04,9,6200.0,0.1,149,8
180,2020-02-03T14:43:12,2020-02-03T14:43:12,jane.smith@example.com,jane.smith@example.com,Winston,Taylor,wtaylor@example.com,650.507.9876,2006-01-24,14,3200.0,,120,5
181,2020-02-03T14:43:12,2020-02-03T14:43:12,jane.smith@example.com,jane.smith@example.com,Jean,Fleaur,jfleaur@example.com,650.507.9877,2006-02-23,14,3100.0,,120,5
182,2020-02-03T14:43:12,2020-02-03T14:43:12,jane.smith@example.com,jane.smith@example.com,Martha,Sullivan,msulliva@example.com,650.507.9878,2007-06-21,14,2500.0,,120,5
183,2020-02-03T14:43:12,2020-02-03T14:43:12,jane.smith@example.com,jane.smith@example.com,Girard,Geoni,ggeoni@example.com,650.507.9879,2008-02-03,14,2800.0,,120,5
184,2020-02-03T14:43:12,2020-02-03T14:43:12,jane.smith@example.com,jane.smith@example.com,Nandita,Sarchand,nsarchan@example.com,650.509.1876,2004-01-27,14,4200.0,,121,5
185,2020-02-03T14:43:12,2020-02-03T14:43:12,jane.smith@example.com,jane.smith@example.com,Alexis,Bull,abull@example.com,650.509.2876,2005-02-20,14,4100.0,,121,5
186,2020-02-03T14:43:12,2020-02-03T14:43:12,jane.smith@example.com,jane.smith@example.com,Julia,Dellinger,jdelling@example.com,650.509.3876,2006-06-24,14,3400.0,,121,5
187,2020-02-03T14:43:12,2020-02-03T14:43:12,jane.smith@example.com,jane.smith@example.com,Anthony,Cabrio,acabrio@example.com,650.509.4876,2007-02-07,14,3000.0,,121,5
188,2020-02-03T14:43:12,2020-02-03T14:43:12,jane.smith@example.com,jane.smith@example.com,Kelly,Chung,kchung@example.com,650.505.1876,2005-06-14,14,3800.0,,122,5
189,2020-02-03T14:43:12,2020-02-03T14:43:12,jane.smith@example.com,jane.smith@example.com,Jennifer,Dilly,jdilly@example.com,650.505.2876,2005-08-13,14,3600.0,,122,5
190,2020-02-03T14:43:12,2020-02-03T14:43:12,jane.smith@example.com,jane.smith@example.com,Timothy,Gates,tgates@example.com,650.505.3876,2006-07-11,14,2900.0,,122,5
191,2020-02-03T14:43:12,2020-02-03T14:43:12,jane.smith@example.com,jane.smith@example.com,Randall,Perkins,rperkins@example.com,650.505.4876,2007-12-19,14,2500.0,,122,5
192,2020-02-03T14:43:12,2020-02-03T14:43:12,jane.smith@example.com,jane.smith@example.com,Sarah,Bell,sbell@example.com,650.501.1876,2004-02-04,14,4000.0,,123,5
193,2020-02-03T14:43:12,2020-02-03T14:43:12,jane.smith@example.com,jane.smith@example.com,Britney,Everett,beverett@example.com,650.501.2876,2005-03-03,14,3900.0,,123,5
194,2020-02-03T14:43:12,2020-02-03T14:43:12,jane.smith@example.com,jane.smith@example.com,Samuel,McCain,smccain@example.com,650.501.3876,2006-07-01,14,3200.0,,123,5
195,2020-02-03T14:43:12,2020-02-03T14:43:12,jane.smith@example.com,jane.smith@example.com,Vance,Jones,vjones@example.com,650.501.4876,2007-03-17,14,2800.0,,123,5
196,2020-02-03T14:43:12,2020-02-03T14:43:12,jane.smith@example.com,jane.smith@example.com,Alana,Walsh,awalsh@example.com,650.507.9811,2006-04-24,14,3100.0,,124,5
197,2020-02-03T14:43:12,2020-02-03T14:43:12,jane.smith@example.com,jane.smith@example.com,Kevin,Feeney,kfeeney@example.com,650.507.9822,2006-05-23,14,3000.0,,124,5
198,2020-02-03T14:43:12,2020-02-03T14:43:12,jane.smith@example.com,jane.smith@example.com,Donald,OConnell,doconnel@example.com,650.507.9833,2007-06-21,14,2600.0,,124,5
199,2020-02-03T14:43:12,2020-02-03T14:43:12,jane.smith@example.com,jane.smith@example.com,Douglas,Grant,dgrant@example.com,650.507.9844,2008-01-13,14,2600.0,,124,5
200,2020-02-03T14:43:12,2020-02-03T14:43:12,jane.smith@example.com,jane.smith@example.com,Jennifer,Whalen,jwhalen@example.com,515.123.4444,2003-09-17,3,4400.0,,101,1
201,2020-02-03T14:43:12,2020-02-03T14:43:12,jane.smith@example.com,jane.smith@example.com,Michael,Hartstein,mhartste@example.com,515.123.5555,2004-02-17,16,13000.0,,100,2
202,2020-02-03T14:43:12,2020-02-03T14:43:12,jane.smith@example.com,jane.smith@example.com,Pat,Fay,pfay@example.com,603.123.6666,2005-08-17,17,6000.0,,201,2
203,2020-02-03T14:43:12,2020-02-03T14:43:12,jane.smith@example.com,jane.smith@example.com,Susan,Mavris,smavris@example.com,515.123.7777,2002-06-07,18,6500.0,,101,4
204,2020-02-03T14:43:12,2020-02-03T14:43:12,jane.smith@example.com,jane.smith@example.com,Hermann,Baer,hbaer@example.com,515.123.8888,2002-06-07,19,10000.0,,101,7
205,2020-02-03T14:43:12,2020-02-03T14:43:12,jane.smith@example.com,jane.smith@example.com,Shelley,Higgins,shiggins@example.com,515.123.8080,2002-06-07,6,12008.0,,101,11
206,2020-02-03T14:43:12,2020-02-03T14:43:12,jane.smith@example.com,jane.smith@example.com,William,Gietz,wgietz@example.com,515.123.8181,2002-06-07,5,8300.0,,205,11
