{
    "migrationVersion": "MjUwMQ==",
    "features": {
        "extensionEnabled": true
    },
    "extensionFrameworkVersion": "2.0.0",
    "id": "site_prc_extension",
    "source.version": "2501",
    "name": "PRC Extension",
    "description": "",
    "version": "0.1",
    "frameworkVersion": "1.0.0",
    "dependencies": [
{
            "id": "oracle_prc_supplierUI",
            "version": ">=2501.4.242972259"
        },
        {
            "id": "oracle_prc_supplierregistrationUI",
            "version": ">=2501.56.250170529"
        }
    ]
}