{
    "displayLabel": "Job",
    "fields": [
        {
            "displayLabel": "Id",
            "key": true,
            "name": "id",
            "oid": "61af0862-54a2-4b96-9322-4cb052c43999",
            "required": true,
            "type": "number",
            "unique": true
        },
        {
            "displayLabel": "Created",
            "historyType": "timeCreated",
            "name": "creationDate",
            "oid": "9d1814e2-62e0-4b2e-b52f-b46034c0ed16",
            "required": true,
            "type": "datetime"
        },
        {
            "displayLabel": "Last Updated",
            "historyType": "timeUpdated",
            "name": "lastUpdateDate",
            "oid": "80e91acf-04fc-4299-9a1f-b55c6732ce6a",
            "required": true,
            "type": "datetime"
        },
        {
            "displayLabel": "Created By",
            "historyType": "createdBy",
            "name": "createdBy",
            "oid": "5cba0803-ea38-41c5-9cb4-935dc14dd1bc",
            "required": true,
            "type": "string"
        },
        {
            "displayLabel": "Last Updated By",
            "historyType": "updatedBy",
            "name": "lastUpdatedBy",
            "oid": "02271ed5-375b-43e9-874e-8324851bc21b",
            "required": true,
            "type": "string"
        },
        {
            "displayLabel": "Version Number",
            "historyType": "versionNumber",
            "name": "versionNumber",
            "oid": "6686a8af-f3d8-4fd1-a04c-bd053694cb08",
            "type": "number"
        },
        {
            "displayLabel": "jobTitle",
            "name": "jobTitle",
            "oid": "5290820a-4544-4a30-b9d4-8ab2df6d79e6",
            "required": true,
            "type": "string"
        },
        {
            "displayLabel": "minSalary",
            "name": "minSalary",
            "oid": "ee5772e5-c2ac-43b7-8359-7a2dabf8639f",
            "required": true,
            "scale": 1,
            "type": "number"
        },
        {
            "displayLabel": "maxSalary",
            "name": "maxSalary",
            "oid": "cdb7aa6e-2334-4683-babe-63d5c21b975b",
            "required": true,
            "scale": 1,
            "type": "number"
        }
    ],
    "hidden": false,
    "name": "Job",
    "oid": "de67dab9-82bb-4898-9e88-2c723826c269"
}