{
  "title": "Purchase Requisitions/Lines Detail",
  "description": "Displays purchaseRequisitions/lines record",
  "variables": {
    "poReqId": {
      "type": "string",
      "input": "fromUrl"
    },
    "purchaseRequisitionsLines": {
      "type": "getPurchaseRequisitionsLinesResponse"
    },
    "purchaseRequisitionsLinesId": {
      "type": "string",
      "required": true,
      "input": "fromUrl"
    }
  },
  "metadata": {},
  "types": {
    "@decorators.getPurchaseRequisitionsLinesResponse": {
      "endpoint": "get_purchaseRequisitions-lines",
      "service": "sn_pr_01",
      "path": "request"
    },
    "getPurchaseRequisitionsLinesResponse": {
      "CategoryName": "string",
      "DeliverToLocationCode": "string",
      "DestinationOrganization": "string",
      "DestinationOrganizationCode": "string",
      "Item": "string",
      "ItemDescription": "string",
      "ItemId": "number",
      "LineImageURL": "string",
      "LineStatus": "string",
      "Price": "number",
      "Quantity": "number",
      "SourceOrganization": "string",
      "SourceOrganizationCode": "string",
      "Supplier": "string",
      "SupplierSite": "string"
    }
  },
  "eventListeners": {
    "backButtonClicked": {
      "chains": [
        {
          "chain": "goBackChain"
        }
      ]
    },
    "vbEnter": {
      "chains": [
        {
          "chain": "loadPurchaseRequisitionsLinesChain"
        }
      ]
    }
  },
  "imports": {
    "components": {
      "oj-button": {
        "path": "ojs/ojbutton"
      },
      "oj-form-layout": {
        "path": "ojs/ojformlayout"
      },
      "oj-input-number": {
        "path": "ojs/ojinputnumber"
      },
      "oj-input-text": {
        "path": "ojs/ojinputtext"
      },
      "oj-toolbar": {
        "path": "ojs/ojtoolbar"
      }
    },
    "modules": {
      "ojValidationBase": {
        "path": "ojs/ojvalidation-base"
      }
    }
  }
}
