{
    "openapi": "3.0.0",
    "info": {
        "version": "11.13.18.05",
        "title": "Enterprise Resource Planning and Supply Chain",
        "x-vb": {
            "serviceType": "adf-describe",
            "transforms": {
                "path": "vb/BusinessObjectsTransforms"
            }
        }
    },
    "servers": [
        {
            "url": "vb-catalog://backends/fscmRestApi/11.13.18.05"
        }
    ],
    "tags": [
        {
            "name": "transferOrders"
        },
        {
            "name": "transferOrders/transferOrderHeaderDFFs"
        },
        {
            "name": "transferOrders/transferOrderLines"
        },
        {
            "name": "transferOrders/transferOrderLines/transferOrderDistributions"
        },
        {
            "name": "transferOrders/transferOrderLines/transferOrderDistributions/transferOrderDistributionDFFs"
        },
        {
            "name": "transferOrders/transferOrderLines/transferOrderDistributions/transferOrderDistributionProjectDFFs"
        },
        {
            "name": "transferOrders/transferOrderLines/transferOrderLineDFFs"
        }
    ],
    "paths": {
        "/": {
            "get": {
                "summary": "version representation",
                "operationId": "version_representation",
                "responses": {
                    "default": {
                        "description": "The following table describes the default response for this task.",
                        "content": {
                            "application/json": {
                                "schema": {
                                    "type": "object",
                                    "properties": {
                                        "version": {
                                            "type": "string"
                                        },
                                        "lifecycle": {
                                            "type": "string"
                                        },
                                        "isLatest": {
                                            "type": "boolean"
                                        },
                                        "adf:extension": {
                                            "type": "object",
                                            "properties": {
                                                "defaultFrameworkVersion": {
                                                    "type": "string"
                                                },
                                                "allowedFrameworkVersions": {
                                                    "type": "array",
                                                    "items": {
                                                        "type": "string"
                                                    }
                                                }
                                            }
                                        },
                                        "links": {
                                            "type": "array",
                                            "items": {
                                                "type": "object",
                                                "properties": {
                                                    "rel": {
                                                        "type": "string",
                                                        "enum": [
                                                            "self",
                                                            "canonical",
                                                            "predecessor-version",
                                                            "successor-version",
                                                            "describe",
                                                            "openapi"
                                                        ]
                                                    },
                                                    "href": {
                                                        "type": "string"
                                                    },
                                                    "name": {
                                                        "type": "string",
                                                        "enum": [
                                                            "self",
                                                            "canonical",
                                                            "predecessor-version",
                                                            "successor-version",
                                                            "describe",
                                                            "openapi"
                                                        ]
                                                    },
                                                    "kind": {
                                                        "type": "string",
                                                        "enum": [
                                                            "item",
                                                            "describe"
                                                        ]
                                                    }
                                                }
                                            }
                                        }
                                    }
                                }
                            }
                        }
                    }
                }
            },
            "post": {
                "summary": "batch",
                "operationId": "batch",
                "responses": {
                    "default": {
                        "description": "The following table describes the default response for this task.",
                        "content": {
                            "application/vnd.oracle.adf.batch+json": {
                                "schema": {
                                    "$ref": "#/components/schemas/batch-response"
                                }
                            }
                        }
                    }
                },
                "requestBody": {
                    "content": {
                        "application/vnd.oracle.adf.batch+json": {
                            "schema": {
                                "$ref": "#/components/schemas/batch-request"
                            }
                        }
                    }
                }
            }
        },
        "/transferOrders": {
            "get": {
                "tags": [
                    "transferOrders"
                ],
                "summary": "Get all",
                "operationId": "getall_transferOrders",
                "parameters": [
                    {
                        "$ref": "#/components/parameters/expand"
                    },
                    {
                        "$ref": "#/components/parameters/fields"
                    },
                    {
                        "$ref": "#/components/parameters/onlyData"
                    },
                    {
                        "$ref": "#/components/parameters/links"
                    },
                    {
                        "$ref": "#/components/parameters/limit"
                    },
                    {
                        "$ref": "#/components/parameters/offset"
                    },
                    {
                        "$ref": "#/components/parameters/totalResults"
                    },
                    {
                        "$ref": "#/components/parameters/q"
                    },
                    {
                        "$ref": "#/components/parameters/orderBy"
                    },
                    {
                        "$ref": "vb-catalog://backends/fscmRestApi/11.13.18.05/describe?partialDescriptionForCatalogOpenAPI=transferOrders#/components/parameters/transferOrders-finder"
                    },
                    {
                        "$ref": "#/components/parameters/REST-Framework-Version"
                    },
                    {
                        "$ref": "#/components/parameters/Metadata-Context"
                    }
                ],
                "responses": {
                    "default": {
                        "$ref": "vb-catalog://backends/fscmRestApi/11.13.18.05/describe?partialDescriptionForCatalogOpenAPI=transferOrders#/components/responses/transferOrders-collection-response"
                    }
                }
            }
        },
        "/transferOrders/{transferOrders_Id}": {
            "parameters": [
                {
                    "$ref": "vb-catalog://backends/fscmRestApi/11.13.18.05/describe?partialDescriptionForCatalogOpenAPI=transferOrders#/components/parameters/transferOrders_Id"
                }
            ],
            "get": {
                "tags": [
                    "transferOrders"
                ],
                "summary": "Get",
                "operationId": "get_transferOrders",
                "parameters": [
                    {
                        "$ref": "#/components/parameters/expand"
                    },
                    {
                        "$ref": "#/components/parameters/fields"
                    },
                    {
                        "$ref": "#/components/parameters/onlyData"
                    },
                    {
                        "$ref": "#/components/parameters/dependency"
                    },
                    {
                        "$ref": "#/components/parameters/links"
                    },
                    {
                        "$ref": "#/components/parameters/REST-Framework-Version"
                    },
                    {
                        "$ref": "#/components/parameters/Metadata-Context"
                    }
                ],
                "responses": {
                    "default": {
                        "$ref": "vb-catalog://backends/fscmRestApi/11.13.18.05/describe?partialDescriptionForCatalogOpenAPI=transferOrders#/components/responses/transferOrders-item-response"
                    }
                }
            },
            "patch": {
                "tags": [
                    "transferOrders"
                ],
                "summary": "Update",
                "operationId": "update_transferOrders",
                "parameters": [
                    {
                        "$ref": "#/components/parameters/fields"
                    },
                    {
                        "$ref": "#/components/parameters/REST-Framework-Version"
                    },
                    {
                        "$ref": "#/components/parameters/Metadata-Context"
                    }
                ],
                "responses": {
                    "default": {
                        "$ref": "vb-catalog://backends/fscmRestApi/11.13.18.05/describe?partialDescriptionForCatalogOpenAPI=transferOrders#/components/responses/transferOrders-item-response"
                    }
                },
                "requestBody": {
                    "$ref": "vb-catalog://backends/fscmRestApi/11.13.18.05/describe?partialDescriptionForCatalogOpenAPI=transferOrders#/components/requestBodies/transferOrders-item-patch-request"
                }
            }
        },
        "/transferOrders/{transferOrders_Id}/child/transferOrderHeaderDFFs": {
            "parameters": [
                {
                    "$ref": "vb-catalog://backends/fscmRestApi/11.13.18.05/describe?partialDescriptionForCatalogOpenAPI=transferOrders#/components/parameters/transferOrders_Id"
                }
            ],
            "get": {
                "tags": [
                    "transferOrders/transferOrderHeaderDFFs"
                ],
                "summary": "Get all",
                "operationId": "getall_transferOrders-transferOrderHeaderDFFs",
                "parameters": [
                    {
                        "$ref": "#/components/parameters/expand"
                    },
                    {
                        "$ref": "#/components/parameters/fields"
                    },
                    {
                        "$ref": "#/components/parameters/onlyData"
                    },
                    {
                        "$ref": "#/components/parameters/dependency"
                    },
                    {
                        "$ref": "#/components/parameters/links"
                    },
                    {
                        "$ref": "#/components/parameters/limit"
                    },
                    {
                        "$ref": "#/components/parameters/offset"
                    },
                    {
                        "$ref": "#/components/parameters/totalResults"
                    },
                    {
                        "$ref": "#/components/parameters/q"
                    },
                    {
                        "$ref": "#/components/parameters/orderBy"
                    },
                    {
                        "$ref": "vb-catalog://backends/fscmRestApi/11.13.18.05/describe?partialDescriptionForCatalogOpenAPI=transferOrders.transferOrderHeaderDFFs#/components/parameters/transferOrders-transferOrderHeaderDFFs-finder"
                    },
                    {
                        "$ref": "#/components/parameters/REST-Framework-Version"
                    },
                    {
                        "$ref": "#/components/parameters/Metadata-Context"
                    }
                ],
                "responses": {
                    "default": {
                        "$ref": "vb-catalog://backends/fscmRestApi/11.13.18.05/describe?partialDescriptionForCatalogOpenAPI=transferOrders.transferOrderHeaderDFFs#/components/responses/transferOrders-transferOrderHeaderDFFs-collection-response"
                    }
                }
            }
        },
        "/transferOrders/{transferOrders_Id}/child/transferOrderHeaderDFFs/{transferOrders_transferOrderHeaderDFFs_Id}": {
            "parameters": [
                {
                    "$ref": "vb-catalog://backends/fscmRestApi/11.13.18.05/describe?partialDescriptionForCatalogOpenAPI=transferOrders#/components/parameters/transferOrders_Id"
                },
                {
                    "$ref": "vb-catalog://backends/fscmRestApi/11.13.18.05/describe?partialDescriptionForCatalogOpenAPI=transferOrders.transferOrderHeaderDFFs#/components/parameters/transferOrders_transferOrderHeaderDFFs_Id"
                }
            ],
            "get": {
                "tags": [
                    "transferOrders/transferOrderHeaderDFFs"
                ],
                "summary": "Get",
                "operationId": "get_transferOrders-transferOrderHeaderDFFs",
                "parameters": [
                    {
                        "$ref": "#/components/parameters/expand"
                    },
                    {
                        "$ref": "#/components/parameters/fields"
                    },
                    {
                        "$ref": "#/components/parameters/onlyData"
                    },
                    {
                        "$ref": "#/components/parameters/dependency"
                    },
                    {
                        "$ref": "#/components/parameters/links"
                    },
                    {
                        "$ref": "#/components/parameters/REST-Framework-Version"
                    },
                    {
                        "$ref": "#/components/parameters/Metadata-Context"
                    }
                ],
                "responses": {
                    "default": {
                        "$ref": "vb-catalog://backends/fscmRestApi/11.13.18.05/describe?partialDescriptionForCatalogOpenAPI=transferOrders.transferOrderHeaderDFFs#/components/responses/transferOrders-transferOrderHeaderDFFs-item-response"
                    }
                }
            },
            "patch": {
                "tags": [
                    "transferOrders/transferOrderHeaderDFFs"
                ],
                "summary": "Update",
                "operationId": "update_transferOrders-transferOrderHeaderDFFs",
                "parameters": [
                    {
                        "$ref": "#/components/parameters/fields"
                    },
                    {
                        "$ref": "#/components/parameters/REST-Framework-Version"
                    },
                    {
                        "$ref": "#/components/parameters/Metadata-Context"
                    }
                ],
                "responses": {
                    "default": {
                        "$ref": "vb-catalog://backends/fscmRestApi/11.13.18.05/describe?partialDescriptionForCatalogOpenAPI=transferOrders.transferOrderHeaderDFFs#/components/responses/transferOrders-transferOrderHeaderDFFs-item-response"
                    }
                },
                "requestBody": {
                    "$ref": "vb-catalog://backends/fscmRestApi/11.13.18.05/describe?partialDescriptionForCatalogOpenAPI=transferOrders.transferOrderHeaderDFFs#/components/requestBodies/transferOrders-transferOrderHeaderDFFs-item-patch-request"
                }
            }
        },
        "/transferOrders/{transferOrders_Id}/child/transferOrderLines": {
            "parameters": [
                {
                    "$ref": "vb-catalog://backends/fscmRestApi/11.13.18.05/describe?partialDescriptionForCatalogOpenAPI=transferOrders#/components/parameters/transferOrders_Id"
                }
            ],
            "get": {
                "tags": [
                    "transferOrders/transferOrderLines"
                ],
                "summary": "Get all",
                "operationId": "getall_transferOrders-transferOrderLines",
                "parameters": [
                    {
                        "$ref": "#/components/parameters/expand"
                    },
                    {
                        "$ref": "#/components/parameters/fields"
                    },
                    {
                        "$ref": "#/components/parameters/onlyData"
                    },
                    {
                        "$ref": "#/components/parameters/dependency"
                    },
                    {
                        "$ref": "#/components/parameters/links"
                    },
                    {
                        "$ref": "#/components/parameters/limit"
                    },
                    {
                        "$ref": "#/components/parameters/offset"
                    },
                    {
                        "$ref": "#/components/parameters/totalResults"
                    },
                    {
                        "$ref": "#/components/parameters/q"
                    },
                    {
                        "$ref": "#/components/parameters/orderBy"
                    },
                    {
                        "$ref": "vb-catalog://backends/fscmRestApi/11.13.18.05/describe?partialDescriptionForCatalogOpenAPI=transferOrders.transferOrderLines#/components/parameters/transferOrders-transferOrderLines-finder"
                    },
                    {
                        "$ref": "#/components/parameters/effectiveDate"
                    },
                    {
                        "$ref": "#/components/parameters/REST-Framework-Version"
                    },
                    {
                        "$ref": "#/components/parameters/Metadata-Context"
                    },
                    {
                        "$ref": "#/components/parameters/Effective-Of"
                    }
                ],
                "responses": {
                    "default": {
                        "$ref": "vb-catalog://backends/fscmRestApi/11.13.18.05/describe?partialDescriptionForCatalogOpenAPI=transferOrders.transferOrderLines#/components/responses/transferOrders-transferOrderLines-collection-response"
                    }
                }
            }
        },
        "/transferOrders/{transferOrders_Id}/child/transferOrderLines/{transferOrders_transferOrderLines_Id}": {
            "parameters": [
                {
                    "$ref": "vb-catalog://backends/fscmRestApi/11.13.18.05/describe?partialDescriptionForCatalogOpenAPI=transferOrders#/components/parameters/transferOrders_Id"
                },
                {
                    "$ref": "vb-catalog://backends/fscmRestApi/11.13.18.05/describe?partialDescriptionForCatalogOpenAPI=transferOrders.transferOrderLines#/components/parameters/transferOrders_transferOrderLines_Id"
                }
            ],
            "get": {
                "tags": [
                    "transferOrders/transferOrderLines"
                ],
                "summary": "Get",
                "operationId": "get_transferOrders-transferOrderLines",
                "parameters": [
                    {
                        "$ref": "#/components/parameters/expand"
                    },
                    {
                        "$ref": "#/components/parameters/fields"
                    },
                    {
                        "$ref": "#/components/parameters/onlyData"
                    },
                    {
                        "$ref": "#/components/parameters/dependency"
                    },
                    {
                        "$ref": "#/components/parameters/links"
                    },
                    {
                        "$ref": "#/components/parameters/REST-Framework-Version"
                    },
                    {
                        "$ref": "#/components/parameters/Metadata-Context"
                    },
                    {
                        "$ref": "#/components/parameters/Effective-Of"
                    }
                ],
                "responses": {
                    "default": {
                        "$ref": "vb-catalog://backends/fscmRestApi/11.13.18.05/describe?partialDescriptionForCatalogOpenAPI=transferOrders.transferOrderLines#/components/responses/transferOrders-transferOrderLines-item-response"
                    }
                }
            },
            "patch": {
                "tags": [
                    "transferOrders/transferOrderLines"
                ],
                "summary": "Update",
                "operationId": "update_transferOrders-transferOrderLines",
                "parameters": [
                    {
                        "$ref": "#/components/parameters/fields"
                    },
                    {
                        "$ref": "#/components/parameters/REST-Framework-Version"
                    },
                    {
                        "$ref": "#/components/parameters/Metadata-Context"
                    },
                    {
                        "$ref": "#/components/parameters/Effective-Of"
                    }
                ],
                "responses": {
                    "default": {
                        "$ref": "vb-catalog://backends/fscmRestApi/11.13.18.05/describe?partialDescriptionForCatalogOpenAPI=transferOrders.transferOrderLines#/components/responses/transferOrders-transferOrderLines-item-response"
                    }
                },
                "requestBody": {
                    "$ref": "vb-catalog://backends/fscmRestApi/11.13.18.05/describe?partialDescriptionForCatalogOpenAPI=transferOrders.transferOrderLines#/components/requestBodies/transferOrders-transferOrderLines-item-patch-request"
                }
            }
        },
        "/transferOrders/{transferOrders_Id}/child/transferOrderLines/{transferOrders_transferOrderLines_Id}/child/transferOrderDistributions": {
            "parameters": [
                {
                    "$ref": "vb-catalog://backends/fscmRestApi/11.13.18.05/describe?partialDescriptionForCatalogOpenAPI=transferOrders#/components/parameters/transferOrders_Id"
                },
                {
                    "$ref": "vb-catalog://backends/fscmRestApi/11.13.18.05/describe?partialDescriptionForCatalogOpenAPI=transferOrders.transferOrderLines#/components/parameters/transferOrders_transferOrderLines_Id"
                }
            ],
            "get": {
                "tags": [
                    "transferOrders/transferOrderLines/transferOrderDistributions"
                ],
                "summary": "Get all",
                "operationId": "getall_transferOrders-transferOrderLines-transferOrderDistributions",
                "parameters": [
                    {
                        "$ref": "#/components/parameters/expand"
                    },
                    {
                        "$ref": "#/components/parameters/fields"
                    },
                    {
                        "$ref": "#/components/parameters/onlyData"
                    },
                    {
                        "$ref": "#/components/parameters/dependency"
                    },
                    {
                        "$ref": "#/components/parameters/links"
                    },
                    {
                        "$ref": "#/components/parameters/limit"
                    },
                    {
                        "$ref": "#/components/parameters/offset"
                    },
                    {
                        "$ref": "#/components/parameters/totalResults"
                    },
                    {
                        "$ref": "#/components/parameters/q"
                    },
                    {
                        "$ref": "#/components/parameters/orderBy"
                    },
                    {
                        "$ref": "vb-catalog://backends/fscmRestApi/11.13.18.05/describe?partialDescriptionForCatalogOpenAPI=transferOrders.transferOrderLines.transferOrderDistributions#/components/parameters/transferOrders-transferOrderLines-transferOrderDistributions-finder"
                    },
                    {
                        "$ref": "#/components/parameters/REST-Framework-Version"
                    },
                    {
                        "$ref": "#/components/parameters/Metadata-Context"
                    }
                ],
                "responses": {
                    "default": {
                        "$ref": "vb-catalog://backends/fscmRestApi/11.13.18.05/describe?partialDescriptionForCatalogOpenAPI=transferOrders.transferOrderLines.transferOrderDistributions#/components/responses/transferOrders-transferOrderLines-transferOrderDistributions-collection-response"
                    }
                }
            }
        },
        "/transferOrders/{transferOrders_Id}/child/transferOrderLines/{transferOrders_transferOrderLines_Id}/child/transferOrderDistributions/{transferOrders_transferOrderLines_transferOrderDistributions_Id}": {
            "parameters": [
                {
                    "$ref": "vb-catalog://backends/fscmRestApi/11.13.18.05/describe?partialDescriptionForCatalogOpenAPI=transferOrders#/components/parameters/transferOrders_Id"
                },
                {
                    "$ref": "vb-catalog://backends/fscmRestApi/11.13.18.05/describe?partialDescriptionForCatalogOpenAPI=transferOrders.transferOrderLines#/components/parameters/transferOrders_transferOrderLines_Id"
                },
                {
                    "$ref": "vb-catalog://backends/fscmRestApi/11.13.18.05/describe?partialDescriptionForCatalogOpenAPI=transferOrders.transferOrderLines.transferOrderDistributions#/components/parameters/transferOrders_transferOrderLines_transferOrderDistributions_Id"
                }
            ],
            "get": {
                "tags": [
                    "transferOrders/transferOrderLines/transferOrderDistributions"
                ],
                "summary": "Get",
                "operationId": "get_transferOrders-transferOrderLines-transferOrderDistributions",
                "parameters": [
                    {
                        "$ref": "#/components/parameters/expand"
                    },
                    {
                        "$ref": "#/components/parameters/fields"
                    },
                    {
                        "$ref": "#/components/parameters/onlyData"
                    },
                    {
                        "$ref": "#/components/parameters/dependency"
                    },
                    {
                        "$ref": "#/components/parameters/links"
                    },
                    {
                        "$ref": "#/components/parameters/REST-Framework-Version"
                    },
                    {
                        "$ref": "#/components/parameters/Metadata-Context"
                    }
                ],
                "responses": {
                    "default": {
                        "$ref": "vb-catalog://backends/fscmRestApi/11.13.18.05/describe?partialDescriptionForCatalogOpenAPI=transferOrders.transferOrderLines.transferOrderDistributions#/components/responses/transferOrders-transferOrderLines-transferOrderDistributions-item-response"
                    }
                }
            },
            "patch": {
                "tags": [
                    "transferOrders/transferOrderLines/transferOrderDistributions"
                ],
                "summary": "Update",
                "operationId": "update_transferOrders-transferOrderLines-transferOrderDistributions",
                "parameters": [
                    {
                        "$ref": "#/components/parameters/fields"
                    },
                    {
                        "$ref": "#/components/parameters/REST-Framework-Version"
                    },
                    {
                        "$ref": "#/components/parameters/Metadata-Context"
                    }
                ],
                "responses": {
                    "default": {
                        "$ref": "vb-catalog://backends/fscmRestApi/11.13.18.05/describe?partialDescriptionForCatalogOpenAPI=transferOrders.transferOrderLines.transferOrderDistributions#/components/responses/transferOrders-transferOrderLines-transferOrderDistributions-item-response"
                    }
                },
                "requestBody": {
                    "$ref": "vb-catalog://backends/fscmRestApi/11.13.18.05/describe?partialDescriptionForCatalogOpenAPI=transferOrders.transferOrderLines.transferOrderDistributions#/components/requestBodies/transferOrders-transferOrderLines-transferOrderDistributions-item-patch-request"
                }
            }
        },
        "/transferOrders/{transferOrders_Id}/child/transferOrderLines/{transferOrders_transferOrderLines_Id}/child/transferOrderDistributions/{transferOrders_transferOrderLines_transferOrderDistributions_Id}/child/transferOrderDistributionDFFs": {
            "parameters": [
                {
                    "$ref": "vb-catalog://backends/fscmRestApi/11.13.18.05/describe?partialDescriptionForCatalogOpenAPI=transferOrders#/components/parameters/transferOrders_Id"
                },
                {
                    "$ref": "vb-catalog://backends/fscmRestApi/11.13.18.05/describe?partialDescriptionForCatalogOpenAPI=transferOrders.transferOrderLines#/components/parameters/transferOrders_transferOrderLines_Id"
                },
                {
                    "$ref": "vb-catalog://backends/fscmRestApi/11.13.18.05/describe?partialDescriptionForCatalogOpenAPI=transferOrders.transferOrderLines.transferOrderDistributions#/components/parameters/transferOrders_transferOrderLines_transferOrderDistributions_Id"
                }
            ],
            "get": {
                "tags": [
                    "transferOrders/transferOrderLines/transferOrderDistributions/transferOrderDistributionDFFs"
                ],
                "summary": "Get all",
                "operationId": "getall_transferOrders-transferOrderLines-transferOrderDistributions-transferOrderDistributionDFFs",
                "parameters": [
                    {
                        "$ref": "#/components/parameters/expand"
                    },
                    {
                        "$ref": "#/components/parameters/fields"
                    },
                    {
                        "$ref": "#/components/parameters/onlyData"
                    },
                    {
                        "$ref": "#/components/parameters/dependency"
                    },
                    {
                        "$ref": "#/components/parameters/links"
                    },
                    {
                        "$ref": "#/components/parameters/limit"
                    },
                    {
                        "$ref": "#/components/parameters/offset"
                    },
                    {
                        "$ref": "#/components/parameters/totalResults"
                    },
                    {
                        "$ref": "#/components/parameters/q"
                    },
                    {
                        "$ref": "#/components/parameters/orderBy"
                    },
                    {
                        "$ref": "vb-catalog://backends/fscmRestApi/11.13.18.05/describe?partialDescriptionForCatalogOpenAPI=transferOrders.transferOrderLines.transferOrderDistributions.transferOrderDistributionDFFs#/components/parameters/transferOrders-transferOrderLines-transferOrderDistributions-transferOrderDistributionDFFs-finder"
                    },
                    {
                        "$ref": "#/components/parameters/REST-Framework-Version"
                    },
                    {
                        "$ref": "#/components/parameters/Metadata-Context"
                    }
                ],
                "responses": {
                    "default": {
                        "$ref": "vb-catalog://backends/fscmRestApi/11.13.18.05/describe?partialDescriptionForCatalogOpenAPI=transferOrders.transferOrderLines.transferOrderDistributions.transferOrderDistributionDFFs#/components/responses/transferOrders-transferOrderLines-transferOrderDistributions-transferOrderDistributionDFFs-collection-response"
                    }
                }
            }
        },
        "/transferOrders/{transferOrders_Id}/child/transferOrderLines/{transferOrders_transferOrderLines_Id}/child/transferOrderDistributions/{transferOrders_transferOrderLines_transferOrderDistributions_Id}/child/transferOrderDistributionDFFs/{transferOrders_transferOrderLines_transferOrderDistributions_transferOrderDistributionDFFs_Id}": {
            "parameters": [
                {
                    "$ref": "vb-catalog://backends/fscmRestApi/11.13.18.05/describe?partialDescriptionForCatalogOpenAPI=transferOrders#/components/parameters/transferOrders_Id"
                },
                {
                    "$ref": "vb-catalog://backends/fscmRestApi/11.13.18.05/describe?partialDescriptionForCatalogOpenAPI=transferOrders.transferOrderLines#/components/parameters/transferOrders_transferOrderLines_Id"
                },
                {
                    "$ref": "vb-catalog://backends/fscmRestApi/11.13.18.05/describe?partialDescriptionForCatalogOpenAPI=transferOrders.transferOrderLines.transferOrderDistributions#/components/parameters/transferOrders_transferOrderLines_transferOrderDistributions_Id"
                },
                {
                    "$ref": "vb-catalog://backends/fscmRestApi/11.13.18.05/describe?partialDescriptionForCatalogOpenAPI=transferOrders.transferOrderLines.transferOrderDistributions.transferOrderDistributionDFFs#/components/parameters/transferOrders_transferOrderLines_transferOrderDistributions_transferOrderDistributionDFFs_Id"
                }
            ],
            "get": {
                "tags": [
                    "transferOrders/transferOrderLines/transferOrderDistributions/transferOrderDistributionDFFs"
                ],
                "summary": "Get",
                "operationId": "get_transferOrders-transferOrderLines-transferOrderDistributions-transferOrderDistributionDFFs",
                "parameters": [
                    {
                        "$ref": "#/components/parameters/expand"
                    },
                    {
                        "$ref": "#/components/parameters/fields"
                    },
                    {
                        "$ref": "#/components/parameters/onlyData"
                    },
                    {
                        "$ref": "#/components/parameters/dependency"
                    },
                    {
                        "$ref": "#/components/parameters/links"
                    },
                    {
                        "$ref": "#/components/parameters/REST-Framework-Version"
                    },
                    {
                        "$ref": "#/components/parameters/Metadata-Context"
                    }
                ],
                "responses": {
                    "default": {
                        "$ref": "vb-catalog://backends/fscmRestApi/11.13.18.05/describe?partialDescriptionForCatalogOpenAPI=transferOrders.transferOrderLines.transferOrderDistributions.transferOrderDistributionDFFs#/components/responses/transferOrders-transferOrderLines-transferOrderDistributions-transferOrderDistributionDFFs-item-response"
                    }
                }
            },
            "patch": {
                "tags": [
                    "transferOrders/transferOrderLines/transferOrderDistributions/transferOrderDistributionDFFs"
                ],
                "summary": "Update",
                "operationId": "update_transferOrders-transferOrderLines-transferOrderDistributions-transferOrderDistributionDFFs",
                "parameters": [
                    {
                        "$ref": "#/components/parameters/fields"
                    },
                    {
                        "$ref": "#/components/parameters/REST-Framework-Version"
                    },
                    {
                        "$ref": "#/components/parameters/Metadata-Context"
                    }
                ],
                "responses": {
                    "default": {
                        "$ref": "vb-catalog://backends/fscmRestApi/11.13.18.05/describe?partialDescriptionForCatalogOpenAPI=transferOrders.transferOrderLines.transferOrderDistributions.transferOrderDistributionDFFs#/components/responses/transferOrders-transferOrderLines-transferOrderDistributions-transferOrderDistributionDFFs-item-response"
                    }
                },
                "requestBody": {
                    "$ref": "vb-catalog://backends/fscmRestApi/11.13.18.05/describe?partialDescriptionForCatalogOpenAPI=transferOrders.transferOrderLines.transferOrderDistributions.transferOrderDistributionDFFs#/components/requestBodies/transferOrders-transferOrderLines-transferOrderDistributions-transferOrderDistributionDFFs-item-patch-request"
                }
            }
        },
        "/transferOrders/{transferOrders_Id}/child/transferOrderLines/{transferOrders_transferOrderLines_Id}/child/transferOrderDistributions/{transferOrders_transferOrderLines_transferOrderDistributions_Id}/child/transferOrderDistributionProjectDFFs": {
            "parameters": [
                {
                    "$ref": "vb-catalog://backends/fscmRestApi/11.13.18.05/describe?partialDescriptionForCatalogOpenAPI=transferOrders#/components/parameters/transferOrders_Id"
                },
                {
                    "$ref": "vb-catalog://backends/fscmRestApi/11.13.18.05/describe?partialDescriptionForCatalogOpenAPI=transferOrders.transferOrderLines#/components/parameters/transferOrders_transferOrderLines_Id"
                },
                {
                    "$ref": "vb-catalog://backends/fscmRestApi/11.13.18.05/describe?partialDescriptionForCatalogOpenAPI=transferOrders.transferOrderLines.transferOrderDistributions#/components/parameters/transferOrders_transferOrderLines_transferOrderDistributions_Id"
                }
            ],
            "get": {
                "tags": [
                    "transferOrders/transferOrderLines/transferOrderDistributions/transferOrderDistributionProjectDFFs"
                ],
                "summary": "Get all",
                "operationId": "getall_transferOrders-transferOrderLines-transferOrderDistributions-transferOrderDistributionProjectDFFs",
                "parameters": [
                    {
                        "$ref": "#/components/parameters/expand"
                    },
                    {
                        "$ref": "#/components/parameters/fields"
                    },
                    {
                        "$ref": "#/components/parameters/onlyData"
                    },
                    {
                        "$ref": "#/components/parameters/dependency"
                    },
                    {
                        "$ref": "#/components/parameters/links"
                    },
                    {
                        "$ref": "#/components/parameters/limit"
                    },
                    {
                        "$ref": "#/components/parameters/offset"
                    },
                    {
                        "$ref": "#/components/parameters/totalResults"
                    },
                    {
                        "$ref": "#/components/parameters/q"
                    },
                    {
                        "$ref": "#/components/parameters/orderBy"
                    },
                    {
                        "$ref": "vb-catalog://backends/fscmRestApi/11.13.18.05/describe?partialDescriptionForCatalogOpenAPI=transferOrders.transferOrderLines.transferOrderDistributions.transferOrderDistributionProjectDFFs#/components/parameters/transferOrders-transferOrderLines-transferOrderDistributions-transferOrderDistributionProjectDFFs-finder"
                    },
                    {
                        "$ref": "#/components/parameters/REST-Framework-Version"
                    },
                    {
                        "$ref": "#/components/parameters/Metadata-Context"
                    }
                ],
                "responses": {
                    "default": {
                        "$ref": "vb-catalog://backends/fscmRestApi/11.13.18.05/describe?partialDescriptionForCatalogOpenAPI=transferOrders.transferOrderLines.transferOrderDistributions.transferOrderDistributionProjectDFFs#/components/responses/transferOrders-transferOrderLines-transferOrderDistributions-transferOrderDistributionProjectDFFs-collection-response"
                    }
                }
            }
        },
        "/transferOrders/{transferOrders_Id}/child/transferOrderLines/{transferOrders_transferOrderLines_Id}/child/transferOrderDistributions/{transferOrders_transferOrderLines_transferOrderDistributions_Id}/child/transferOrderDistributionProjectDFFs/{transferOrders_transferOrderLines_transferOrderDistributions_transferOrderDistributionProjectDFFs_Id}": {
            "parameters": [
                {
                    "$ref": "vb-catalog://backends/fscmRestApi/11.13.18.05/describe?partialDescriptionForCatalogOpenAPI=transferOrders#/components/parameters/transferOrders_Id"
                },
                {
                    "$ref": "vb-catalog://backends/fscmRestApi/11.13.18.05/describe?partialDescriptionForCatalogOpenAPI=transferOrders.transferOrderLines#/components/parameters/transferOrders_transferOrderLines_Id"
                },
                {
                    "$ref": "vb-catalog://backends/fscmRestApi/11.13.18.05/describe?partialDescriptionForCatalogOpenAPI=transferOrders.transferOrderLines.transferOrderDistributions#/components/parameters/transferOrders_transferOrderLines_transferOrderDistributions_Id"
                },
                {
                    "$ref": "vb-catalog://backends/fscmRestApi/11.13.18.05/describe?partialDescriptionForCatalogOpenAPI=transferOrders.transferOrderLines.transferOrderDistributions.transferOrderDistributionProjectDFFs#/components/parameters/transferOrders_transferOrderLines_transferOrderDistributions_transferOrderDistributionProjectDFFs_Id"
                }
            ],
            "get": {
                "tags": [
                    "transferOrders/transferOrderLines/transferOrderDistributions/transferOrderDistributionProjectDFFs"
                ],
                "summary": "Get",
                "operationId": "get_transferOrders-transferOrderLines-transferOrderDistributions-transferOrderDistributionProjectDFFs",
                "parameters": [
                    {
                        "$ref": "#/components/parameters/expand"
                    },
                    {
                        "$ref": "#/components/parameters/fields"
                    },
                    {
                        "$ref": "#/components/parameters/onlyData"
                    },
                    {
                        "$ref": "#/components/parameters/dependency"
                    },
                    {
                        "$ref": "#/components/parameters/links"
                    },
                    {
                        "$ref": "#/components/parameters/REST-Framework-Version"
                    },
                    {
                        "$ref": "#/components/parameters/Metadata-Context"
                    }
                ],
                "responses": {
                    "default": {
                        "$ref": "vb-catalog://backends/fscmRestApi/11.13.18.05/describe?partialDescriptionForCatalogOpenAPI=transferOrders.transferOrderLines.transferOrderDistributions.transferOrderDistributionProjectDFFs#/components/responses/transferOrders-transferOrderLines-transferOrderDistributions-transferOrderDistributionProjectDFFs-item-response"
                    }
                }
            }
        },
        "/transferOrders/{transferOrders_Id}/child/transferOrderLines/{transferOrders_transferOrderLines_Id}/child/transferOrderLineDFFs": {
            "parameters": [
                {
                    "$ref": "vb-catalog://backends/fscmRestApi/11.13.18.05/describe?partialDescriptionForCatalogOpenAPI=transferOrders#/components/parameters/transferOrders_Id"
                },
                {
                    "$ref": "vb-catalog://backends/fscmRestApi/11.13.18.05/describe?partialDescriptionForCatalogOpenAPI=transferOrders.transferOrderLines#/components/parameters/transferOrders_transferOrderLines_Id"
                }
            ],
            "get": {
                "tags": [
                    "transferOrders/transferOrderLines/transferOrderLineDFFs"
                ],
                "summary": "Get all",
                "operationId": "getall_transferOrders-transferOrderLines-transferOrderLineDFFs",
                "parameters": [
                    {
                        "$ref": "#/components/parameters/expand"
                    },
                    {
                        "$ref": "#/components/parameters/fields"
                    },
                    {
                        "$ref": "#/components/parameters/onlyData"
                    },
                    {
                        "$ref": "#/components/parameters/dependency"
                    },
                    {
                        "$ref": "#/components/parameters/links"
                    },
                    {
                        "$ref": "#/components/parameters/limit"
                    },
                    {
                        "$ref": "#/components/parameters/offset"
                    },
                    {
                        "$ref": "#/components/parameters/totalResults"
                    },
                    {
                        "$ref": "#/components/parameters/q"
                    },
                    {
                        "$ref": "#/components/parameters/orderBy"
                    },
                    {
                        "$ref": "vb-catalog://backends/fscmRestApi/11.13.18.05/describe?partialDescriptionForCatalogOpenAPI=transferOrders.transferOrderLines.transferOrderLineDFFs#/components/parameters/transferOrders-transferOrderLines-transferOrderLineDFFs-finder"
                    },
                    {
                        "$ref": "#/components/parameters/REST-Framework-Version"
                    },
                    {
                        "$ref": "#/components/parameters/Metadata-Context"
                    }
                ],
                "responses": {
                    "default": {
                        "$ref": "vb-catalog://backends/fscmRestApi/11.13.18.05/describe?partialDescriptionForCatalogOpenAPI=transferOrders.transferOrderLines.transferOrderLineDFFs#/components/responses/transferOrders-transferOrderLines-transferOrderLineDFFs-collection-response"
                    }
                }
            }
        },
        "/transferOrders/{transferOrders_Id}/child/transferOrderLines/{transferOrders_transferOrderLines_Id}/child/transferOrderLineDFFs/{transferOrders_transferOrderLines_transferOrderLineDFFs_Id}": {
            "parameters": [
                {
                    "$ref": "vb-catalog://backends/fscmRestApi/11.13.18.05/describe?partialDescriptionForCatalogOpenAPI=transferOrders#/components/parameters/transferOrders_Id"
                },
                {
                    "$ref": "vb-catalog://backends/fscmRestApi/11.13.18.05/describe?partialDescriptionForCatalogOpenAPI=transferOrders.transferOrderLines#/components/parameters/transferOrders_transferOrderLines_Id"
                },
                {
                    "$ref": "vb-catalog://backends/fscmRestApi/11.13.18.05/describe?partialDescriptionForCatalogOpenAPI=transferOrders.transferOrderLines.transferOrderLineDFFs#/components/parameters/transferOrders_transferOrderLines_transferOrderLineDFFs_Id"
                }
            ],
            "get": {
                "tags": [
                    "transferOrders/transferOrderLines/transferOrderLineDFFs"
                ],
                "summary": "Get",
                "operationId": "get_transferOrders-transferOrderLines-transferOrderLineDFFs",
                "parameters": [
                    {
                        "$ref": "#/components/parameters/expand"
                    },
                    {
                        "$ref": "#/components/parameters/fields"
                    },
                    {
                        "$ref": "#/components/parameters/onlyData"
                    },
                    {
                        "$ref": "#/components/parameters/dependency"
                    },
                    {
                        "$ref": "#/components/parameters/links"
                    },
                    {
                        "$ref": "#/components/parameters/REST-Framework-Version"
                    },
                    {
                        "$ref": "#/components/parameters/Metadata-Context"
                    }
                ],
                "responses": {
                    "default": {
                        "$ref": "vb-catalog://backends/fscmRestApi/11.13.18.05/describe?partialDescriptionForCatalogOpenAPI=transferOrders.transferOrderLines.transferOrderLineDFFs#/components/responses/transferOrders-transferOrderLines-transferOrderLineDFFs-item-response"
                    }
                }
            },
            "patch": {
                "tags": [
                    "transferOrders/transferOrderLines/transferOrderLineDFFs"
                ],
                "summary": "Update",
                "operationId": "update_transferOrders-transferOrderLines-transferOrderLineDFFs",
                "parameters": [
                    {
                        "$ref": "#/components/parameters/fields"
                    },
                    {
                        "$ref": "#/components/parameters/REST-Framework-Version"
                    },
                    {
                        "$ref": "#/components/parameters/Metadata-Context"
                    }
                ],
                "responses": {
                    "default": {
                        "$ref": "vb-catalog://backends/fscmRestApi/11.13.18.05/describe?partialDescriptionForCatalogOpenAPI=transferOrders.transferOrderLines.transferOrderLineDFFs#/components/responses/transferOrders-transferOrderLines-transferOrderLineDFFs-item-response"
                    }
                },
                "requestBody": {
                    "$ref": "vb-catalog://backends/fscmRestApi/11.13.18.05/describe?partialDescriptionForCatalogOpenAPI=transferOrders.transferOrderLines.transferOrderLineDFFs#/components/requestBodies/transferOrders-transferOrderLines-transferOrderLineDFFs-item-patch-request"
                }
            }
        }
    },
    "components": {
        "schemas": {
            "batch-request": {
                "type": "object",
                "required": [
                    "parts"
                ],
                "properties": {
                    "parts": {
                        "type": "array",
                        "items": {
                            "$ref": "#/components/schemas/batch-request-part"
                        }
                    }
                }
            },
            "batch-request-part": {
                "type": "object",
                "required": [
                    "id",
                    "path",
                    "operation"
                ],
                "properties": {
                    "id": {
                        "type": "string"
                    },
                    "path": {
                        "type": "string"
                    },
                    "operation": {
                        "type": "string",
                        "enum": [
                            "create",
                            "delete",
                            "get",
                            "invoke",
                            "update",
                            "upsert"
                        ]
                    },
                    "ifMatch": {
                        "type": "array",
                        "items": {
                            "type": "string"
                        },
                        "nullable": true
                    },
                    "ifNoneMatch": {
                        "type": "array",
                        "items": {
                            "type": "string"
                        },
                        "nullable": true
                    },
                    "effectiveOf": {
                        "type": "string"
                    },
                    "payload": {
                        "type": "object"
                    }
                }
            },
            "batch-response": {
                "type": "object",
                "required": [
                    "parts"
                ],
                "properties": {
                    "parts": {
                        "type": "array",
                        "items": {
                            "$ref": "#/components/schemas/batch-response-part"
                        }
                    }
                }
            },
            "batch-response-part": {
                "allOf": [
                    {
                        "$ref": "#/components/schemas/batch-request-part"
                    },
                    {
                        "type": "object",
                        "properties": {
                            "preconditionSucceeded": {
                                "type": "boolean"
                            }
                        }
                    }
                ]
            }
        },
        "parameters": {
            "expand": {
                "name": "expand",
                "in": "query",
                "schema": {
                    "type": "string"
                }
            },
            "fields": {
                "name": "fields",
                "in": "query",
                "schema": {
                    "type": "string"
                }
            },
            "onlyData": {
                "name": "onlyData",
                "in": "query",
                "schema": {
                    "type": "boolean"
                }
            },
            "links": {
                "name": "links",
                "in": "query",
                "schema": {
                    "type": "string"
                }
            },
            "limit": {
                "name": "limit",
                "in": "query",
                "schema": {
                    "type": "integer"
                }
            },
            "offset": {
                "name": "offset",
                "in": "query",
                "schema": {
                    "type": "integer"
                }
            },
            "totalResults": {
                "name": "totalResults",
                "in": "query",
                "schema": {
                    "type": "boolean"
                }
            },
            "q": {
                "name": "q",
                "in": "query",
                "schema": {
                    "type": "string"
                }
            },
            "orderBy": {
                "name": "orderBy",
                "in": "query",
                "schema": {
                    "type": "string"
                }
            },
            "REST-Framework-Version": {
                "name": "REST-Framework-Version",
                "in": "header",
                "schema": {
                    "type": "string",
                    "enum": [
                        "1",
                        "2",
                        "3",
                        "4",
                        "5",
                        "6",
                        "7",
                        "8",
                        "9"
                    ]
                }
            },
            "Metadata-Context": {
                "name": "Metadata-Context",
                "in": "header",
                "schema": {
                    "type": "string"
                }
            },
            "dependency": {
                "name": "dependency",
                "in": "query",
                "schema": {
                    "type": "string"
                }
            },
            "effectiveDate": {
                "name": "effectiveDate",
                "in": "query",
                "schema": {
                    "type": "string"
                }
            },
            "Effective-Of": {
                "name": "Effective-Of",
                "in": "header",
                "schema": {
                    "type": "string"
                }
            }
        }
    }
}