{
  "title": "main-start",
  "description": "",
  "variables": {
    "backgroundColor": {
      "type": "string",
      "defaultValue": "dark-ocean"
    },
    "illustrationBackground": {
      "type": "string",
      "defaultValue": "https://static.oracle.com/cdn/fnd/gallery/2307.0.2/images/illust-welcome-banner-bg-01.png"
    },
    "illustrationForeground": {
      "type": "string",
      "defaultValue": "https://static.oracle.com/cdn/fnd/gallery/2307.0.2/images/illust-welcome-banner-fg-01.png"
    },
    "imageStretch": {
      "type": "string",
      "defaultValue": "none"
    },
    "mobileImage": {
      "type": "string",
      "defaultValue": "on"
    },
    "receivablesInvoiceLinesListSDP": {
      "type": "vb/ServiceDataProvider",
      "defaultValue": {
        "endpoint": "sn_ar_trx/getall_receivablesInvoices-receivablesInvoiceLines",
        "keyAttributes": "CustomerTransactionLineId",
        "itemsPath": "items",
        "responseType": "getallReceivablesInvoicesReceivablesInvoiceLinesResponse",
        "uriParameters": {
          "receivablesInvoices_Id": "{{ $variables.varTrxId }}",
          "onlyData": true
        }
      }
    },
    "receivablesInvoicesListSDP": {
      "type": "vb/ServiceDataProvider",
      "defaultValue": {
        "endpoint": "sn_ar_trx/getall_receivablesInvoices",
        "keyAttributes": "CustomerTransactionId",
        "itemsPath": "items",
        "responseType": "getallReceivablesInvoicesResponse",
        "filterCriterion": {
          "op": "$eq",
          "attribute": "TransactionNumber",
          "value": "{{ $application.variables.varSearchGlobal }}"
        },
        "uriParameters": {
          "onlyData": true,
          "expand": "receivablesInvoiceDFF"
        },
        "headers": {
          "REST-Framework-Version": "4"
        },
        "transformsContext": {
          "vb-textFilterAttributes": [
            "BusinessUnit",
            "TransactionNumber"
          ]
        }
      }
    },
    "varAtt1": {
      "type": "string"
    },
    "varCountry": {
      "type": "string"
    },
    "varCustTrxId": {
      "type": "string"
    },
    "varLineNumber": {
      "type": "string"
    },
    "varPartyId": {
      "type": "string"
    },
    "varSearch": {
      "type": "string",
      "description": "300006355515033-300006350990939-300006355785122"
    },
    "varTransactionNumber": {
      "type": "string"
    },
    "varTrxId": {
      "type": "string"
    },
    "varTrxLineId": {
      "type": "string"
    }

  },
  "metadata": {},
  "types": {
    "@decorators.getall_hubOrganizations": {
      "endpoint": "getall_hubOrganizations",
      "service": "sn_orgs",
      "path": "response"
    },
    "@decorators.getallReceivablesInvoicesReceivablesInvoiceLinesResponse": {
      "endpoint": "getall_receivablesInvoices-receivablesInvoiceLines",
      "service": "sn_ar_trx",
      "path": "response"
    },
    "@decorators.getallReceivablesInvoicesResponse": {
      "endpoint": "getall_receivablesInvoices",
      "service": "sn_ar_trx",
      "path": "response"
    },
    "getall_hubOrganizations": {
      "items": [
        {
          "Country": "string",
          "OrganizationName": "string",
          "PartyId": "number",
          "PartyNumber": "string"
        }
      ]
    },
    "getallReceivablesInvoicesReceivablesInvoiceLinesResponse": {
      "items": [
        {
          "CreationDate": "string",
          "CustomerTransactionLineId": "number",
          "Description": "string",
          "ItemNumber": "string",
          "LineAmount": "number",
          "LineAmountIncludesTax": "string",
          "LineNumber": "number",
          "ProductCategory": "string",
          "ProductType": "string",
          "Quantity": "number",
          "receivablesInvoiceLineDFF": {
            "items": [
              {
                "demoRedwood": "string"
              }
            ]
          },
          "SalesOrder": "string",
          "SalesOrderDate": "string",
          "TaxClassificationCode": "string",
          "TransacationBusinessCategory": "string",
          "UnitOfMeasure": "string",
          "UnitSellingPrice": "number"

        }
      ]
    },
    "getallReceivablesInvoicesResponse": {
      "items": [
        {
          "BillToCustomerName": "string",
          "BillToCustomerNumber": "string",
          "BillToPartyId": "number",
          "BillToSite": "string",
          "BusinessUnit": "string",
          "CustomerTransactionId": "number",
          "EnteredAmount": "number",
          "FreightAmount": "number",
          "InvoiceCurrencyCode": "string",
          "InvoicePrinted": "string",
          "InvoiceStatus": "string",
          "PayingCustomerName": "string",
          "PayingCustomerSite": "string",
          "PurchaseOrder": "string",
          "ReceiptMethod": "string",
          "receivablesInvoiceDFF": {
            "items": [
              {
                "demoRedwood": "string"
              }
            ]
          },
          "ShipToCustomerName": "string",
          "ShipToSite": "string",
          "TransactionDate": "string",
          "TransactionNumber": "string",
          "TransactionSource": "string",
          "TransactionType": "string"

        }
      ]
    }

  },
  "eventListeners": {
    "buttonAction": {
      "chains": [
        {
          "chain": "ButtonAC_DFF_H"
        }
      ]
    },
    "buttonAction2": {
      "chains": [
        {
          "chain": "ButtonAC_DFF_L"
        }
      ]
    },
    "t2FirstSelectedRow": {
      "chains": [
        {
          "chain": "TableFirstSelectedRow_Line",
          "parameters": {
            "rowKey": "{{$event.detail.value.key}}",
            "rowData": "{{$event.detail.value.data}}"
          }
        }
      ]
    },
    "tableFirstSelectedRow": {
      "chains": [
        {
          "chain": "TableFirstSelectedRow_Inv",
          "parameters": {
            "rowKey": "{{$event.detail.value.key}}",
            "rowData": "{{$event.detail.value.data}}"
          }
        }
      ]
    },
    "vbEnter": {
      "chains": [
        {
          "parameters": {},
          "chain": "vbEnterListener"
        }
      ]
    }

  },
  "imports": {
    "components": {
      "oj-button": {
        "path": "ojs/ojbutton"
      },
      "oj-input-date": {
        "path": "ojs/ojdatetimepicker"
      },
      "oj-input-number": {
        "path": "ojs/ojinputnumber"
      },
      "oj-input-search": {
        "path": "ojs/ojinputsearch"
      },
      "oj-sp-welcome-page": {
        "path": "oj-sp/welcome-page/loader"
      },
      "oj-table": {
        "path": "ojs/ojtable"
      },
      "oj-toolbar": {
        "path": "ojs/ojtoolbar"
      }

    },
    "modules": {
      "ojValidationDateTime": {
        "path": "ojs/ojvalidation-datetime"
      }
    }
  }
}
