{
    "backends": {
        "ics": {
            "serviceType": "ics",
            "description": "demo",
            "servers": [
                {
                    "url": "vb-catalog://backends.tenant/ics",
                    "description": "Overridden Integration Server",
                    "x-vb": {
                        "authentication": {
                            "authenticated": {
                                "type": "propagate"
                            }
                        }
                    }
                }
            ]
        }
      }
}