{
    "displayLabel": "YAG_GLOBAL_PARAMETERS_DATA",
    "fields": [
        {
            "displayLabel": "Id",
            "key": true,
            "name": "id",
            "oid": "6e2e5fc4-2baf-48ae-b897-a999128d4cd6",
            "required": true,
            "type": "number",
            "unique": true
        },
        {
            "displayLabel": "Created",
            "historyType": "timeCreated",
            "name": "creationDate",
            "oid": "234caf54-4c92-4983-b62b-5f3076b29354",
            "type": "datetime"
        },
        {
            "displayLabel": "Last Updated",
            "historyType": "timeUpdated",
            "name": "lastUpdateDate",
            "oid": "054dfc5d-60c5-4f6f-978f-5dd8a8eb35a0",
            "type": "datetime"
        },
        {
            "displayLabel": "Created By",
            "historyType": "createdBy",
            "name": "createdBy",
            "oid": "1cb13307-62c3-4c54-8637-308bbf15a1dc",
            "type": "string"
        },
        {
            "displayLabel": "Last Updated By",
            "historyType": "updatedBy",
            "name": "lastUpdatedBy",
            "oid": "02157d71-06c8-4592-a21e-7b0e146d4dcc",
            "type": "string"
        },
        {
            "displayLabel": "Version Number",
            "historyType": "versionNumber",
            "name": "versionNumber",
            "oid": "e5ad76ec-cc97-4b97-92c7-680de22f4289",
            "type": "number"
        },
        {
            "displayLabel": "global_parameter_id",
            "name": "globalParameterId",
            "oid": "719aa810-62c8-46ed-a9b7-60f6f90787b5",
            "type": "string"
        },
        {
            "displayLabel": "global_parameter_code",
            "name": "globalParameterCode",
            "oid": "1bbfc755-ad38-455f-b1b3-88abed436716",
            "required": true,
            "type": "string"
        },
        {
            "displayLabel": "global_parameter_name",
            "name": "globalParameterName",
            "oid": "27713ce4-8ec9-4d31-8555-3dc5b002dba1",
            "required": true,
            "type": "string"
        },
        {
            "displayLabel": "global_parameter_description",
            "name": "globalParameterDescription",
            "oid": "af00f518-f55b-424d-ad81-c057df044701",
            "required": true,
            "type": "string"
        },
        {
            "displayLabel": "global_parameter_value",
            "name": "globalParameterValue",
            "oid": "fb582477-74fa-4cbd-980d-513eaf9c4095",
            "required": true,
            "type": "string"
        },
        {
            "displayLabel": "enabled_flag",
            "name": "enabledFlag",
            "oid": "98c4b0bd-ac2c-4b34-bf72-e44cc7aac730",
            "required": true,
            "type": "string"
        },
        {
            "displayLabel": "attribute1",
            "name": "attribute1",
            "oid": "8c5bf5d0-8209-4109-a6e9-152f3ac97ca2",
            "type": "string"
        },
        {
            "displayLabel": "attribute2",
            "name": "attribute2",
            "oid": "12616295-c563-403a-8d72-18d29362ac31",
            "type": "string"
        },
        {
            "displayLabel": "attribute3",
            "name": "attribute3",
            "oid": "333f2107-2aa8-419e-85cf-5608030b3881",
            "type": "string"
        },
        {
            "displayLabel": "attribute4",
            "name": "attribute4",
            "oid": "def08aec-e46d-46eb-916d-b8be7f13f590",
            "type": "string"
        },
        {
            "displayLabel": "attribute5",
            "name": "attribute5",
            "oid": "d6b984df-e890-4e8f-af50-6bc93282f82a",
            "type": "string"
        },
        {
            "displayLabel": "attribute6",
            "name": "attribute6",
            "oid": "a5ccca1a-8705-4b7b-999f-b7a3d9498a0d",
            "type": "string"
        },
        {
            "displayLabel": "attribute7",
            "name": "attribute7",
            "oid": "99c991b0-90a1-47ef-90f3-83fd901983f3",
            "type": "string"
        },
        {
            "displayLabel": "attribute8",
            "name": "attribute8",
            "oid": "430d6a00-cd31-45e9-af49-b05094bc3215",
            "type": "string"
        },
        {
            "displayLabel": "attribute9",
            "name": "attribute9",
            "oid": "60df927a-ff83-486b-b17e-33524a83f116",
            "type": "string"
        },
        {
            "displayLabel": "attribute10",
            "name": "attribute10",
            "oid": "1ad2746e-4e5f-4317-8434-8ab95c0ced15",
            "type": "string"
        },
        {
            "displayLabel": "creation_date",
            "name": "creationDate2",
            "oid": "f909674b-0cd4-4bba-a0f5-605e80f79dbe",
            "type": "string"
        },
        {
            "displayLabel": "created_by",
            "name": "createdBy2",
            "oid": "ac3970e8-7f9f-4ce8-85ae-6e14598a6cc7",
            "type": "string"
        },
        {
            "displayLabel": "last_updated_date",
            "name": "lastUpdatedDate",
            "oid": "846ceb3f-8b04-4842-9e26-52a9c1c99f42",
            "type": "string"
        },
        {
            "displayLabel": "last_updated_by",
            "name": "lastUpdatedBy2",
            "oid": "7496746a-d4d1-48e9-b2ed-14520081c687",
            "type": "string"
        },
        {
            "displayLabel": "last_updated_login",
            "name": "lastUpdatedLogin",
            "oid": "48b5490f-2e41-4c01-a8a9-06239e6f71e8",
            "type": "string"
        }
    ],
    "hidden": false,
    "name": "YAGGLOBALPARAMETERSDATA",
    "oid": "798975eb-c040-4908-ba7e-afbf2a0c3d2b"
}