id,creationDate,lastUpdateDate,createdBy,lastUpdatedBy,globalParameterId,globalParameterCode,globalParameterName,globalParameterDescription,globalParameterValue,enabledFlag,attribute1,attribute2,attribute3,attribute4,attribute5,attribute6,attribute7,attribute8,attribute9,attribute10,creationDate2,createdBy2,lastUpdatedDate,lastUpdatedBy2,lastUpdatedLogin
1,2024-09-20T06:14:30,2024-09-20T12:01:55,juan.montero@entrust.es,juan.montero@entrust.es,a,pepe,a,a,a,a,a,a,a,a,a,a,a,a,a,a,a,a,a,a,1
2,2024-09-20T06:48:21,2024-09-20T12:02:09,juan.montero@entrust.es,juan.montero@entrust.es,,pepe,aa,aa,a,aa,,,,,,,,,,,,,,,
3,2024-09-20T11:30:18,2024-09-20T12:02:22,juan.montero@entrust.es,juan.montero@entrust.es,,carlos,b,b,b,b,,,,,,,,,,,,,,,
4,2024-09-20T11:44:39,2024-09-20T12:02:33,juan.montero@entrust.es,juan.montero@entrust.es,,juan,D,D,D,D,D,D,D,,,,,,,,,,,,
