{
  "defaultPage" : "shell",
  "types" : { },
  "variables" : {
    "initialLoad" : {
      "type" : "string",
      "defaultValue" : "Yes"
    },
    "x_dir_app": {
      "type": "string",
      "defaultValue": "/home/jjmr_oic/callback"
    }
  },
  "security" : { },
  "chains" : { },
  "translations" : {
    "app" : {
      "path" : "./resources/strings/app/nls/app-strings"
    }
  },
  "description" : "An application created from ApplicationsCloudUI Theme Template 5.1.0",
  "id" : "starter",
  "services" : { },
  "userConfig" : {
    "type" : "vb/DefaultSecurityProvider",
    "configuration" : {
      "authentication" : {
        "type" : "oraclecloud"
      }
    },
    "embedding" : "deny"
  },
  "imports": {
    "components": {
      "oj-validation-base": {
        "path": "ojs/ojvalidation-base"
      },
      "oj-validation-datetime": {
        "path": "ojs/ojvalidation-datetime"
      },
      "oj-validation-number": {
        "path": "ojs/ojvalidation-number"
      }
    },
    "css": [
      "https://static.oracle.com/cdn/vb/vb-icon-font/1/vb-icon-font.css"
    ]
  }
}