{
    "openapi": "3.0.0",
    "info": {
        "version": "11.13.18.05",
        "title": "Enterprise Resource Planning and Supply Chain",
        "x-vb": {
            "serviceType": "adf-describe",
            "transforms": {
                "path": "vb/BusinessObjectsTransforms"
            }
        }
    },
    "servers": [
        {
            "url": "vb-catalog://backends/fscmRestApi/11.13.18.05"
        }
    ],
    "tags": [
        {
            "name": "suppliers"
        }
    ],
    "paths": {
        "/suppliers": {
            "get": {
                "tags": [
                    "suppliers"
                ],
                "summary": "Get all",
                "operationId": "getall_suppliers",
                "parameters": [
                    {
                        "$ref": "#/components/parameters/expand"
                    },
                    {
                        "$ref": "#/components/parameters/fields"
                    },
                    {
                        "$ref": "#/components/parameters/onlyData"
                    },
                    {
                        "$ref": "#/components/parameters/links"
                    },
                    {
                        "$ref": "#/components/parameters/limit"
                    },
                    {
                        "$ref": "#/components/parameters/offset"
                    },
                    {
                        "$ref": "#/components/parameters/totalResults"
                    },
                    {
                        "$ref": "#/components/parameters/q"
                    },
                    {
                        "$ref": "#/components/parameters/orderBy"
                    },
                    {
                        "$ref": "vb-catalog://backends/fscmRestApi/11.13.18.05/describe?partialDescriptionForCatalogOpenAPI=suppliers#/components/parameters/suppliers-finder"
                    },
                    {
                        "$ref": "#/components/parameters/REST-Framework-Version"
                    },
                    {
                        "$ref": "#/components/parameters/Metadata-Context"
                    }
                ],
                "responses": {
                    "default": {
                        "$ref": "vb-catalog://backends/fscmRestApi/11.13.18.05/describe?partialDescriptionForCatalogOpenAPI=suppliers#/components/responses/suppliers-collection-response"
                    }
                }
            },
            "post": {
                "tags": [
                    "suppliers"
                ],
                "summary": "Create",
                "operationId": "create_suppliers",
                "parameters": [
                    {
                        "$ref": "#/components/parameters/fields"
                    },
                    {
                        "$ref": "#/components/parameters/Upsert-Mode"
                    },
                    {
                        "$ref": "#/components/parameters/REST-Framework-Version"
                    },
                    {
                        "$ref": "#/components/parameters/Metadata-Context"
                    }
                ],
                "responses": {
                    "default": {
                        "$ref": "vb-catalog://backends/fscmRestApi/11.13.18.05/describe?partialDescriptionForCatalogOpenAPI=suppliers#/components/responses/suppliers-item-response"
                    }
                },
                "requestBody": {
                    "$ref": "vb-catalog://backends/fscmRestApi/11.13.18.05/describe?partialDescriptionForCatalogOpenAPI=suppliers#/components/requestBodies/suppliers-item-post-request"
                }
            }
        },
        "/suppliers/{suppliers_Id}": {
            "parameters": [
                {
                    "$ref": "vb-catalog://backends/fscmRestApi/11.13.18.05/describe?partialDescriptionForCatalogOpenAPI=suppliers#/components/parameters/suppliers_Id"
                }
            ],
            "get": {
                "tags": [
                    "suppliers"
                ],
                "summary": "Get",
                "operationId": "get_suppliers",
                "parameters": [
                    {
                        "$ref": "#/components/parameters/expand"
                    },
                    {
                        "$ref": "#/components/parameters/fields"
                    },
                    {
                        "$ref": "#/components/parameters/onlyData"
                    },
                    {
                        "$ref": "#/components/parameters/dependency"
                    },
                    {
                        "$ref": "#/components/parameters/links"
                    },
                    {
                        "$ref": "#/components/parameters/REST-Framework-Version"
                    },
                    {
                        "$ref": "#/components/parameters/Metadata-Context"
                    }
                ],
                "responses": {
                    "default": {
                        "$ref": "vb-catalog://backends/fscmRestApi/11.13.18.05/describe?partialDescriptionForCatalogOpenAPI=suppliers#/components/responses/suppliers-item-response"
                    }
                }
            },
            "patch": {
                "tags": [
                    "suppliers"
                ],
                "summary": "Update",
                "operationId": "update_suppliers",
                "parameters": [
                    {
                        "$ref": "#/components/parameters/fields"
                    },
                    {
                        "$ref": "#/components/parameters/REST-Framework-Version"
                    },
                    {
                        "$ref": "#/components/parameters/Metadata-Context"
                    }
                ],
                "responses": {
                    "default": {
                        "$ref": "vb-catalog://backends/fscmRestApi/11.13.18.05/describe?partialDescriptionForCatalogOpenAPI=suppliers#/components/responses/suppliers-item-response"
                    }
                },
                "requestBody": {
                    "$ref": "vb-catalog://backends/fscmRestApi/11.13.18.05/describe?partialDescriptionForCatalogOpenAPI=suppliers#/components/requestBodies/suppliers-item-patch-request"
                }
            }
        },
        "/suppliers/{suppliers_Id}/action/scores": {
            "parameters": [
                {
                    "$ref": "vb-catalog://backends/fscmRestApi/11.13.18.05/describe?partialDescriptionForCatalogOpenAPI=suppliers#/components/parameters/suppliers_Id"
                }
            ],
            "post": {
                "tags": [
                    "suppliers"
                ],
                "summary": "scores",
                "operationId": "do_scores_suppliers",
                "parameters": [
                    {
                        "$ref": "#/components/parameters/REST-Framework-Version"
                    },
                    {
                        "$ref": "#/components/parameters/Metadata-Context"
                    }
                ],
                "responses": {
                    "default": {
                        "description": "The following table describes the default response for this task.",
                        "content": {
                            "application/vnd.oracle.adf.actionresult+json": {
                                "schema": {
                                    "type": "object",
                                    "properties": {
                                        "result": {
                                            "type": "string"
                                        }
                                    },
                                    "required": [
                                        "result"
                                    ],
                                    "additionalProperties": false
                                }
                            },
                            "application/json": {
                                "schema": {
                                    "type": "object",
                                    "properties": {
                                        "result": {
                                            "type": "string"
                                        }
                                    },
                                    "required": [
                                        "result"
                                    ],
                                    "additionalProperties": false
                                }
                            }
                        }
                    }
                },
                "requestBody": {
                    "content": {
                        "application/vnd.oracle.adf.action+json": {
                            "schema": {
                                "type": "object"
                            }
                        }
                    }
                },
                "x-hints": {
                    "batchEnabled": false
                }
            }
        },
        "/suppliers/{suppliers_Id}/action/signals": {
            "parameters": [
                {
                    "$ref": "vb-catalog://backends/fscmRestApi/11.13.18.05/describe?partialDescriptionForCatalogOpenAPI=suppliers#/components/parameters/suppliers_Id"
                }
            ],
            "post": {
                "tags": [
                    "suppliers"
                ],
                "summary": "signals",
                "operationId": "do_signals_suppliers",
                "parameters": [
                    {
                        "$ref": "#/components/parameters/REST-Framework-Version"
                    },
                    {
                        "$ref": "#/components/parameters/Metadata-Context"
                    }
                ],
                "responses": {
                    "default": {
                        "description": "The following table describes the default response for this task.",
                        "content": {
                            "application/vnd.oracle.adf.actionresult+json": {
                                "schema": {
                                    "type": "object",
                                    "properties": {
                                        "result": {
                                            "type": "string"
                                        }
                                    },
                                    "required": [
                                        "result"
                                    ],
                                    "additionalProperties": false
                                }
                            },
                            "application/json": {
                                "schema": {
                                    "type": "object",
                                    "properties": {
                                        "result": {
                                            "type": "string"
                                        }
                                    },
                                    "required": [
                                        "result"
                                    ],
                                    "additionalProperties": false
                                }
                            }
                        }
                    }
                },
                "requestBody": {
                    "content": {
                        "application/vnd.oracle.adf.action+json": {
                            "schema": {
                                "type": "object",
                                "properties": {
                                    "tags": {
                                        "type": "string",
                                        "nullable": true
                                    }
                                },
                                "additionalProperties": false
                            }
                        }
                    }
                },
                "x-hints": {
                    "batchEnabled": false
                }
            }
        },
        "/suppliers/{suppliers_Id}/action/submitSpendAuthorizationRequest": {
            "parameters": [
                {
                    "$ref": "vb-catalog://backends/fscmRestApi/11.13.18.05/describe?partialDescriptionForCatalogOpenAPI=suppliers#/components/parameters/suppliers_Id"
                }
            ],
            "post": {
                "tags": [
                    "suppliers"
                ],
                "summary": "submitSpendAuthorizationRequest",
                "operationId": "do_submitSpendAuthorizationRequest_suppliers",
                "parameters": [
                    {
                        "$ref": "#/components/parameters/REST-Framework-Version"
                    },
                    {
                        "$ref": "#/components/parameters/Metadata-Context"
                    }
                ],
                "responses": {
                    "default": {
                        "description": "The following table describes the default response for this task.",
                        "content": {
                            "application/vnd.oracle.adf.actionresult+json": {
                                "schema": {
                                    "type": "object",
                                    "properties": {
                                        "result": {
                                            "type": "string"
                                        }
                                    },
                                    "required": [
                                        "result"
                                    ],
                                    "additionalProperties": false
                                }
                            },
                            "application/json": {
                                "schema": {
                                    "type": "object",
                                    "properties": {
                                        "result": {
                                            "type": "string"
                                        }
                                    },
                                    "required": [
                                        "result"
                                    ],
                                    "additionalProperties": false
                                }
                            }
                        }
                    }
                },
                "requestBody": {
                    "content": {
                        "application/vnd.oracle.adf.action+json": {
                            "schema": {
                                "type": "object",
                                "properties": {
                                    "justification": {
                                        "type": "string",
                                        "nullable": true
                                    }
                                },
                                "additionalProperties": false
                            }
                        }
                    }
                }
            }
        }
    },
    "components": {
        "parameters": {
            "expand": {
                "name": "expand",
                "in": "query",
                "schema": {
                    "type": "string"
                }
            },
            "fields": {
                "name": "fields",
                "in": "query",
                "schema": {
                    "type": "string"
                }
            },
            "onlyData": {
                "name": "onlyData",
                "in": "query",
                "schema": {
                    "type": "boolean"
                }
            },
            "links": {
                "name": "links",
                "in": "query",
                "schema": {
                    "type": "string"
                }
            },
            "limit": {
                "name": "limit",
                "in": "query",
                "schema": {
                    "type": "integer"
                }
            },
            "offset": {
                "name": "offset",
                "in": "query",
                "schema": {
                    "type": "integer"
                }
            },
            "totalResults": {
                "name": "totalResults",
                "in": "query",
                "schema": {
                    "type": "boolean"
                }
            },
            "q": {
                "name": "q",
                "in": "query",
                "schema": {
                    "type": "string"
                }
            },
            "orderBy": {
                "name": "orderBy",
                "in": "query",
                "schema": {
                    "type": "string"
                }
            },
            "REST-Framework-Version": {
                "name": "REST-Framework-Version",
                "in": "header",
                "schema": {
                    "type": "string",
                    "enum": [
                        "1",
                        "2",
                        "3",
                        "4",
                        "5",
                        "6",
                        "7",
                        "8",
                        "9"
                    ]
                }
            },
            "Metadata-Context": {
                "name": "Metadata-Context",
                "in": "header",
                "schema": {
                    "type": "string"
                }
            },
            "Upsert-Mode": {
                "name": "Upsert-Mode",
                "in": "header",
                "schema": {
                    "type": "string",
                    "enum": [
                        "true",
                        "false"
                    ]
                }
            },
            "dependency": {
                "name": "dependency",
                "in": "query",
                "schema": {
                    "type": "string"
                }
            }
        }
    }
}