{
  "root": "checkDrawerState",
  "description": "trigger close drawer method on data management",
  "actions": {
    "checkDrawerState": {
      "module": "vb/action/builtin/ifAction",
      "parameters": {
        "condition": "[[ $page.variables.innerBottomDrawerState === 'closed' ]]"
      },
      "outcomes": {
        "true": "closeInnerBottomDrawerAction"
      }
    },
    "closeInnerBottomDrawerAction": {
      "module": "vb/action/builtin/assignVariablesAction",
      "parameters": {
        "$page.variables.bottomOpenStatus": {
          "source": "none"
        }
      }
    }
  }
}