{
  "root": "checkActionId",
  "description": "Notifiy custom action is triggered",
  "variables": {
    "detail": {
      "type": "any",
      "description": "Primary action payload",
      "input": "fromCaller",
      "required": true
    }
  },
  "actions": {
    "checkActionId": {
      "module": "vb/action/builtin/ifAction",
      "parameters": {
        "condition": "[[ $chain.variables.detail.actionId  === 'EndModalDrawer' ]]"
      },
      "outcomes": {
        "true": "openEndModalDrawerAction"
      }
    },
    "openEndModalDrawerAction": {
      "module": "vb/action/builtin/assignVariablesAction",
      "parameters": {
        "$page.variables.endOpenStatus": {
          "source": "outer"
        },
        "$page.variables.endDisplayStatus": {
          "source": "overlayModal"
        }
      }
    }
  }
}