{
    "displayLabel": "Employee",
    "fields": [
        {
            "displayLabel": "Id",
            "key": true,
            "name": "id",
            "oid": "74e37855-2bc6-4b87-addb-206ec4a86885",
            "required": true,
            "type": "number",
            "unique": true
        },
        {
            "displayLabel": "Created",
            "historyType": "timeCreated",
            "name": "creationDate",
            "oid": "be4d5aef-5a5e-479e-815d-52f5d384acb8",
            "required": true,
            "type": "datetime"
        },
        {
            "displayLabel": "Last Updated",
            "historyType": "timeUpdated",
            "name": "lastUpdateDate",
            "oid": "a2959e1e-2f7a-4193-81a6-afce7bb5e45b",
            "required": true,
            "type": "datetime"
        },
        {
            "displayLabel": "Created By",
            "historyType": "createdBy",
            "name": "createdBy",
            "oid": "a452b2a7-50a7-4dd4-bd9d-c3d95a1d19a1",
            "required": true,
            "type": "string"
        },
        {
            "displayLabel": "Last Updated By",
            "historyType": "updatedBy",
            "name": "lastUpdatedBy",
            "oid": "90d192a6-d1a4-4f42-a467-dd6fdb56b099",
            "required": true,
            "type": "string"
        },
        {
            "displayLabel": "Version Number",
            "historyType": "versionNumber",
            "name": "versionNumber",
            "oid": "c6e0a4a3-742c-40be-858d-61b3c12909e6",
            "type": "number"
        },
        {
            "displayLabel": "firstName",
            "name": "firstName",
            "oid": "b7a55eb7-4f0d-49c9-a937-166155eaa649",
            "required": true,
            "type": "string"
        },
        {
            "displayLabel": "lastName",
            "name": "lastName",
            "oid": "4b742397-8fb4-439a-985b-06630ea68936",
            "required": true,
            "type": "string"
        },
        {
            "displayLabel": "email",
            "name": "email",
            "oid": "8d015840-db90-4a4b-b5f3-0bf09539fa9b",
            "required": true,
            "type": "string"
        },
        {
            "displayLabel": "phoneNumber",
            "name": "phoneNumber",
            "oid": "c19c9950-c05a-4d97-823f-6d399709d5a3",
            "required": true,
            "type": "string"
        },
        {
            "displayLabel": "hireDate",
            "name": "hireDate",
            "oid": "e6989831-a45d-4f0e-ad8e-28f523b1dfdb",
            "required": true,
            "type": "date"
        },
        {
            "displayLabel": "job",
            "name": "job",
            "oid": "7f066777-8c33-4555-bfb1-e1258ac2c919",
            "required": true,
            "type": "number"
        },
        {
            "displayLabel": "salary",
            "name": "salary",
            "oid": "98fe9e3e-8f2d-44d9-9f7a-e3deea0fdee9",
            "required": true,
            "scale": 1,
            "type": "number"
        },
        {
            "displayLabel": "commissionPct",
            "name": "commissionPct",
            "oid": "d8c4ed8f-e529-463c-9036-0520cfac50f2",
            "required": false,
            "scale": 2,
            "type": "number"
        },
        {
            "displayLabel": "manager",
            "name": "manager",
            "oid": "32959bca-6f56-4505-8edc-56ff89faf831",
            "required": false,
            "type": "number"
        },
{
            "displayLabel": "department",
            "name": "department",
            "oid": "87440946-f1a0-476a-ad19-783d85214a54",
            "required": true,
            "type": "number"
        },
        {
            "type": "date",
            "name": "promotionDate",
            "oid": "3a15285f-2708-4bc3-b732-74a0fdd8ee1d",
            "displayLabel": "promotionDate"
        }
    ],
    "hidden": false,
    "name": "Employee",
    "oid": "5be27275-148c-4a29-a999-f0036d32b9fc",
    "relationships": [
        {
            "deleteRule": "restrict",
            "exposeAccessor": true,
            "mappingField": "department",
            "name": "departmentObject",
            "reverseRelationship": "employeeCollection",
            "targetEntity": "Department",
            "type": "outgoing"
        },
        {
            "displayField": "firstName",
            "name": "employeeCollection",
            "reverseRelationship": "managerObject",
            "targetEntity": "Employee",
            "type": "incoming"
        },
        {
            "deleteRule": "restrict",
            "exposeAccessor": true,
            "mappingField": "job",
            "name": "jobObject",
            "reverseRelationship": "employeeCollection",
            "targetEntity": "Job",
            "type": "outgoing"
        },
        {
            "deleteRule": "restrict",
            "exposeAccessor": true,
            "mappingField": "manager",
            "name": "managerObject",
            "reverseRelationship": "employeeCollection",
            "targetEntity": "Employee",
            "type": "outgoing"
        }
    ]
}