{
    "displayLabel": "YAG_LOOKUP_HEADERS_DATA",
    "fields": [
        {
            "displayLabel": "Id",
            "key": true,
            "name": "id",
            "oid": "3a3b6046-c983-43c6-82f0-5384460a1885",
            "required": true,
            "type": "number",
            "unique": true
        },
        {
            "displayLabel": "Created",
            "historyType": "timeCreated",
            "name": "creationDate",
            "oid": "0cb63c19-4f39-4c22-b5c7-f95e7e0c810a",
            "type": "datetime"
        },
        {
            "displayLabel": "Last Updated",
            "historyType": "timeUpdated",
            "name": "lastUpdateDate",
            "oid": "eb8b018b-0a3f-433e-a36f-2344a007acfb",
            "type": "datetime"
        },
        {
            "displayLabel": "Created By",
            "historyType": "createdBy",
            "name": "createdBy",
            "oid": "c5285341-7024-4706-b0db-941b46f839b3",
            "type": "string"
        },
        {
            "displayLabel": "Last Updated By",
            "historyType": "updatedBy",
            "name": "lastUpdatedBy",
            "oid": "a2190a74-72c7-419b-9500-8396653b1e43",
            "type": "string"
        },
        {
            "displayLabel": "Version Number",
            "historyType": "versionNumber",
            "name": "versionNumber",
            "oid": "5d70bd6a-c0c8-40ad-9c0e-df609765284d",
            "type": "number"
        },
        {
            "displayLabel": "lookup_header_id",
            "name": "lookupHeaderId",
            "oid": "90b61c1a-a7ff-45f2-a79c-5486602d50ee",
            "required": true,
            "type": "number"
        },
        {
            "displayLabel": "lookup_header_code",
            "name": "lookupHeaderCode",
            "oid": "55ff5ff1-53be-44ea-9132-209163dcb28d",
            "required": true,
            "type": "string"
        },
        {
            "displayLabel": "lookup_header_name",
            "name": "lookupHeaderName",
            "oid": "edd084e5-3f52-4c8f-b55c-37507ec7e6bb",
            "required": true,
            "type": "string"
        },
        {
            "displayLabel": "lookup_header_description",
            "name": "lookupHeaderDescription",
            "oid": "6fece02e-9642-470e-8e7e-bfdf8c674c1a",
            "required": true,
            "type": "string"
        },
        {
            "displayLabel": "enabled_flag",
            "name": "enabledFlag",
            "oid": "321762e0-d10a-4331-bb2d-26a90425d86a",
            "required": true,
            "type": "string"
        },
        {
            "displayLabel": "attribute1",
            "name": "attribute1",
            "oid": "da6189d4-1c63-45e2-a6c6-b487f1149600",
            "required": false,
            "type": "string"
        },
        {
            "displayLabel": "attribute2",
            "name": "attribute2",
            "oid": "91831056-ec33-4956-bfbc-a778768d179e",
            "required": false,
            "type": "string"
        },
        {
            "displayLabel": "attribute3",
            "name": "attribute3",
            "oid": "0c51d752-4dac-4f37-bcb5-488b8dd78bb4",
            "required": false,
            "type": "string"
        },
        {
            "displayLabel": "attribute4",
            "name": "attribute4",
            "oid": "3287d35c-08bd-4a28-be49-ea438ca17b2c",
            "required": false,
            "type": "string"
        },
        {
            "displayLabel": "attribute5",
            "name": "attribute5",
            "oid": "744b7c47-3362-431c-94c4-dfdb0d7fde53",
            "required": false,
            "type": "string"
        },
        {
            "displayLabel": "attribute6",
            "name": "attribute6",
            "oid": "48554211-31f9-4e12-bb30-7006daedc63b",
            "required": false,
            "type": "string"
        },
        {
            "displayLabel": "attribute7",
            "name": "attribute7",
            "oid": "447b903e-9287-47ae-a792-cc27b2fedf92",
            "required": false,
            "type": "string"
        },
        {
            "displayLabel": "attribute8",
            "name": "attribute8",
            "oid": "cc0e0f26-42b5-4956-8950-6b684b25b142",
            "required": false,
            "type": "string"
        },
        {
            "displayLabel": "attribute9",
            "name": "attribute9",
            "oid": "6721e8de-0321-4b60-9e95-698cae173d78",
            "required": false,
            "type": "string"
        },
        {
            "displayLabel": "attribute10",
            "name": "attribute10",
            "oid": "6f02a0d0-7921-4c5f-b578-4ae66da7c97d",
            "required": false,
            "type": "string"
        },
        {
            "displayLabel": "attribute_number1",
            "name": "attributeNumber1",
            "oid": "393da909-bed2-4dca-baf5-82ea301f1f3c",
            "required": false,
            "type": "string"
        },
        {
            "displayLabel": "attribute_number2",
            "name": "attributeNumber2",
            "oid": "eebf3c1d-ed49-44cb-9fd6-796afcdd54be",
            "required": false,
            "type": "string"
        },
        {
            "displayLabel": "attribute_number3",
            "name": "attributeNumber3",
            "oid": "429eb34e-c2f0-44af-83d5-e46294f32d42",
            "required": false,
            "type": "string"
        },
        {
            "displayLabel": "attribute_number4",
            "name": "attributeNumber4",
            "oid": "c45fa180-4107-42e7-8fb9-a2951fdec1a1",
            "required": false,
            "type": "string"
        },
        {
            "displayLabel": "attribute_number5",
            "name": "attributeNumber5",
            "oid": "781147ac-a625-43bb-833f-0a6c77560199",
            "required": false,
            "type": "string"
        },
        {
            "displayLabel": "attribute_date1",
            "name": "attributeDate1",
            "oid": "3fd53a72-098a-493b-890b-3c8f2dc94274",
            "required": false,
            "type": "string"
        },
        {
            "displayLabel": "attribute_date2",
            "name": "attributeDate2",
            "oid": "b4b1404f-2ce9-430e-b78a-ad49af9dcd58",
            "required": false,
            "type": "string"
        },
        {
            "displayLabel": "attribute_date3",
            "name": "attributeDate3",
            "oid": "66967837-85a2-46bc-9555-60bd1c27be19",
            "required": false,
            "type": "string"
        },
        {
            "displayLabel": "attribute_date4",
            "name": "attributeDate4",
            "oid": "f07a397d-424e-45e3-aa24-53dc6aec68bb",
            "required": false,
            "type": "string"
        },
        {
            "displayLabel": "attribute_date5",
            "name": "attributeDate5",
            "oid": "028ff866-c9f8-4efa-81e5-b65155fca7a9",
            "required": false,
            "type": "string"
        },
        {
            "displayLabel": "creation_date",
            "name": "creationDate2",
            "oid": "f1aa47dd-e958-4042-abfa-1c81c88714b3",
            "type": "date"
        },
        {
            "displayLabel": "created_by",
            "name": "createdBy2",
            "oid": "326404fb-d109-4508-bef3-d77b02b0e1f0",
            "type": "string"
        },
        {
            "displayLabel": "last_updated_date",
            "name": "lastUpdatedDate",
            "oid": "760e2a6b-9407-4386-a2b6-8be580edc1c7",
            "type": "date"
        },
        {
            "displayLabel": "last_updated_by",
            "name": "lastUpdatedBy2",
            "oid": "7260fe33-9023-4afe-9ace-8967f610d98a",
            "type": "string"
        },
        {
            "displayLabel": "last_updated_login",
            "name": "lastUpdatedLogin",
            "oid": "3d660aea-b65c-4186-a3ab-a9dfd1cd4853",
            "type": "string"
        }
    ],
    "hidden": false,
    "name": "YAGLOOKUPHEADERSDATA",
    "oid": "67ba0f83-cd06-4a2b-b1dd-1dde8a50a515",
    "relationships": [
        {
            "name": "yAGLOOKUPLINESDATACollection",
            "reverseRelationship": "yAGLOOKUPHEADERSDATAObject",
            "targetEntity": "YAGLOOKUPLINESDATA",
            "type": "incoming",
            "displayField": "lookupHeaderName"
        }
    ]
}