id,creationDate,lastUpdateDate,createdBy,lastUpdatedBy,lookupHeaderId,lookupHeaderCode,lookupHeaderName,lookupHeaderDescription,enabledFlag,attribute1,attribute2,attribute3,attribute4,attribute5,attribute6,attribute7,attribute8,attribute9,attribute10,attributeNumber1,attributeNumber2,attributeNumber3,attributeNumber4,attributeNumber5,attributeDate1,attributeDate2,attributeDate3,attributeDate4,attributeDate5,creationDate2,createdBy2,lastUpdatedDate,lastUpdatedBy2,lastUpdatedLogin
1,2024-09-20T12:33:05.554,2024-09-20T12:33:05.554,juan.montero@entrust.es,juan.montero@entrust.es,1.0,H2H_IN_PROCESSES,H2H In Processes,Processes to use in the IN integration,Y,,,,,,,,,,,,,,,,,,,,,2024-09-17,OIC_POC,2024-09-17,OIC_POC,OIC_POC
2,2024-09-20T12:33:05.774,2024-09-20T12:33:05.774,juan.montero@entrust.es,juan.montero@entrust.es,2.0,H2H_OUT_PROCESSES,H2H Out Processes,Processes to use in the OUT integration,Y,,,,,,,,,,,,,,,,,,,,,2024-09-17,OIC_POC,2024-09-17,OIC_POC,OIC_POC
3,2024-09-20T12:33:05.775,2024-09-20T12:33:05.775,juan.montero@entrust.es,juan.montero@entrust.es,3.0,H2H_IN_WFBI,H2H Wellsfargo In Process,Configuration for IN integration for Wellsfargo bank,Y,,,,,,,,,,,,,,,,,,,,,2024-09-17,OIC_POC,2024-09-17,OIC_POC,OIC_POC
4,2024-09-20T12:33:05.775,2024-09-20T12:33:05.775,juan.montero@entrust.es,juan.montero@entrust.es,4.0,H2H_OUT_WFBI,H2H Wellsfargo Out Process,Configuration for OUT integration for Wellsfargo bank,Y,,,,,,,,,,,,,,,,,,,,,2024-09-17,OIC_POC,2024-09-17,OIC_POC,OIC_POC
5,2024-09-20T12:37:14,2024-09-20T12:37:14.015,juan.montero@entrust.es,juan.montero@entrust.es,1.0,H2H_IN_PROCESSES,H2H In Processes,Processes to use in the IN integration,Y,,,,,,,,,,,,,,,,,,,,,2024-09-17,OIC_POC,2024-09-17,OIC_POC,OIC_POC
