{
  "title": "",
  "description": "",
  "variables": {
    "allFilters": {
      "type": "filterChip[]",
      "defaultValue": "{{$page.variables.selectContextValueItem && $page.variables.selectContextValueItem.key ? (($page.variables.appliedFilters || []).concat([{ 'filter': 'keyword', 'label': $page.variables.selectContextValueItem.data ? $page.variables.selectContextValueItem.data.label : $page.variables.selectContextValueItem.key, 'value': $page.variables.selectContextValueItem.key }])) :  $page.variables.appliedFilters }}"
    },
    "appliedFilters": {
      "type": "filterChip[]",
      "defaultValue": "{{ $page.variables.appliedFiltersStr && $page.variables.appliedFiltersStr.length > 0 ? JSON.parse($page.variables.appliedFiltersStr) : [] }}",
      "onValueChanged": {
        "chains": [
          {
            "chain": "updateAllFilters",
            "parameters": {
              "value": "[[ $page.variables.appliedFilters ]]"
            }
          }
        ]
      }
    },
    "appliedFiltersStr": {
      "type": "string",
      "input": "fromUrl",
      "defaultValue": "",
      "onValueChanged": {
        "chains": [
          {
            "chain": "updateAppliedFilters",
            "parameters": {}
          }
        ]
      }
    },
    "askHint": {
      "type": "string",
      "defaultValue": "Search"
    },
    "displayMode": {
      "type": "string"
    },
    "employeeListSDP": {
      "type": "vb/ServiceDataProvider",
      "defaultValue": {
        "endpoint": "businessObjects/getall_Employee",
        "keyAttributes": "id",
        "itemsPath": "items",
        "responseType": "getallEmployeeResponse",
        "filterCriterion": {
          "op": "$or",
          "criteria": [
            {
              "op": "$co",
              "attribute": "firstName",
              "value": "{{ $variables.textSearch }}"
            },
            {
              "op": "$co",
              "attribute": "lastName",
              "value": "{{ $variables.textSearch }}"
            }
          ]
        }
      }
    },
    "expanded": {
      "type": "string",
      "defaultValue": "auto"
    },
    "functionalPrimaryActions": {
      "type": "action[]"
    },
    "functionalSecondaryActions": {
      "type": "action[]"
    },
    "goToParentOption": {
      "type": "boolean",
      "defaultValue": false
    },
    "initialString": {
      "type": "string"
    },
    "oj_list_view_1896815765_1SelectedId": {
      "type": "string",
      "defaultValue": ""
    },
    "primaryAction": {
      "type": "action"
    },
    "searchResultsDP": {
      "type": "oj-sp/data-provider/SmartSearchAndFilterDataProvider",
      "defaultValue": {
        "//": "specify endpoint for search all below",
        "endpoint": null,
        "options": {
          "filterCriterion": {
            "op": "$eq",
            "value": {
              "filters": "{{$page.variables.allFilters}}"
            }
          },
          "parameters": {
            "smartSearchName": "<The name of the Smart Search as registered by the product team>"
          },
          "recentSearches": {
            "//": "specify endpoint where recent search data is saved below",
            "endpoint": null
          }
        }
      }
    },
    "searchSuggestionsDP": {
      "type": "oj-sp/data-provider/SmartSuggestionChipsDataProvider",
      "defaultValue": {
        "dataProviders": {
          "recentSearches": {
            "//": "specify endpoint for recent search below",
            "endpoint": null,
            "uriParameters": {
              "smartSearchName": "<The name of the Smart Search as registered by the product team>"
            }
          },
          "autocompleteSearch": {
            "//": "specify endpoint for search all below",
            "endpoint": null,
            "uriParameters": {
              "smartSearchName": "<The name of the Smart Search as registered by the product team>"
            }
          },
          "suggestionFiltersSearch": {
            "//": "specify endpoint for suggest search below",
            "endpoint": null,
            "uriParameters": {
              "smartSearchName": "<The name of the Smart Search as registered by the product team>"
            }
          }
        }
      }
    },
    "secondaryActions": {
      "type": "action[]"
    },
    "selectContextData": {
      "type": "vb/ArrayDataProvider"
    },
    "selectContextItemText": {
      "type": "string",
      "defaultValue": "label"
    },
    "selectContextLabelHint": {
      "type": "string"
    },
    "selectContextValue": {
      "type": "string",
      "defaultValue": null,
      "persisted": "device",
      "input": "fromUrl"
    },
    "selectContextValueItem": {
      "type": "any",
      "onValueChanged": {
        "chains": [
          {
            "chain": "updateAllFilters",
            "parameters": {
              "value": "[[ $page.variables.appliedFilters ]]"
            }
          }
        ]
      }
    },
    "showAllTotalCount": {
      "type": "boolean",
      "defaultValue": true
    },
    "suggestionFiltersDP": {
      "type": "oj-sp/data-provider/SuggestionFiltersDataProvider",
      "defaultValue": {
        "//": "specify endpoint for suggest search below",
        "endpoint": null,
        "uriParameters": {
          "smartSearchName": "<The name of the Smart Search as registered by the product team>"
        }
      }
    },
    "textSearch": {
      "type": "string"
    },
    "varDisabled": {
      "type": "string",
      "defaultValue": "Disabled"
    },
    "varOn": {
      "type": "string",
      "defaultValue": "On"
    }

  },
  "metadata": {},
  "types": {
    "@decorators.getallEmployeeResponse": {
      "endpoint": "getall_Employee",
      "service": "businessObjects",
      "path": "response"
    },
    "action": {
      "id": "string",
      "label": "string",
      "display": "string",
      "icon": "string"
    },
    "contextSelectType": {
      "value": "string",
      "label": "string"
    },
    "filterChip": {
      "count": "number",
      "dependencies": "string[]",
      "filter": "string",
      "filterLabel": "string",
      "label": "string",
      "value": "any"
    },
    "getallEmployeeResponse": {
      "items": [
        {
          "firstName": "string",
          "hireDate": "string",
          "id": "number",
          "lastName": "string",
          "manager": "number",
          "phoneNumber": "string",
          "review": "string",
          "salary": "number"
        }
      ]
    }
  },
  "eventListeners": {
    "collectionContainerSpDelete": {
      "chains": [
        {
          "chain": "CollectionContainerSpDeleteChain"
        }
      ]
    },
    "listItemTemplateSpPrimaryAction": {
      "chains": [
        {
          "chain": "ListItemTemplateSpPrimaryActionChain",
          "parameters": {
            "key": "{{ $current.key }}",
            "index": "{{ $current.index }}",
            "current": "{{ $current }}"
          }
        }
      ]
    },
    "oj_list_view_1896815765_1SelectionChanged": {
      "chains": [
        {
          "chain": "ojListView18968157651ChangeSelectionChain",
          "parameters": {
            "employeeId": "[[ $event.detail.value.key || '' ]]"
          }
        }
      ]
    },
    "ojSpGoToParent": {
      "chains": [
        {
          "chain": "goToParent",
          "parameters": {}
        }
      ]
    },
    "ojSpNavigateBack": {
      "chains": [
        {
          "chain": "navigateBack",
          "parameters": {}
        }
      ]
    },
    "ojSpSmartFiltersChangedAction": {
      "chains": [
        {
          "chain": "updateAllFilters",
          "parameters": {
            "value": "{{ $event.detail.value }}"
          }
        }
      ]
    },
    "ojSsp1SpPrimaryAction": {
      "chains": [
        {
          "chain": "SmartSearchPageTemplateSpPrimaryActionChain"
        }
      ]
    }

  },
  "imports": {
    "components": {
      "oj-input-search": {
        "path": "ojs/ojinputsearch"
      },
      "oj-list-item-layout": {
        "path": "ojs/ojlistitemlayout"
      },
      "oj-list-view": {
        "path": "ojs/ojlistview"
      },
      "oj-sp-collection-container": {
        "path": "oj-sp/collection-container/loader"
      },
      "oj-sp-empty-state": {
        "path": "oj-sp/empty-state/loader"
      },
      "oj-sp-list-item-template": {
        "path": "oj-sp/list-item-template/loader"
      },
      "oj-sp-smart-search-page": {
        "path": "oj-sp/smart-search-page/loader"
      }
    }
  }
}
