{
    "displayLabel": "demo_01",
    "fields": [
        {
            "displayLabel": "Id",
            "key": true,
            "name": "id",
            "oid": "168aed86-2e55-40fc-b989-c931a17b3443",
            "required": true,
            "type": "number",
            "unique": true
        },
        {
            "displayLabel": "Created",
            "historyType": "timeCreated",
            "name": "creationDate",
            "oid": "2e8701c8-e72d-4458-8433-c47b204e0d46",
            "type": "datetime"
        },
        {
            "displayLabel": "Last Updated",
            "historyType": "timeUpdated",
            "name": "lastUpdateDate",
            "oid": "0f2daafc-882b-4ce0-9c96-dd0410ad2c6a",
            "type": "datetime"
        },
        {
            "displayLabel": "Created By",
            "historyType": "createdBy",
            "name": "createdBy",
            "oid": "a0217690-5e7d-4a95-9623-9d36ccffb140",
            "type": "string"
        },
        {
            "displayLabel": "Last Updated By",
            "historyType": "updatedBy",
            "name": "lastUpdatedBy",
            "oid": "a5e22da5-3be2-4b37-b95c-abe3633a5a76",
            "type": "string"
        },
        {
            "displayLabel": "Version Number",
            "historyType": "versionNumber",
            "name": "versionNumber",
            "oid": "be5f8dc8-2150-47f6-82b3-d15a15451458",
            "type": "number"
        },
        {
            "displayLabel": "﻿ \"BillToCustomerName\"",
            "name": "billToCustomerName",
            "oid": "3d9dbe8b-1d22-40da-9899-a57e2767b4b4",
            "required": true,
            "type": "string"
        },
        {
            "displayLabel": "BusinessUnit",
            "name": "businessUnit",
            "oid": "350a3d01-c4f5-4cdb-a18d-2b00d502bef0",
            "required": true,
            "type": "string"
        },
        {
            "displayLabel": "CustomerTransactionId",
            "name": "customerTransactionId",
            "oid": "9c99f0de-912d-459b-98b8-bef1dd3ecc5f",
            "required": true,
            "type": "number"
        },
        {
            "displayLabel": "TransactionDate",
            "name": "transactionDate",
            "oid": "5bf1c405-de23-4d19-8bc8-f9f81f9e0f7c",
            "required": true,
            "type": "date"
        },
        {
            "displayLabel": "TransactionNumber",
            "name": "transactionNumber",
            "oid": "fb804da7-4288-418e-8157-fdf3f29dd32f",
            "required": true,
            "type": "string"
        }
    ],
    "hidden": false,
    "name": "demo_01",
    "oid": "e3e7581c-edfb-4c18-bd42-203963a3ee50"
}