{
    "backends": {
        "ics": {
            "serviceType": "ics",
            "servers": [
                {
                    "url": "vb-catalog://backends.tenant/ics",
                    "description": "Overridden Integration Server",
                    "x-vb": {
                        "authentication": {
                            "authenticated": {
                                "type": "basic",
                                "credentials": "vb_58bb46e4-cc8d-4e2c-83aa-11a29511da6b"
                            }
                        }
                    }
                }
            ]
        }
      }
}