{

  "title": "",
  "description": "",
  "variables": {
    "x_dir": {
      "type": "string",
      "defaultValue": "/home/jjmr_oic/callback"
    },
    "x_file": {
      "type": "string",
      "defaultValue": "1.txt"
    }
  },
  "types": {},
  "chains": {},
  "eventListeners": {
    "ojButtonOjAction": {
      "chains": [
        {
          "chainId": "ButtonActionChain"
        }
      ]
    }
  },
  "imports": {
    "components": {
      "oj-button": {
        "path": "ojs/ojbutton"
      },
      "oj-input-text": {
        "path": "ojs/ojinputtext"
      },
      "oj-label": {
        "path": "ojs/ojlabel"
      }
    }
  }
}
