{
  "title": "PartnerAP_File Detail",
  "description": "Displays PartnerAP_File record",
  "variables": {
    "partnerAPFile": {
      "type": "getPartnerAPFileResponse"
    },
    "partnerAPFileId": {
      "type": "string",
      "required": true,
      "input": "fromUrl"
    }
  },
  "metadata": {},
  "types": {
    "@decorators.getPartnerAPFileResponse": {
      "endpoint": "get_PartnerAP_File",
      "service": "businessObjects",
      "path": "request"
    },
    "getPartnerAPFileResponse": {
      "batchId": "string",
      "buId": "string",
      "buName": "string",
      "createdBy": "string",
      "creationDate": "string",
      "dateInvoiceAttachment": "string",
      "dateInvoiceCreated": "string",
      "dateInvoiceFtp": "string",
      "dateInvoiceMailed": "string",
      "distributionSet": "string",
      "fileName": "string",
      "id": "number",
      "invoiceDate": "string",
      "invoiceDescription": "string",
      "invoiceId": "string",
      "invoiceNumber": "string",
      "lastUpdateDate": "string",
      "lastUpdatedBy": "string",
      "links": "object[]",
      "netAmount": "number",
      "oICInstanceId": "string",
      "qualifica": "string",
      "status": "string",
      "statusMessage": "string",
      "userLoad": "string",
      "vendorAddressCode": "string",
      "vendorName": "string",
      "vendorNumber": "string"
    }
  },
  "eventListeners": {
    "backButtonClicked": {
      "chains": [
        {
          "chain": "goBackChain"
        }
      ]
    },
    "vbEnter": {
      "chains": [
        {
          "chain": "loadPartnerAPFileChain"
        }
      ]
    }
  },
  "imports": {
    "components": {
      "oj-button": {
        "path": "ojs/ojbutton"
      },
      "oj-form-layout": {
        "path": "ojs/ojformlayout"
      },
      "oj-input-date-time": {
        "path": "ojs/ojdatetimepicker"
      },
      "oj-input-number": {
        "path": "ojs/ojinputnumber"
      },
      "oj-input-text": {
        "path": "ojs/ojinputtext"
      },
      "oj-text-area": {
        "path": "ojs/ojinputtext"
      },
      "oj-toolbar": {
        "path": "ojs/ojtoolbar"
      }

    }
  }
}
