{
  "title": "Edit Partner AP_File",
  "description": "Updates single PartnerAP_File record",
  "variables": {
    "partnerAPFile": {
      "type": "getPartnerAPFileResponse"
    },
    "partnerAPFileETag": {
      "type": "string"
    },
    "partnerAPFileId": {
      "type": "string",
      "required": true,
      "input": "fromUrl"
    },
    "savePartnerAPFileChainInProgress": {
      "type": "boolean",
      "defaultValue": false
    }
  },
  "metadata": {},
  "types": {
    "@decorators.getPartnerAPFileResponse": {
      "endpoint": "get_PartnerAP_File",
      "service": "businessObjects",
      "path": "response"
    },
    "businessObjectsServiceErrorResponseType": {
      "body": {
        "status": "string",
        "title": "string",
        "o:errorDetails": [
          {
            "detail": "string",
            "o:errorCode": "string"
          }
        ]
      },
      "status": "number"
    },
    "getPartnerAPFileResponse": {
      "batchId": "string",
      "distributionSet": "string",
      "fileName": "string",
      "invoiceDate": "string",
      "invoiceDescription": "string",
      "netAmount": "number",
      "vendorAddressCode": "string",
      "vendorName": "string",
      "vendorNumber": "string"
    }
  },
  "eventListeners": {
    "backButtonClicked": {
      "chains": [
        {
          "chain": "goBackChain"
        }
      ]
    },
    "saveButtonClicked": {
      "chains": [
        {
          "chain": "savePartnerAPFileChain"
        }
      ]
    },
    "vbEnter": {
      "chains": [
        {
          "chain": "loadPartnerAPFileChain"
        }
      ]
    }
  },
  "imports": {
    "components": {
      "oj-button": {
        "path": "ojs/ojbutton"
      },
      "oj-form-layout": {
        "path": "ojs/ojformlayout"
      },
      "oj-input-number": {
        "path": "ojs/ojinputnumber"
      },
      "oj-input-text": {
        "path": "ojs/ojinputtext"
      },
      "oj-toolbar": {
        "path": "ojs/ojtoolbar"
      },
      "oj-validation-group": {
        "path": "ojs/ojvalidationgroup"
      }
    }
  }
}
