{
  "title": "",
  "description": "",
  "variables": {
    "animate": {
      "type": "string",
      "defaultValue": "auto"
    },
    "bidirectionalNavigation": {
      "type": "boolean",
      "defaultValue": true,
      "input": "fromCaller"
    },
    "createPostSuppliersChainInProgress": {
      "type": "boolean",
      "defaultValue": false
    },
    "displayMode": {
      "type": "string"
    },
    "goToParent": {
      "type": "boolean",
      "defaultValue": true,
      "input": "fromCaller"
    },
    "nextStep": {
      "type": "any",
      "defaultValue": {}
    },
    "pageTitle": {
      "type": "string",
      "defaultValue": "Horizontal Overview Title"
    },
    "panelOneTitle": {
      "type": "string",
      "defaultValue": "Panel one title"
    },
    "panelTwoTitle": {
      "type": "string",
      "defaultValue": "Panel two title"
    },
    "parentPage": {
      "type": "string",
      "input": "fromCaller"
    },
    "postSuppliers": {
      "type": "postSuppliersRequest",
      "defaultValue": {

        "BusinessRelationshipCode": "SPEND_AUTHORIZED",
        "Supplier": "REDWOOD_DEMO_001",
        "TaxRegistrationCountryCode": "SE",
        "TaxOrganizationTypeCode": "CORPORATION",
        "SupplierTypeCode": "SUPPLIER",
        "addresses": {
          "items": [
            {
            }
          ]
        },
        "sites": {
          "items": [
            {
            }
          ]
        }
      }
    },
    "previousStep": {
      "type": "any"
    },
    "rowIndex": {
      "type": "number",
      "input": "fromUrl",
      "description": "Zero-based index referring to the current row",
      "onValueChanged": {
        "chains": [
          {
            "chainId": "fetchChain",
            "parameters": {
              "limit": 3,
              "offset": "{{ $page.variables.rowIndex > 0 ? ($page.variables.rowIndex - 1) : 0 }}"
            }
          }
        ]
      }
    },
    "selectedPanel": {
      "type": "number",
      "input": "fromUrl"
    }

  },
  "metadata": {},
  "types": {
    "@decorators.postSuppliersRequest": {
      "endpoint": "postSuppliers",
      "service": "demo_upload_supplier",
      "path": "request"
    },
    "postSuppliersRequest": {
      "addresses": {
        "items": [
          {
            "AddressLine1": "string",
            "AddressLine2": "string",
            "AddressLine3": "any",
            "AddressLine4": "any",
            "AddressName": "string",
            "AddressPurposeOrderingFlag": "string",
            "City": "string",
            "CountryCode": "string",
            "PostalCode": "string",
            "State": "any"
          }
        ]
      },
      "BusinessRelationshipCode": "string",
      "sites": {
        "items": [
          {
            "IncomeTaxReportingSiteFlag": "string",
            "ProcurementBU": "string",
            "SitePurposePrimaryPayFlag": "any",
            "SitePurposeProcurementCardFlag": "string",
            "SitePurposePurchasingFlag": "string",
            "SitePurposeSourcingOnlyFlag": "string",
            "SupplierAddressName": "string",
            "SupplierSite": "string"
          }
        ]
      },
      "Supplier": "string",
      "SupplierNumber": "string",
      "SupplierTypeCode": "string",
      "TaxOrganizationTypeCode": "string",
      "TaxRegistrationCountryCode": "string"

    }
  },
  "eventListeners": {
    "buttonAction": {
      "chains": [
        {
          "chain": "ButtonActionChain"
        }
      ]
    },
    "buttonAction2": {
      "chains": [
        {
          "chain": "ButtonActionChain1"
        }
      ]
    },
    "buttonAction3": {
      "chains": [
        {
          "chain": "ButtonActionChain2"
        }
      ]
    },
    "onSpGoToParent": {
      "chains": [
        {
          "chainId": "goToParentChain",
          "parameters": {
            "parentPage": "{{ $page.variables.parentPage }}"
          }
        }
      ]
    },
    "onSpNext": {
      "chains": [
        {
          "chainId": "next",
          "parameters": {
            "event": "{{ $event }}"
          }
        }
      ]
    },
    "onSpPrevious": {
      "chains": [
        {
          "chainId": "previous",
          "parameters": {
            "event": "{{ $event }}"
          }
        }
      ]
    },
    "saveButtonClicked": {
      "chains": [
        {
          "chain": "createPostSuppliersChain"
        }
      ]
    },
    "vbEnter": {
      "chains": [
        {
          "chainId": "firePageLayoutEventChain"
        }
      ]
    }

  },
  "imports": {
    "components": {
      "oj-button": {
        "path": "ojs/ojbutton"
      },
      "oj-form-layout": {
        "path": "ojs/ojformlayout"
      },
      "oj-input-text": {
        "path": "ojs/ojinputtext"
      },
      "oj-sp-foldout-layout": {
        "path": "oj-sp/foldout-layout/loader"
      },
      "oj-sp-foldout-panel-summarizing": {
        "path": "oj-sp/foldout-panel-summarizing/loader"
      },
      "oj-sp-horizontal-overview": {
        "path": "oj-sp/horizontal-overview/loader"
      },
      "oj-sp-summarizing-collection": {
        "path": "oj-sp/summarizing-collection/loader"
      },
      "oj-toolbar": {
        "path": "ojs/ojtoolbar"
      },
      "oj-validation-group": {
        "path": "ojs/ojvalidationgroup"
      }
    }
  }
}
