{
    "backends": {
        "be_demo_adf": {
            "serviceType": "adf-describe",
            "headers": {
                "REST-Framework-Version": "4"
            },
            "transforms": {
                "path": "vb/BusinessObjectsTransforms"
            },
            "servers": [],
            "extensionAccess": true
        },
        "be_demo": {
            "servers": [],
            "extensionAccess": true
        },
        "sn_oic": {
            "servers": []
        },
        "backend_custom_to_oic": {
            "servers": []
        }
      },
    "services": {
        "sn_items": {
            "openapi": "3.0.0",
            "info": {
                "x-vb": {
                    "serviceType": "adf-rest"
                }
            },
            "servers": [
                {
                    "url": "vb-catalog://backends/base:fscmRest/11.13.18.05:{REST-Framework-Version}",
                    "variables": {
                        "REST-Framework-Version": {
                            "default": "9"
                        }
                    }
                }
            ],
            "paths": {
                "/describe.openapi": {
                    "get": {
                        "x-vb": {
                            "queryParameters": {
                                "metadataMode": "minimal",
                                "resources": "itemsV2"
                            }
                        }
                    }
                }
            }
        }
    }
}