{
  "component-dependencies": {
    "oj-sp": {
      "version": "2407.0.0",
      "components": {
        "messages-banner": "2407.0.0",
        "messages-toast": "2407.0.0",
        "smart-search-page": "2407.0.0",
        "collection-container": "2407.0.0",
        "list-item-template": "2407.0.0",
        "empty-state": "2407.0.0",
        "welcome-page": "2407.0.0",
        "simple-create-edit": "2407.0.0",
        "message-unsaved-changes": "2407.0.0"
      }
    },
    "oj-dynamic": {
      "version": "16.0.11",
      "components": {
        "form": "16.0.11"
      }
    }
  }
 }