{
  "title": "",
  "description": "",
  "variables": {
    "backgroundColor": {
      "type": "string",
      "defaultValue": "dark-ocean"
    },
    "distributionsListSDP": {
      "type": "vb/ServiceDataProvider",
      "defaultValue": {
        "endpoint": "site_DEMO_EXTENSION_01:sn_pur_req/getall_purchaseRequisitions-lines-distributions",
        "keyAttributes": "RequisitionDistributionId",
        "itemsPath": "items",
        "responseType": "getallPurchaseRequisitionsLinesDistributionsResponse",
        "uriParameters": {
          "purchaseRequisitions_Id": "{{ $variables.varPO_REQ_iD }}",
          "purchaseRequisitions_lines_Id": "{{ $variables.varPO_REQ_LINE_ID }}"
        }
      }
    },
    "illustrationBackground": {
      "type": "string",
      "defaultValue": "https://static.oracle.com/cdn/fnd/gallery/2307.0.2/images/illust-welcome-banner-bg-01.png"
    },
    "illustrationForeground": {
      "type": "string",
      "defaultValue": "https://static.oracle.com/cdn/fnd/gallery/2307.0.2/images/illust-welcome-banner-fg-01.png"
    },
    "imageStretch": {
      "type": "string",
      "defaultValue": "none"
    },
    "linesListSDP": {
      "type": "vb/ServiceDataProvider",
      "defaultValue": {
        "endpoint": "site_DEMO_EXTENSION_01:sn_pur_req/getall_purchaseRequisitions-lines",
        "keyAttributes": "RequisitionLineId",
        "itemsPath": "items",
        "responseType": "getallPurchaseRequisitionsLinesResponse",
        "uriParameters": {
          "purchaseRequisitions_Id": "{{ $variables.varPO_REQ_iD }}"
        }
      }
    },
    "mobileImage": {
      "type": "string",
      "defaultValue": "on"
    },
    "purchaseRequisitionsListSDP": {
      "type": "vb/ServiceDataProvider",
      "defaultValue": {
        "endpoint": "site_DEMO_EXTENSION_01:sn_pur_req/getall_purchaseRequisitions",
        "keyAttributes": "RequisitionHeaderId",
        "itemsPath": "items",
        "responseType": "getallPurchaseRequisitionsResponse",
        "uriParameters": {
          "onlyData": true
        },
        "filterCriterion": {
          "op": "$or",
          "criteria": [
            {
              "op": "$co",
              "attribute": "Requisition",
              "value": "{{ $variables.varSearch }}"
            },
            {
              "op": "$co",
              "attribute": "RequisitioningBU",
              "value": "{{ $variables.varSearch }}"
            }
          ]
        }
      }
    },
    "suppliers": {
      "type": "getSuppliersResponse"
    },
    "varLine": {
      "type": "string"
    },
    "varOpenedDrawer": {
      "type": "boolean"
    },
    "varPO_REQ_iD": {
      "type": "string"
    },
    "varPO_REQ_LINE_ID": {
      "type": "string"
    },
    "varReq": {
      "type": "string"
    },
    "varSearch": {
      "type": "string"
    },
    "varVendorId": {
      "type": "string",
      "onValueChanged": {
        "chains": [
          {
            "chain": "loadSuppliersChain",
            "parameters": {
              "suppliersId": "{{ $variables.varVendorId }}"
            }
          }
        ]
      }
    }

  },
  "metadata": {},
  "types": {
    "@decorators.getallPurchaseRequisitionsLinesDistributionsResponse": {
      "endpoint": "getall_purchaseRequisitions-lines-distributions",
      "service": "site_DEMO_EXTENSION_01:sn_pur_req",
      "path": "response"
    },
    "@decorators.getallPurchaseRequisitionsLinesResponse": {
      "endpoint": "getall_purchaseRequisitions-lines",
      "service": "site_DEMO_EXTENSION_01:sn_pur_req",
      "path": "response"
    },
    "@decorators.getallPurchaseRequisitionsResponse": {
      "endpoint": "getall_purchaseRequisitions",
      "service": "site_DEMO_EXTENSION_01:sn_pur_req",
      "path": "response"
    },
    "@decorators.getSuppliersResponse": {
      "endpoint": "get_suppliers",
      "service": "site_DEMO_EXTENSION_01:suppliers_sn",
      "path": "response"
    },
    "getallPurchaseRequisitionsLinesDistributionsResponse": {
      "items": [
        {
          "ChargeAccount": "string",
          "CurrencyAmount": "string",
          "DistributionNumber": "string",
          "FundsStatusCode": "string",
          "Quantity": "string",
          "RequisitionDistributionId": "string"
        }
      ]
    },
    "getallPurchaseRequisitionsLinesResponse": {
      "items": [
        {
          "Amount": "string",
          "DeliverToLocationCode": "string",
          "DestinationOrganization": "string",
          "Item": "string",
          "ItemDescription": "string",
          "LineImageURL": "string",
          "LineNumber": "string",
          "LineStatus": "string",
          "LineType": "string",
          "Price": "string",
          "ProcurementBU": "string",
          "ProductType": "string",
          "Quantity": "string",
          "Requester": "string",
          "RequisitionLineId": "string",
          "SourceOrganization": "string",
          "Supplier": "string",
          "SupplierId": "string",
          "SupplierSite": "string"

        }
      ]
    },
    "getallPurchaseRequisitionsResponse": {
      "items": [
        {
          "ApprovedByEmail": "string",
          "ApprovedDate": "string",
          "Description": "string",
          "DocumentStatus": "string",
          "Preparer": "string",
          "Requisition": "string",
          "RequisitionHeaderId": "string",
          "RequisitioningBU": "string",
          "SubmissionDate": "string"
        }
      ]
    },
    "getSuppliersResponse": {
      "RegistryId": "string",
      "Supplier": "string",
      "SupplierNumber": "string",
      "SupplierType": "string",
      "SupplierTypeCode": "string",
      "TaxOrganizationTypeCode": "string",
      "TaxpayerCountryCode": "string",
      "TaxpayerId": "string",
      "TaxRegistrationCountry": "string",
      "TaxRegistrationNumber": "string",
      "TaxReportingName": "string"
    }

  },
  "eventListeners": {
    "buttonAction": {
      "chains": [
        {
          "chain": "ButtonActionChain"
        }
      ]
    },
    "buttonAction2": {
      "chains": [
        {
          "chain": "ButtonActionChain1"
        }
      ]
    },
    "buttonAction3": {
      "chains": [
        {
          "chain": "ButtonAC_GoDetail"
        }
      ]
    },
    "tableFirstSelectedRow": {
      "chains": [
        {
          "chain": "TableFirstSelectedRowChangeChain",
          "parameters": {
            "rowKey": "{{$event.detail.value.key}}",
            "rowData": "{{$event.detail.value.data}}"
          }
        }
      ]
    },
    "tableFirstSelectedRow2": {
      "chains": [
        {
          "chain": "TableFirstSelectedRowChangeChain1",
          "parameters": {
            "rowKey": "{{$event.detail.value.key}}",
            "rowData": "{{$event.detail.value.data}}"
          }
        }
      ]
    }

  },
  "imports": {
    "components": {
      "oj-c-button": {
        "path": "oj-c/button"
      },
      "oj-c-drawer-popup": {
        "path": "oj-c/drawer-popup"
      },
      "oj-c-input-text": {
        "path": "oj-c/input-text"
      },
      "oj-form-layout": {
        "path": "ojs/ojformlayout"
      },
      "oj-input-search": {
        "path": "ojs/ojinputsearch"
      },
      "oj-sp-welcome-page": {
        "path": "oj-sp/welcome-page/loader"
      },
      "oj-table": {
        "path": "ojs/ojtable"
      },
      "oj-toolbar": {
        "path": "ojs/ojtoolbar"
      }

    }
  }
}
