{
    "migrationVersion": "MjUwNA==",
    "features": {
        "extensionEnabled": true
    },
    "extensionFrameworkVersion": "2.0.0",
    "id": "site_hcm_extension",
    "source.version": "2504",
    "name": "HCM Extension",
    "description": "",
    "version": "0.1",
    "frameworkVersion": "1.0.0",
    "dependencies": [
{
            "id": "oracle_hcm_jobsandpositionsUI",
            "version": ">=2504.27.250780255"
        },
        {
            "id": "oracle_hcm_transactionpublicUI",
            "version": ">=2504.31.250622306"
        }
    ]
}