{
    "fieldValidators": [],
    "objectFunctions": [],
    "objectValidators": [],
    "triggers": [
        {
            "active": "active",
            "displayName": "demoTrigger",
            "lastUpdate": "2024-11-11T19:08:46",
            "oid": "7e1892ac-a883-4c37-a18b-1d2b8f10825b",
            "scriptMimeType": "application/x-adf-groovy",
            "triggerEvents": [
                "BeforeUpdate"
            ],
            "workflow": {
                "nodeType": "criterion",
                "type": "always",
                "displayName": "Always Execute",
                "outcomes": {
                    "false": {
                        "nodeType": "terminus",
                        "type": "end",
                        "for": "trigger"
                    },
                    "true": {
                        "nodeType": "actionGroup",
                        "displayName": "Action Group",
                        "after": {
                            "nodeType": "terminus",
                            "type": "continue",
                            "for": "criteria"
                        },
                        "methodDefinition": {
                            "typeId": "customGroovy",
                            "vars": {

                                "rawDescription": "demoTrigger",
                                "description": "demoTrigger",
                                "code": "import oracle.adf.model.connection.rest.exception.RestConnectionException\r\nimport oracle.jbo.ValidationException\r\n\r\n// Instantiate REST service for site creation by providing the name of\r\n// the service that we created in an earlier step\r\n\r\ndef xService = newService(\"sn_test_new_oic_conn\")\r\n\r\nprintln(\"step 1\")\r\n\r\ndef xx = '\"'+departmentName+'\"'\r\ndef yy = \" : \"\r\n\r\n// Specify the body of the API request \r\n def xPayload = '{ \"pName\" ' + yy + xx +' }'\r\n// def xPayload = '{ \"pName\" : \"test_01\" }'\r\n\r\nprintln(\"step 2\")\r\n\r\n// Make a POST request to the Service\r\n\r\nxService.requestHTTPHeaders['Content-Type'] = ['application/json']\r\ndef xResponse \r\n\r\ntry{\r\n    xResponse = xService.postXX_DEMO_GROOVY_VB1_0(xPayload)\r\n} catch (Exception ex) {\r\n\r\n    log.error \"getMsg: \" + ex.getMessage(); \r\n    println(\"step 2.1\"+\" getMsg: \" + ex.getMessage())\r\n    \r\n}\r\n\r\nprintln(\"step 3\")\r\n\r\nprintln(xResponse)\r\n\r\n// Get the status code of the response and test if all is well\r\ndef xStatusCode=xService.getHTTPStatusCode()\r\n\r\nprintln(\"step 4:\"+xStatusCode)\r\n\r\n",
                                "methodName": "onDepartmentsActionGroupExecute",
                                "pageEvent": "actionGroupExecute"
                            },
                            "outcomeHandlers": {}
                        }
                    }
                }
            },
            "description": "demoTrigger"
        }
      ],
    "fieldTriggers": []
}