{
    "displayLabel": "departments",
    "fields": [
        {
            "displayLabel": "Id",
            "key": true,
            "name": "id",
            "oid": "afecd41f-d486-4f96-bf5b-e62aa0724291",
            "required": true,
            "type": "number",
            "unique": true
        },
        {
            "displayLabel": "Created",
            "historyType": "timeCreated",
            "name": "creationDate",
            "oid": "7f97676d-e7db-4828-bf8f-b7e45fc42687",
            "type": "datetime"
        },
        {
            "displayLabel": "Last Updated",
            "historyType": "timeUpdated",
            "name": "lastUpdateDate",
            "oid": "cea4ebf3-db6b-4b3c-9a76-932dcb53cb86",
            "type": "datetime"
        },
        {
            "displayLabel": "Created By",
            "historyType": "createdBy",
            "name": "createdBy",
            "oid": "02eb136a-e23a-4dd5-a90a-f6186508ecfa",
            "type": "string"
        },
        {
            "displayLabel": "Last Updated By",
            "historyType": "updatedBy",
            "name": "lastUpdatedBy",
            "oid": "cc80aaec-a1b2-4c75-956c-84f3a32ff160",
            "type": "string"
        },
        {
            "displayLabel": "Version Number",
            "historyType": "versionNumber",
            "name": "versionNumber",
            "oid": "9fbd2ec8-657e-4769-bdcc-fd05b36fca97",
            "type": "number"
        },
        {
            "displayLabel": "departmentId",
            "name": "departmentId",
            "oid": "19e4abf2-b921-4eff-8cc5-556912b76d92",
            "required": true,
            "type": "number"
        },
        {
            "displayLabel": "departmentName",
            "name": "departmentName",
            "oid": "cc449adf-754d-4bff-81ee-320f0e204a78",
            "required": true,
            "type": "string"
        },
        {
            "displayLabel": "managerId",
            "name": "managerId",
            "oid": "5c78bb99-1505-43a9-b413-7c3ea37756f3",
            "required": true,
            "type": "string"
        },
        {
            "displayLabel": "locationId",
            "name": "locationId",
            "oid": "6941aa05-c6ef-47cc-b890-f5f8d0f79d97",
            "required": true,
            "type": "number"
        }
    ],
    "hidden": false,
    "name": "Departments",
    "oid": "78717843-9a2f-4dd3-a6ae-87122bc2feba",
    "setupData": true,
    "triggers": [
        {
            "definition": "// Trigger Beginning \nprintln 'Trigger started: demoTrigger, business object: Departments, event: BeforeUpdate';\n\ntry {\n\n  // Always Execute Criterion (Always Execute)\n  alwaysExecuteCriterion_1: {\n    // Action Group (Action Group)\n    import oracle.adf.model.connection.rest.exception.RestConnectionException\r\n    import oracle.jbo.ValidationException\r\n\n    // Instantiate REST service for site creation by providing the name of\r\n    // the service that we created in an earlier step\r\n\n    def xService = newService(\"sn_test_new_oic_conn\")\r\n\n    println(\"step 1\")\r\n\n    def xx = '\"'+departmentName+'\"'\r\n    def yy = \" : \"\r\n\n    // Specify the body of the API request \r\n     def xPayload = '{ \"pName\" ' + yy + xx +' }'\r\n    // def xPayload = '{ \"pName\" : \"test_01\" }'\r\n\n    println(\"step 2\")\r\n\n    // Make a POST request to the Service\r\n\n    xService.requestHTTPHeaders['Content-Type'] = ['application/json']\r\n    def xResponse \r\n\n    try{\r\n        xResponse = xService.postXX_DEMO_GROOVY_VB1_0(xPayload)\r\n    } catch (Exception ex) {\r\n\n        log.error \"getMsg: \" + ex.getMessage(); \r\n        println(\"step 2.1\"+\" getMsg: \" + ex.getMessage())\r\n\n    }\r\n\n    println(\"step 3\")\r\n\n    println(xResponse)\r\n\n    // Get the status code of the response and test if all is well\r\n    def xStatusCode=xService.getHTTPStatusCode()\r\n\n    println(\"step 4:\"+xStatusCode)\r\n\n\n\n  }\n\n} finally {\n\n  // Trigger End \n  println 'Trigger ended: demoTrigger';\n\n}",
            "displayName": "demoTrigger",
            "name": "BeforeUpdate_Rule_0",
            "refId": "7e1892ac-a883-4c37-a18b-1d2b8f10825b",
            "type": "BeforeUpdate"
        }
      ]
}