{
  "description": "",
  "root": "callFunctionGetBase64",
  "actions": {
    "callFunctionPreparePayload": {
      "module": "vb/action/builtin/callModuleFunctionAction",
      "parameters": {
        "module": "[[ $functions ]]",
        "functionName": "preparePayload",
        "params": [
          "{{ $page.variables.FileUpload }}",
          "{{ $page.variables.DocumentAccount }}",
          "{{ $chain.results.callFunctionGetBase64 }}"
        ]
      },
      "outcomes": {
        "success": "callRestCreateErpintegrations"
      }
    },
    "callFunctionGetBase64": {
      "module": "vb/action/builtin/callModuleFunctionAction",
      "parameters": {
        "module": "[[ $functions ]]",
        "functionName": "getBase64",
        "params": [
          "{{ $page.variables.FileUpload.File }}"
        ]
      },
      "outcomes": {
        "success": "callFunctionPreparePayload"
      }
    },
    "fireNotification": {
      "module": "vb/action/builtin/fireNotificationEventAction",
      "parameters": {
        "target": "leaf",
        "summary": "[[ $chain.results.callRestCreateErpintegrations.message.summary ]]",
        "type": "error",
        "displayMode": "persist"
      }
    },
    "callRestCreateErpintegrations": {
      "module": "vb/action/builtin/restAction",
      "parameters": {
        "endpoint": "fscmRestApiLatestErpintegrations/create_erpintegrations",
        "body": "{{ $chain.results.callFunctionPreparePayload }}"
      },
      "outcomes": {
        "failure": "fireNotification",
        "success": "fireNotification3"
      }
    },
    "fireNotification3": {
      "module": "vb/action/builtin/fireNotificationEventAction",
      "parameters": {
        "target": "leaf",
        "summary": "Sucess",
        "message": "[[ $chain.results.callRestCreateErpintegrations.body.DocumentId ]]",
        "type": "confirmation"
      }
    }
  },
  "variables": {}
}