{
    "openapi": "3.0.0",
    "info": {
        "title": "FscmRestApi",
        "version": "1.0.0"
    },
    "servers": [
        {
            "url": "vb-catalog://backends/fscmRestApi",
            "description": "FscmRestApi"
        }
    ],
    "paths": {
        "/11.13.18.05/transferOrderShipmentReceipts": {
            "get": {
                "operationId": "getFscmRestApiResources11_13_18_05TransferOrderShipmentReceipts",
                "parameters": [
                    {
                        "name": "finder",
                        "in": "query",
                        "schema": {
                            "type": "string"
                        }
                    }
                ],
                "responses": {
                    "default": {
                        "description": "Default response",
                        "content": {
                            "application/json": {
                                "schema": {
                                    "$ref": "#/components/schemas/GetFscmRestApiResources11_13_18_05TransferOrderShipmentReceipts"
                                },
                                "examples": {
                                    "vb": {
                                        "externalValue": "./examples/getFscmRestApiResources11_13_18_05TransferOrderShipmentReceipts/response_default_application_json_vb.json"
                                    }
                                }
                            }
                        }
                    }
                },
                "x-vb": {
                    "actionHint": "getMany"
                }
            }
        }
    },
    "components": {
        "schemas": {
            "GetFscmRestApiResources11_13_18_05TransferOrderShipmentReceipts": {
                "type": "object",
                "properties": {
                    "items": {
                        "type": "array",
                        "items": {
                            "type": "object",
                            "properties": {
                                "LineId": {
                                    "type": "integer"
                                },
                                "DeliveryId": {
                                    "type": "integer"
                                },
                                "ActualShipDate": {
                                    "type": "string"
                                },
                                "BillOfLadingNumber": {
                                    "type": "string"
                                },
                                "CarrierName": {
                                    "type": "string"
                                },
                                "DateReceived": {
                                    "type": "string"
                                },
                                "EmployeeDisplayName": {
                                    "type": "string"
                                },
                                "ExpectedReceiptDate": {
                                    "type": "string"
                                },
                                "GrossWeight": {
                                    "nullable": true
                                },
                                "HeaderNumber": {
                                    "type": "string"
                                },
                                "IntialShipDate": {
                                    "type": "string"
                                },
                                "LineNumber": {
                                    "type": "integer"
                                },
                                "ModeOfTransport": {
                                    "type": "string"
                                },
                                "OrganizationCode": {
                                    "type": "string"
                                },
                                "OrganizationName": {
                                    "type": "string"
                                },
                                "PackingSlipNumber": {
                                    "type": "string"
                                },
                                "PlannedDeliveryDate": {
                                    "type": "string"
                                },
                                "ReceiptNumber": {
                                    "type": "string"
                                },
                                "ServiceLevel": {
                                    "type": "string"
                                },
                                "ShipmentMethod": {
                                    "type": "string"
                                },
                                "ShipmentNumber": {
                                    "type": "string"
                                },
                                "ShipmentStatus": {
                                    "type": "string"
                                },
                                "Volume": {
                                    "nullable": true
                                },
                                "VolumeUOM": {
                                    "type": "string"
                                },
                                "Waybill": {
                                    "nullable": true
                                },
                                "WeightUOM": {
                                    "type": "string"
                                },
                                "SealCode": {
                                    "nullable": true
                                },
                                "links": {
                                    "type": "array",
                                    "items": {
                                        "type": "object",
                                        "properties": {
                                            "rel": {
                                                "type": "string"
                                            },
                                            "href": {
                                                "type": "string"
                                            },
                                            "name": {
                                                "type": "string"
                                            },
                                            "kind": {
                                                "type": "string"
                                            }
                                        }
                                    }
                                }
                            }
                        }
                    },
                    "count": {
                        "type": "integer"
                    },
                    "hasMore": {
                        "type": "boolean"
                    },
                    "limit": {
                        "type": "integer"
                    },
                    "offset": {
                        "type": "integer"
                    },
                    "links": {
                        "type": "array",
                        "items": {
                            "type": "object",
                            "properties": {
                                "rel": {
                                    "type": "string"
                                },
                                "href": {
                                    "type": "string"
                                },
                                "name": {
                                    "type": "string"
                                },
                                "kind": {
                                    "type": "string"
                                }
                            }
                        }
                    }
                }
            }
        }
    }
}