{
    "displayLabel": "Location",
    "fields": [
        {
            "displayLabel": "Id",
            "key": true,
            "name": "id",
            "oid": "a52feb4a-257d-4971-a59f-8f26f389088d",
            "required": true,
            "type": "number",
            "unique": true
        },
        {
            "displayLabel": "Created",
            "historyType": "timeCreated",
            "name": "creationDate",
            "oid": "71b2f2ba-554c-4275-a34a-2cc4f642ddee",
            "required": true,
            "type": "datetime"
        },
        {
            "displayLabel": "Last Updated",
            "historyType": "timeUpdated",
            "name": "lastUpdateDate",
            "oid": "68c46d07-9224-49f7-82bc-71dd501412d4",
            "required": true,
            "type": "datetime"
        },
        {
            "displayLabel": "Created By",
            "historyType": "createdBy",
            "name": "createdBy",
            "oid": "c6bb488d-a31c-439c-a47c-44622ab8f650",
            "required": true,
            "type": "string"
        },
        {
            "displayLabel": "Last Updated By",
            "historyType": "updatedBy",
            "name": "lastUpdatedBy",
            "oid": "361aed01-e353-4f33-8ca1-c6773b3f5f96",
            "required": true,
            "type": "string"
        },
        {
            "displayLabel": "Version Number",
            "historyType": "versionNumber",
            "name": "versionNumber",
            "oid": "28c5c6f7-b314-4e3a-85cc-5d382a0fe889",
            "type": "number"
        },
        {
            "displayLabel": "streetAddress",
            "name": "streetAddress",
            "oid": "8380dabc-0e7d-4eaf-aaef-63f1b925c7c1",
            "required": true,
            "type": "string"
        },
        {
            "displayLabel": "postalCode",
            "name": "postalCode",
            "oid": "8e21c97c-6106-4931-9eea-6df229730e09",
            "required": false,
            "type": "string"
        },
        {
            "displayLabel": "stateProvince",
            "name": "stateProvince",
            "oid": "ef10720c-e285-4734-b6de-aef38e3384a2",
            "required": false,
            "type": "string"
        },
        {
            "displayLabel": "country",
            "name": "country",
            "oid": "dc110a27-a88b-4bba-ace2-31cd45d59313",
            "required": true,
            "type": "number"
        },
        {
            "displayLabel": "city",
            "name": "city",
            "oid": "0f26b971-fc48-4b9a-8a5d-8df468fd7d41",
            "required": true,
            "type": "string"
        }
    ],
    "hidden": false,
    "name": "Location",
    "oid": "92f60135-8865-4192-8812-c163d142b3a5"
}