{
  "root": "callRestGetEmployee",
  "actions": {
    "firePageLayoutEventAction": {
      "module": "vb/action/builtin/fireCustomEventAction",
      "parameters": {
        "name": "test_event"
      }
    },
    "fireNotification": {
      "module": "vb/action/builtin/fireNotificationEventAction",
      "parameters": {
        "target": "leaf",
        "summary": "[[ $chain.results.callRestGetEmployee.message.summary ]]",
        "type": "error",
        "displayMode": "persist"
      }
    },
    "callRestGetEmployee": {
      "module": "vb/action/builtin/restAction",
      "parameters": {
        "endpoint": "businessObjects/get_Employee",
        "uriParams": {
          "Employee_Id": "{{ $page.variables.paramEmpId }}"
        }
      },
      "outcomes": {
        "success": "assignVariablesVarEmp",
        "failure": "fireNotification"
      }
    },
    "assignVariablesVarEmp": {
      "module": "vb/action/builtin/assignVariablesAction",
      "parameters": {
        "$page.variables.varEmp": {
          "source": "{{ $chain.results.callRestGetEmployee.body }}",
          "auto": "always"
        }
      },
      "outcomes": {
        "success": "firePageLayoutEventAction"
      }
    }
  }
}