{
  "description": "Before Step Navigation Action Chain",
  "root": "ifValid",
  "actions": {
    "ifValid": {
      "module": "vb/action/builtin/ifAction",
      "parameters": {
        "condition": "[[ $page.variables.valid !== 'valid']]"
      },
      "label": "Validity Check",
      "outcomes": {
        "true": "callValidityChain",
        "false": "callFunctionCompleteStep"
      }
    },
    "callValidityChain": {
      "module": "vb/action/builtin/callChainAction",
      "parameters": {
        "id": "validateActionChain"
      }
    },
    "callNextStepChain": {
      "module": "vb/action/builtin/callChainAction",
      "parameters": {
        "id": "gotoNextStepActionChain",
        "params": {
          "event": "{{ $variables.event }}"
        }
      },
      "label": "Next Step"
    },
    "callFunctionCompleteStep": {
      "module": "vb/action/builtin/callModuleFunctionAction",
      "parameters": {
        "module": "[[ $functions ]]",
        "functionName": "completeStep",
        "params": [
          "{{ $page.variables.steps }}",
          "{{ $page.variables.currentStep }}"
        ],
        "returnType": "step[]"
      },
      "outcomes": {
        "success": "assignVariablesSteps"
      }
    },
    "assignVariablesSteps": {
      "module": "vb/action/builtin/assignVariablesAction",
      "parameters": {
        "$page.variables.steps": {
          "source": "{{ $chain.results.callFunctionCompleteStep }}",
          "reset": "empty"
        }
      },
      "outcomes": {
        "success": "callNextStepChain"
      }
    }
  },
  "variables": {
    "event": {
      "type": "object",
      "required": true,
      "input": "fromCaller"
    }
  }
}