{
  "description": "",
  "variables": {
    "detail": {
      "required": true,
      "type": "any",
      "input": "fromCaller"
    }
  },
  "root": "updateVariable",
  "actions": {
    "updateVariable": {
      "module": "vb/action/builtin/assignVariablesAction",
      "parameters": {
        "$page.variables.cancel": {
          "source": true,
          "auto": "always"
        }
      },
      "outcomes": {
        "success": "navigateToPage"
      },
      "description": "update Cancel variable",
      "label": "update Cancel variable"
    },
    "navigateToPage": {
      "module": "vb/action/builtin/navigateAction",
      "parameters": {
        "//": "specify page for nivigation",
        "page": "null"
      }
    }
  }
}