{
    "openapi": "3.0.0",
    "info": {
        "title": "Base:fa",
        "version": "1.0.0"
    },
    "servers": [
        {
            "url": "vb-catalog://backends/base:fa",
            "description": "Base:fa"
        }
    ],
    "paths": {
        "/fscmRestApi/resources/11.13.18.05/salesOrdersForOrderHub/{OrderKey}/child/lines": {
            "parameters": [
                {
                    "name": "OrderKey",
                    "in": "path",
                    "required": true,
                    "schema": {
                        "type": "string"
                    }
                }
            ],
            "get": {
                "operationId": "getSO_ChildLines",
                "responses": {
                    "default": {
                        "description": "Default response",
                        "content": {
                            "application/json": {
                                "schema": {
                                    "$ref": "#/components/schemas/GetFscmRestApiResources11_13_18_05SalesOrdersForOrderHubOrderKeyChildLines"
                                },
                                "examples": {
                                    "vb": {
                                        "externalValue": "./examples/getFscmRestApiResources11_13_18_05SalesOrdersForOrderHubOrderKeyChildLines/response_default_application_json_vb.json"
                                    }
                                }
                            }
                        }
                    }
                },
                "x-vb": {
                    "actionHint": "getMany",
                    "queryParameters": {

                        "onlyData": "true"
                    }
                }
            }
        }
    },
    "components": {
        "schemas": {
            "GetFscmRestApiResources11_13_18_05SalesOrdersForOrderHubOrderKeyChildLines": {
                "type": "object",
                "properties": {
                    "items": {
                        "type": "array",
                        "items": {
                            "type": "object",
                            "properties": {
                                "HeaderId": {
                                    "type": "integer"
                                },
                                "LineId": {
                                    "type": "integer"
                                },
                                "FulfillLineId": {
                                    "type": "integer"
                                },
                                "SourceTransactionLineId": {
                                    "type": "string"
                                },
                                "SourceTransactionLineNumber": {
                                    "type": "string"
                                },
                                "SourceTransactionId": {
                                    "type": "string"
                                },
                                "SourceTransactionNumber": {
                                    "type": "string"
                                },
                                "SourceTransactionSystem": {
                                    "type": "string"
                                },
                                "RequestingBusinessUnitId": {
                                    "type": "integer"
                                },
                                "RequestingBusinessUnitName": {
                                    "type": "string"
                                },
                                "AccountingRuleCode": {
                                    "nullable": true
                                },
                                "AccountingRule": {
                                    "nullable": true
                                },
                                "ActionTypeCode": {
                                    "nullable": true
                                },
                                "ActionType": {
                                    "nullable": true
                                },
                                "ActualCompletionDate": {
                                    "type": "string"
                                },
                                "ActualShipDate": {
                                    "type": "string"
                                },
                                "AppliedPriceListId": {
                                    "type": "integer"
                                },
                                "AppliedPriceListName": {
                                    "type": "string"
                                },
                                "AssessableValue": {
                                    "type": "integer"
                                },
                                "AssetGroupNumber": {
                                    "nullable": true
                                },
                                "AssetTrackedFlag": {
                                    "type": "boolean"
                                },
                                "AssetTrackingCode": {
                                    "type": "string"
                                },
                                "AssetTracking": {
                                    "type": "string"
                                },
                                "BillingTransactionTypeId": {
                                    "nullable": true
                                },
                                "BillingTransactionTypeName": {
                                    "nullable": true
                                },
                                "BuyerId": {
                                    "type": "integer"
                                },
                                "BuyerName": {
                                    "type": "string"
                                },
                                "BuyerFirstName": {
                                    "type": "string"
                                },
                                "BuyerLastName": {
                                    "type": "string"
                                },
                                "BuyerMiddleName": {
                                    "nullable": true
                                },
                                "CancelReasonCode": {
                                    "nullable": true
                                },
                                "CancelReason": {
                                    "nullable": true
                                },
                                "CanceledFlag": {
                                    "type": "boolean"
                                },
                                "CanceledQuantity": {
                                    "nullable": true
                                },
                                "ShippingCarrierId": {
                                    "type": "integer"
                                },
                                "ShippingCarrier": {
                                    "type": "string"
                                },
                                "TransactionCategoryCode": {
                                    "type": "string"
                                },
                                "Comments": {
                                    "nullable": true
                                },
                                "ComponentIdPath": {
                                    "nullable": true
                                },
                                "ConfigCreationDate": {
                                    "nullable": true
                                },
                                "ConfigHeaderId": {
                                    "nullable": true
                                },
                                "ConfigInventoryItemId": {
                                    "nullable": true
                                },
                                "ConfigInventoryItemNumber": {
                                    "nullable": true
                                },
                                "ConfigInventoryItemDescription": {
                                    "nullable": true
                                },
                                "ConfigItemReference": {
                                    "nullable": true
                                },
                                "ConfigRevisionNumber": {
                                    "nullable": true
                                },
                                "ConfigTradeComplianceResultCode": {
                                    "nullable": true
                                },
                                "ConfigTradeComplianceResult": {
                                    "nullable": true
                                },
                                "ConfiguratorPath": {
                                    "nullable": true
                                },
                                "ContractEndDate": {
                                    "nullable": true
                                },
                                "ContractStartDate": {
                                    "nullable": true
                                },
                                "CreatedBy": {
                                    "type": "string"
                                },
                                "CreationDate": {
                                    "type": "string"
                                },
                                "CreditCheckAuthExpiryDate": {
                                    "nullable": true
                                },
                                "CreditCheckAuthorizationNumber": {
                                    "nullable": true
                                },
                                "CustomerProductId": {
                                    "nullable": true
                                },
                                "CustomerProductNumber": {
                                    "nullable": true
                                },
                                "CustomerProductDescription": {
                                    "nullable": true
                                },
                                "CustomerPOLineNumber": {
                                    "nullable": true
                                },
                                "CustomerPONumber": {
                                    "nullable": true
                                },
                                "CustomerPOScheduleNumber": {
                                    "nullable": true
                                },
                                "DefaultTaxationCountry": {
                                    "type": "string"
                                },
                                "DefaultTaxationCountryShortName": {
                                    "type": "string"
                                },
                                "DemandClassCode": {
                                    "nullable": true
                                },
                                "DemandClass": {
                                    "nullable": true
                                },
                                "DestinationLocationId": {
                                    "nullable": true
                                },
                                "DestinationShippingOrganizationId": {
                                    "nullable": true
                                },
                                "DestinationShippingOrganizationCode": {
                                    "nullable": true
                                },
                                "DestinationShippingOrganizationName": {
                                    "nullable": true
                                },
                                "DocumentSubtype": {
                                    "nullable": true
                                },
                                "DocumentSubtypeName": {
                                    "nullable": true
                                },
                                "EarliestAcceptableShipDate": {
                                    "nullable": true
                                },
                                "EstimateFulfillmentCost": {
                                    "type": "integer"
                                },
                                "EstimateMargin": {
                                    "type": "integer"
                                },
                                "ExemptionCertificateNumber": {
                                    "nullable": true
                                },
                                "ExtendedAmount": {
                                    "type": "integer"
                                },
                                "FinalDischargeLocationId": {
                                    "nullable": true
                                },
                                "FinalDischargeLocationAddressLine1": {
                                    "nullable": true
                                },
                                "FinalDischargeLocationAddressLine2": {
                                    "nullable": true
                                },
                                "FinalDischargeLocationAddressLine3": {
                                    "nullable": true
                                },
                                "FinalDischargeLocationAddressLine4": {
                                    "nullable": true
                                },
                                "FinalDischargeLocationAddressCity": {
                                    "nullable": true
                                },
                                "FinalDischargeLocationAddressPostalCode": {
                                    "nullable": true
                                },
                                "FinalDischargeLocationAddressState": {
                                    "nullable": true
                                },
                                "FinalDischargeLocationAddressProvince": {
                                    "nullable": true
                                },
                                "FinalDischargeLocationAddressCounty": {
                                    "nullable": true
                                },
                                "FinalDischargeLocationAddressCountry": {
                                    "nullable": true
                                },
                                "FirstPartyTaxRegistration": {
                                    "nullable": true
                                },
                                "FirstPartyTaxRegistrationNumber": {
                                    "nullable": true
                                },
                                "FOBPointCode": {
                                    "nullable": true
                                },
                                "FOBPoint": {
                                    "nullable": true
                                },
                                "FreightTermsCode": {
                                    "nullable": true
                                },
                                "FreightTerms": {
                                    "nullable": true
                                },
                                "FulfillInstanceId": {
                                    "type": "integer"
                                },
                                "FulfillLineNumber": {
                                    "type": "string"
                                },
                                "RequestedFulfillmentOrganizationId": {
                                    "nullable": true
                                },
                                "RequestedFulfillmentOrganizationCode": {
                                    "nullable": true
                                },
                                "RequestedFulfillmentOrganizationName": {
                                    "nullable": true
                                },
                                "RequestedFulfillmentOrganizationAddress1": {
                                    "nullable": true
                                },
                                "RequestedFulfillmentOrganizationAddress2": {
                                    "nullable": true
                                },
                                "RequestedFulfillmentOrganizationAddress3": {
                                    "nullable": true
                                },
                                "RequestedFulfillmentOrganizationAddress4": {
                                    "nullable": true
                                },
                                "RequestedFulfillmentOrganizationCity": {
                                    "nullable": true
                                },
                                "RequestedFulfillmentOrganizationState": {
                                    "nullable": true
                                },
                                "RequestedFulfillmentOrganizationPostalCode": {
                                    "nullable": true
                                },
                                "RequestedFulfillmentOrganizationCounty": {
                                    "nullable": true
                                },
                                "RequestedFulfillmentOrganizationProvince": {
                                    "nullable": true
                                },
                                "RequestedFulfillmentOrganizationCountry": {
                                    "nullable": true
                                },
                                "OverFulfillmentTolerance": {
                                    "nullable": true
                                },
                                "UnderFulfillmentTolerance": {
                                    "nullable": true
                                },
                                "FulfilledQuantity": {
                                    "type": "integer"
                                },
                                "SecondaryFulfilledQuantity": {
                                    "nullable": true
                                },
                                "FulfillmentDate": {
                                    "type": "string"
                                },
                                "FulfillmentMode": {
                                    "nullable": true
                                },
                                "FulfillmentSplitReferenceId": {
                                    "nullable": true
                                },
                                "GopReferenceId": {
                                    "nullable": true
                                },
                                "GopRequestRegion": {
                                    "nullable": true
                                },
                                "IntendedUseClassificationId": {
                                    "nullable": true
                                },
                                "IntendedUseClassificationName": {
                                    "nullable": true
                                },
                                "ProductId": {
                                    "type": "integer"
                                },
                                "ProductNumber": {
                                    "type": "string"
                                },
                                "ProductDescription": {
                                    "type": "string"
                                },
                                "InventoryOrganizationId": {
                                    "type": "integer"
                                },
                                "InventoryOrganizationCode": {
                                    "type": "string"
                                },
                                "InventoryOrganizationName": {
                                    "type": "string"
                                },
                                "InvoiceEnabledFlag": {
                                    "type": "boolean"
                                },
                                "InvoiceInterfacedFlag": {
                                    "type": "boolean"
                                },
                                "InvoiceableItemFlag": {
                                    "type": "boolean"
                                },
                                "InvoicingRuleCode": {
                                    "nullable": true
                                },
                                "InvoicingRule": {
                                    "nullable": true
                                },
                                "ItemSubTypeCode": {
                                    "type": "string"
                                },
                                "ItemSubType": {
                                    "type": "string"
                                },
                                "ItemTypeCode": {
                                    "type": "string"
                                },
                                "LastUpdateDate": {
                                    "type": "string"
                                },
                                "LastUpdateLogin": {
                                    "type": "string"
                                },
                                "LastUpdatedBy": {
                                    "type": "string"
                                },
                                "LatestAcceptableArrivalDate": {
                                    "nullable": true
                                },
                                "LatestAcceptableShipDate": {
                                    "nullable": true
                                },
                                "TransactionLineTypeCode": {
                                    "type": "string"
                                },
                                "TransactionLineType": {
                                    "type": "string"
                                },
                                "OnHoldFlag": {
                                    "type": "boolean"
                                },
                                "OpenFlag": {
                                    "type": "boolean"
                                },
                                "OrderedQuantity": {
                                    "type": "integer"
                                },
                                "SecondaryOrderedQuantity": {
                                    "nullable": true
                                },
                                "OrderedUOMCode": {
                                    "type": "string"
                                },
                                "OrderedUOM": {
                                    "type": "string"
                                },
                                "SecondaryUOMCode": {
                                    "nullable": true
                                },
                                "SecondaryUOM": {
                                    "nullable": true
                                },
                                "BusinessUnitId": {
                                    "type": "integer"
                                },
                                "BusinessUnitName": {
                                    "type": "string"
                                },
                                "OrigSystemDocumentLineReference": {
                                    "nullable": true
                                },
                                "OrigSystemDocumentReference": {
                                    "nullable": true
                                },
                                "OriginalProductId": {
                                    "nullable": true
                                },
                                "OriginalProductNumber": {
                                    "nullable": true
                                },
                                "OriginalProductDescription": {
                                    "nullable": true
                                },
                                "OverrideScheduleDateFlag": {
                                    "type": "boolean"
                                },
                                "OwnerId": {
                                    "nullable": true
                                },
                                "PackingInstructions": {
                                    "nullable": true
                                },
                                "ParentFulfillLineId": {
                                    "nullable": true
                                },
                                "PartialShipAllowedFlag": {
                                    "type": "boolean"
                                },
                                "PaymentTermsCode": {
                                    "type": "integer"
                                },
                                "PaymentTerms": {
                                    "type": "string"
                                },
                                "POStatusCode": {
                                    "type": "string"
                                },
                                "PricedOn": {
                                    "type": "string"
                                },
                                "ProcessNumber": {
                                    "nullable": true
                                },
                                "ProductFiscalCategoryId": {
                                    "nullable": true
                                },
                                "ProductFiscalCategory": {
                                    "nullable": true
                                },
                                "ProductCategory": {
                                    "nullable": true
                                },
                                "ProductCategoryName": {
                                    "nullable": true
                                },
                                "ProductType": {
                                    "type": "string"
                                },
                                "ProductTypeName": {
                                    "type": "string"
                                },
                                "PromiseArrivalDate": {
                                    "nullable": true
                                },
                                "PromiseShipDate": {
                                    "nullable": true
                                },
                                "PurchasingEnabledFlag": {
                                    "type": "boolean"
                                },
                                "PurchasingUOMCode": {
                                    "type": "string"
                                },
                                "PurchasingUOM": {
                                    "type": "string"
                                },
                                "QuantityForEachModel": {
                                    "nullable": true
                                },
                                "ReceivablesOrgId": {
                                    "nullable": true
                                },
                                "ReceivablesOrgName": {
                                    "nullable": true
                                },
                                "RemnantFlag": {
                                    "type": "boolean"
                                },
                                "RequestedArrivalDate": {
                                    "nullable": true
                                },
                                "RequestedCancelDate": {
                                    "nullable": true
                                },
                                "RequestedShipDate": {
                                    "type": "string"
                                },
                                "RequiredFulfillmentDate": {
                                    "nullable": true
                                },
                                "RequisitionBusinessUnitId": {
                                    "type": "integer"
                                },
                                "RequisitionBusinessUnitName": {
                                    "type": "string"
                                },
                                "RequisitionInventoryOrganizationId": {
                                    "type": "integer"
                                },
                                "RequisitionInventoryOrganizationCode": {
                                    "type": "string"
                                },
                                "RequisitionInventoryOrganizationName": {
                                    "type": "string"
                                },
                                "ReservableFlag": {
                                    "type": "boolean"
                                },
                                "ReservationId": {
                                    "nullable": true
                                },
                                "ReservedQuantity": {
                                    "nullable": true
                                },
                                "ReturnReasonCode": {
                                    "nullable": true
                                },
                                "ReturnReason": {
                                    "nullable": true
                                },
                                "ReturnableFlag": {
                                    "type": "boolean"
                                },
                                "RMADeliveredQuantity": {
                                    "type": "integer"
                                },
                                "SecondaryRMADeliveredQuantity": {
                                    "nullable": true
                                },
                                "RootParentFulfillLineId": {
                                    "nullable": true
                                },
                                "SalesProductTypeCode": {
                                    "nullable": true
                                },
                                "SalesProductType": {
                                    "nullable": true
                                },
                                "SalespersonId": {
                                    "nullable": true
                                },
                                "Salesperson": {
                                    "nullable": true
                                },
                                "ScheduleArrivalDate": {
                                    "type": "string"
                                },
                                "ScheduleShipDate": {
                                    "type": "string"
                                },
                                "SchedulingReason": {
                                    "nullable": true
                                },
                                "SchedulingReasonCode": {
                                    "nullable": true
                                },
                                "ServiceDuration": {
                                    "nullable": true
                                },
                                "ServiceDurationPeriodCode": {
                                    "nullable": true
                                },
                                "ServiceDurationPeriodName": {
                                    "nullable": true
                                },
                                "ShippingServiceLevelCode": {
                                    "type": "string"
                                },
                                "ShippingServiceLevel": {
                                    "type": "string"
                                },
                                "ShippingModeCode": {
                                    "type": "string"
                                },
                                "ShippingMode": {
                                    "type": "string"
                                },
                                "ShipSetName": {
                                    "nullable": true
                                },
                                "ShipmentPriorityCode": {
                                    "nullable": true
                                },
                                "ShipmentPriority": {
                                    "nullable": true
                                },
                                "ShippableFlag": {
                                    "type": "boolean"
                                },
                                "ShippedQuantity": {
                                    "type": "integer"
                                },
                                "SecondaryShippedQuantity": {
                                    "nullable": true
                                },
                                "ShippedUOMCode": {
                                    "type": "string"
                                },
                                "ShippedUOM": {
                                    "type": "string"
                                },
                                "ShippingInstructions": {
                                    "nullable": true
                                },
                                "ShowInSales": {
                                    "nullable": true
                                },
                                "SourceTransactionRevisionNumber": {
                                    "type": "integer"
                                },
                                "SourceTransactionScheduleId": {
                                    "type": "string"
                                },
                                "SourceScheduleNumber": {
                                    "type": "string"
                                },
                                "SplitFromFlineId": {
                                    "nullable": true
                                },
                                "StatusCode": {
                                    "type": "string"
                                },
                                "Status": {
                                    "type": "string"
                                },
                                "SubinventoryCode": {
                                    "nullable": true
                                },
                                "Subinventory": {
                                    "nullable": true
                                },
                                "SubstitutionAllowedFlag": {
                                    "type": "boolean"
                                },
                                "SubstitutionReasonCode": {
                                    "nullable": true
                                },
                                "SubstitutionReason": {
                                    "nullable": true
                                },
                                "SupplierId": {
                                    "type": "integer"
                                },
                                "SupplierName": {
                                    "type": "string"
                                },
                                "SupplierSiteId": {
                                    "type": "integer"
                                },
                                "SupplierSiteName": {
                                    "type": "string"
                                },
                                "SupplyStatusCode": {
                                    "nullable": true
                                },
                                "TaxClassificationCode": {
                                    "nullable": true
                                },
                                "TaxClassification": {
                                    "nullable": true
                                },
                                "TaxExemptFlag": {
                                    "type": "boolean"
                                },
                                "TaxExemptCode": {
                                    "type": "string"
                                },
                                "TaxExempt": {
                                    "type": "string"
                                },
                                "TaxExemptReasonCode": {
                                    "nullable": true
                                },
                                "TaxExemptReason": {
                                    "nullable": true
                                },
                                "TaxInvoiceDate": {
                                    "nullable": true
                                },
                                "TaxInvoiceNumber": {
                                    "nullable": true
                                },
                                "ThirdPartyTaxRegistration": {
                                    "nullable": true
                                },
                                "ThirdPartyTaxRegistrationNumber": {
                                    "nullable": true
                                },
                                "TotalContractAmount": {
                                    "nullable": true
                                },
                                "TotalContractQuantity": {
                                    "nullable": true
                                },
                                "TradeComplianceDate": {
                                    "nullable": true
                                },
                                "TradeComplianceResultCode": {
                                    "nullable": true
                                },
                                "TradeComplianceResult": {
                                    "nullable": true
                                },
                                "TransportationPlannedFlag": {
                                    "type": "boolean"
                                },
                                "TransportationPlannedStatusCode": {
                                    "type": "string"
                                },
                                "TransactionBusinessCategory": {
                                    "type": "string"
                                },
                                "TransactionBusinessCategoryName": {
                                    "type": "string"
                                },
                                "UnitListPrice": {
                                    "type": "integer"
                                },
                                "UnitQuantity": {
                                    "type": "integer"
                                },
                                "UnitSellingPrice": {
                                    "type": "integer"
                                },
                                "UserDefinedFiscalClass": {
                                    "nullable": true
                                },
                                "UserDefinedFiscalClassName": {
                                    "nullable": true
                                },
                                "ValidConfigurationFlag": {
                                    "nullable": true
                                },
                                "LineNumber": {
                                    "type": "integer"
                                },
                                "DisplayLineNumber": {
                                    "type": "string"
                                },
                                "ParentSourceTransactionLineId": {
                                    "nullable": true
                                },
                                "TransformFromLineId": {
                                    "nullable": true
                                },
                                "UnreferencedReturnFlag": {
                                    "type": "boolean"
                                },
                                "ServiceCancelDate": {
                                    "nullable": true
                                },
                                "CoveredProductId": {
                                    "nullable": true
                                },
                                "CoveredProductNumber": {
                                    "nullable": true
                                },
                                "CoveredProductDescription": {
                                    "nullable": true
                                },
                                "CoveredCustomerProductId": {
                                    "nullable": true
                                },
                                "CoveredCustomerProductNumber": {
                                    "nullable": true
                                },
                                "CoveredCustomerProductDescription": {
                                    "nullable": true
                                },
                                "JeopardyPriorityCode": {
                                    "nullable": true
                                },
                                "JeopardyPriority": {
                                    "nullable": true
                                },
                                "AgreementHeaderId": {
                                    "nullable": true
                                },
                                "AgreementLineId": {
                                    "nullable": true
                                },
                                "AgreementLineNumber": {
                                    "nullable": true
                                },
                                "AgreementVersionNumber": {
                                    "nullable": true
                                },
                                "AgreementNumber": {
                                    "nullable": true
                                },
                                "SellingProfitCenterBusinessUnitId": {
                                    "nullable": true
                                },
                                "SellingProfitCenterBusinessUnitName": {
                                    "nullable": true
                                },
                                "TransportationPlanningOrder": {
                                    "nullable": true
                                },
                                "ContractEndDateTime": {
                                    "nullable": true
                                },
                                "ContractStartDateTime": {
                                    "nullable": true
                                },
                                "SubscriptionProfileId": {
                                    "nullable": true
                                },
                                "SubscriptionProfileName": {
                                    "nullable": true
                                },
                                "ExternalPriceBookName": {
                                    "nullable": true
                                },
                                "EndReasonCode": {
                                    "nullable": true
                                },
                                "EndReason": {
                                    "nullable": true
                                },
                                "EndCreditMethodCode": {
                                    "nullable": true
                                },
                                "EndCreditMethod": {
                                    "nullable": true
                                },
                                "EndDate": {
                                    "nullable": true
                                },
                                "InventoryTransactionFlag": {
                                    "nullable": true
                                },
                                "InventoryInterfacedFlag": {
                                    "nullable": true
                                },
                                "PriceUsingSecondaryUOMFlag": {
                                    "nullable": true
                                },
                                "SubscriptionInterfacedFlag": {
                                    "type": "boolean"
                                },
                                "SupplierAddress1": {
                                    "type": "string"
                                },
                                "SupplierAddress2": {
                                    "nullable": true
                                },
                                "SupplierAddress3": {
                                    "nullable": true
                                },
                                "SupplierAddress4": {
                                    "nullable": true
                                },
                                "SupplierCity": {
                                    "type": "string"
                                },
                                "SupplierState": {
                                    "type": "string"
                                },
                                "SupplierPostalCode": {
                                    "type": "string"
                                },
                                "SupplierProvince": {
                                    "nullable": true
                                },
                                "SupplierCounty": {
                                    "nullable": true
                                },
                                "SupplierCountry": {
                                    "type": "string"
                                },
                                "RatePlanId": {
                                    "nullable": true
                                },
                                "RatePlanNumber": {
                                    "nullable": true
                                },
                                "RatePlanName": {
                                    "nullable": true
                                },
                                "RequestedRatePlanId": {
                                    "nullable": true
                                },
                                "RequestedRatePlanNumber": {
                                    "nullable": true
                                },
                                "RequestedRatePlanName": {
                                    "nullable": true
                                },
                                "RatePlanDocumentId": {
                                    "nullable": true
                                },
                                "OrchestrationProcessName": {
                                    "nullable": true
                                },
                                "IntegrateSubscriptionFlag": {
                                    "type": "boolean"
                                },
                                "DemandSourceLineReference": {
                                    "nullable": true
                                },
                                "DemandSourceScheduledFlag": {
                                    "type": "boolean"
                                },
                                "CancelBackordersFlag": {
                                    "type": "boolean"
                                },
                                "EnforceSingleShipmentFlag": {
                                    "type": "boolean"
                                },
                                "OneTimeConfigFlag": {
                                    "nullable": true
                                },
                                "ConfigItemVersion": {
                                    "nullable": true
                                },
                                "links": {
                                    "type": "array",
                                    "items": {
                                        "type": "object",
                                        "properties": {
                                            "rel": {
                                                "type": "string"
                                            },
                                            "href": {
                                                "type": "string"
                                            },
                                            "name": {
                                                "type": "string"
                                            },
                                            "kind": {
                                                "type": "string"
                                            },
                                            "properties": {
                                                "type": "object",
                                                "properties": {
                                                    "changeIndicator": {
                                                        "type": "string"
                                                    }
                                                }
                                            }
                                        }
                                    }
                                }
                            }
                        }
                    },
                    "count": {
                        "type": "integer"
                    },
                    "hasMore": {
                        "type": "boolean"
                    },
                    "limit": {
                        "type": "integer"
                    },
                    "offset": {
                        "type": "integer"
                    },
                    "links": {
                        "type": "array",
                        "items": {
                            "type": "object",
                            "properties": {
                                "rel": {
                                    "type": "string"
                                },
                                "href": {
                                    "type": "string"
                                },
                                "name": {
                                    "type": "string"
                                },
                                "kind": {
                                    "type": "string"
                                }
                            }
                        }
                    }
                }
            }
        }
    }
}