{
  "component-dependencies": {
    "oj-sp": {
      "version": "2410.0.3",
      "components": {
        "messages-banner": "2410.0.3",
        "messages-toast": "2410.0.3",
        "collection-detail-page": "2410.0.3",
        "collection-container": "2410.0.3",
        "list-item-template": "2410.0.3",
        "detail-panel": "2410.0.3",
        "empty-state": "2410.0.3",
        "message-unsaved-changes": "2410.0.3",
        "card": "2410.0.3",
        "profile-card": "2410.0.3",
        "object-card": "2410.0.3",
        "simple-create-edit": "2410.0.3",
        "welcome-page": "2410.0.3"
      }
    },
    "oj-dynamic": {
      "version": "16.1.6",
      "components": {
        "form": "16.1.6"
      }
    }
  }
 }