{
  "component-dependencies": {
    "oj-sp": {
      "version": "2304.0.1",
      "components": {
        "messages-banner": "2407.0.0",
        "messages-toast": "2407.0.0",
        "welcome-page": "2304.0.1",
        "collection-container": "2407.0.0",
        "list-item-template": "2407.0.0",
        "foldout-layout": "2304.0.1",
        "horizontal-overview": "2304.0.1",
        "foldout-panel-summarizing": "2304.0.1",
        "profile-card": "2304.0.1",
        "object-card": "2304.0.1",
        "recommendation-card": "2304.0.1",
        "list-section": "2304.0.1",
        "section": "2304.0.1"
      }
    }
  }
 }