{
    "openapi": "3.0.0",
    "info": {
        "version": "11.13.18.05",
        "title": "Enterprise Resource Planning and Supply Chain",
        "x-vb": {
            "serviceType": "adf-describe",
            "transforms": {
                "path": "vb/BusinessObjectsTransforms"
            }
        }
    },
    "servers": [
        {
            "url": "vb-catalog://backends/fscmRestApi/11.13.18.05"
        }
    ],
    "tags": [
        {
            "name": "standardLookupsLOV"
        }
    ],
    "paths": {
        "/": {
            "get": {
                "summary": "version representation",
                "operationId": "version_representation",
                "responses": {
                    "default": {
                        "description": "The following table describes the default response for this task.",
                        "content": {
                            "application/json": {
                                "schema": {
                                    "type": "object",
                                    "properties": {
                                        "version": {
                                            "type": "string"
                                        },
                                        "lifecycle": {
                                            "type": "string"
                                        },
                                        "isLatest": {
                                            "type": "boolean"
                                        },
                                        "adf:extension": {
                                            "type": "object",
                                            "properties": {
                                                "defaultFrameworkVersion": {
                                                    "type": "string"
                                                },
                                                "allowedFrameworkVersions": {
                                                    "type": "array",
                                                    "items": {
                                                        "type": "string"
                                                    }
                                                }
                                            }
                                        },
                                        "links": {
                                            "type": "array",
                                            "items": {
                                                "type": "object",
                                                "properties": {
                                                    "rel": {
                                                        "type": "string",
                                                        "enum": [
                                                            "self",
                                                            "canonical",
                                                            "predecessor-version",
                                                            "successor-version",
                                                            "describe",
                                                            "openapi"
                                                        ]
                                                    },
                                                    "href": {
                                                        "type": "string"
                                                    },
                                                    "name": {
                                                        "type": "string",
                                                        "enum": [
                                                            "self",
                                                            "canonical",
                                                            "predecessor-version",
                                                            "successor-version",
                                                            "describe",
                                                            "openapi"
                                                        ]
                                                    },
                                                    "kind": {
                                                        "type": "string",
                                                        "enum": [
                                                            "item",
                                                            "describe"
                                                        ]
                                                    }
                                                }
                                            }
                                        }
                                    }
                                }
                            }
                        }
                    }
                }
            },
            "post": {
                "summary": "batch",
                "operationId": "batch",
                "responses": {
                    "default": {
                        "description": "The following table describes the default response for this task.",
                        "content": {
                            "application/vnd.oracle.adf.batch+json": {
                                "schema": {
                                    "$ref": "#/components/schemas/batch-response"
                                }
                            }
                        }
                    }
                },
                "requestBody": {
                    "content": {
                        "application/vnd.oracle.adf.batch+json": {
                            "schema": {
                                "$ref": "#/components/schemas/batch-request"
                            }
                        }
                    }
                }
            }
        },
        "/standardLookupsLOV": {
            "get": {
                "tags": [
                    "standardLookupsLOV"
                ],
                "summary": "Get all",
                "operationId": "getall_standardLookupsLOV",
                "parameters": [
                    {
                        "$ref": "#/components/parameters/expand"
                    },
                    {
                        "$ref": "#/components/parameters/fields"
                    },
                    {
                        "$ref": "#/components/parameters/onlyData"
                    },
                    {
                        "$ref": "#/components/parameters/links"
                    },
                    {
                        "$ref": "#/components/parameters/limit"
                    },
                    {
                        "$ref": "#/components/parameters/offset"
                    },
                    {
                        "$ref": "#/components/parameters/totalResults"
                    },
                    {
                        "$ref": "#/components/parameters/q"
                    },
                    {
                        "$ref": "#/components/parameters/orderBy"
                    },
                    {
                        "$ref": "vb-catalog://backends/fscmRestApi/11.13.18.05/describe?partialDescriptionForCatalogOpenAPI=standardLookupsLOV#/components/parameters/standardLookupsLOV-finder"
                    },
                    {
                        "$ref": "#/components/parameters/REST-Framework-Version"
                    },
                    {
                        "$ref": "#/components/parameters/Metadata-Context"
                    }
                ],
                "responses": {
                    "default": {
                        "$ref": "vb-catalog://backends/fscmRestApi/11.13.18.05/describe?partialDescriptionForCatalogOpenAPI=standardLookupsLOV#/components/responses/standardLookupsLOV-collection-response"
                    }
                }
            }
        },
        "/standardLookupsLOV/{standardLookupsLOV_Id}": {
            "parameters": [
                {
                    "$ref": "vb-catalog://backends/fscmRestApi/11.13.18.05/describe?partialDescriptionForCatalogOpenAPI=standardLookupsLOV#/components/parameters/standardLookupsLOV_Id"
                }
            ],
            "get": {
                "tags": [
                    "standardLookupsLOV"
                ],
                "summary": "Get",
                "operationId": "get_standardLookupsLOV",
                "parameters": [
                    {
                        "$ref": "#/components/parameters/expand"
                    },
                    {
                        "$ref": "#/components/parameters/fields"
                    },
                    {
                        "$ref": "#/components/parameters/onlyData"
                    },
                    {
                        "$ref": "#/components/parameters/dependency"
                    },
                    {
                        "$ref": "#/components/parameters/links"
                    },
                    {
                        "$ref": "#/components/parameters/REST-Framework-Version"
                    },
                    {
                        "$ref": "#/components/parameters/Metadata-Context"
                    }
                ],
                "responses": {
                    "default": {
                        "$ref": "vb-catalog://backends/fscmRestApi/11.13.18.05/describe?partialDescriptionForCatalogOpenAPI=standardLookupsLOV#/components/responses/standardLookupsLOV-item-response"
                    }
                }
            }
        }
    },
    "components": {
        "schemas": {
            "batch-request": {
                "type": "object",
                "required": [
                    "parts"
                ],
                "properties": {
                    "parts": {
                        "type": "array",
                        "items": {
                            "$ref": "#/components/schemas/batch-request-part"
                        }
                    }
                }
            },
            "batch-request-part": {
                "type": "object",
                "required": [
                    "id",
                    "path",
                    "operation"
                ],
                "properties": {
                    "id": {
                        "type": "string"
                    },
                    "path": {
                        "type": "string"
                    },
                    "operation": {
                        "type": "string",
                        "enum": [
                            "create",
                            "delete",
                            "get",
                            "invoke",
                            "update",
                            "upsert"
                        ]
                    },
                    "ifMatch": {
                        "type": "array",
                        "items": {
                            "type": "string"
                        },
                        "nullable": true
                    },
                    "ifNoneMatch": {
                        "type": "array",
                        "items": {
                            "type": "string"
                        },
                        "nullable": true
                    },
                    "effectiveOf": {
                        "type": "string"
                    },
                    "payload": {
                        "type": "object"
                    }
                }
            },
            "batch-response": {
                "type": "object",
                "required": [
                    "parts"
                ],
                "properties": {
                    "parts": {
                        "type": "array",
                        "items": {
                            "$ref": "#/components/schemas/batch-response-part"
                        }
                    }
                }
            },
            "batch-response-part": {
                "allOf": [
                    {
                        "$ref": "#/components/schemas/batch-request-part"
                    },
                    {
                        "type": "object",
                        "properties": {
                            "preconditionSucceeded": {
                                "type": "boolean"
                            }
                        }
                    }
                ]
            }
        },
        "parameters": {
            "expand": {
                "name": "expand",
                "in": "query",
                "schema": {
                    "type": "string"
                }
            },
            "fields": {
                "name": "fields",
                "in": "query",
                "schema": {
                    "type": "string"
                }
            },
            "onlyData": {
                "name": "onlyData",
                "in": "query",
                "schema": {
                    "type": "boolean"
                }
            },
            "links": {
                "name": "links",
                "in": "query",
                "schema": {
                    "type": "string"
                }
            },
            "limit": {
                "name": "limit",
                "in": "query",
                "schema": {
                    "type": "integer"
                }
            },
            "offset": {
                "name": "offset",
                "in": "query",
                "schema": {
                    "type": "integer"
                }
            },
            "totalResults": {
                "name": "totalResults",
                "in": "query",
                "schema": {
                    "type": "boolean"
                }
            },
            "q": {
                "name": "q",
                "in": "query",
                "schema": {
                    "type": "string"
                }
            },
            "orderBy": {
                "name": "orderBy",
                "in": "query",
                "schema": {
                    "type": "string"
                }
            },
            "REST-Framework-Version": {
                "name": "REST-Framework-Version",
                "in": "header",
                "schema": {
                    "type": "string",
                    "enum": [
                        "1",
                        "2",
                        "3",
                        "4",
                        "5",
                        "6",
                        "7",
                        "8",
                        "9"
                    ]
                }
            },
            "Metadata-Context": {
                "name": "Metadata-Context",
                "in": "header",
                "schema": {
                    "type": "string"
                }
            },
            "dependency": {
                "name": "dependency",
                "in": "query",
                "schema": {
                    "type": "string"
                }
            }
        }
    }
}