{
  "title": "",
  "description": "",
  "variables": {
    "avatar": {
      "type": {
        "initials": "string",
        "src": "string"
      },
      "defaultValue": {
        "initials": "",
        "src": ""
      }
    },
    "contextualInfoLabelVisible": {
      "type": "boolean",
      "defaultValue": false
    },
    "contextualInfoSticky": {
      "type": "boolean",
      "defaultValue": false
    },
    "dirtyDataFlag": {
      "type": "boolean",
      "defaultValue": false
    },
    "dirtyDialogOpen": {
      "type": "boolean",
      "defaultValue": false
    },
    "displayMode": {
      "type": "string"
    },
    "expenseReportsExpense": {
      "type": "updateExpenseReportsExpenseRequest"
    },
    "expenseReportsExpenseEditFormStatus": {
      "type": "string",
      "defaultValue": "pending"
    },
    "expenseReportsExpenseETag": {
      "type": "string"
    },
    "fetchedExpenseReportsExpense": {
      "type": "getExpenseReportsExpenseResponse"
    },
    "formState": {
      "type": "string",
      "defaultValue": ""
    },
    "goToParentOption": {
      "type": "boolean",
      "defaultValue": true
    },
    "isSaved": {
      "type": "boolean",
      "defaultValue": false
    },
    "objectId": {
      "type": "string",
      "defaultValue": ""
    },
    "primaryAlwaysOn": {
      "type": "boolean",
      "defaultValue": true
    },
    "saveOption": {
      "type": "string",
      "defaultValue": "off"
    },
    "varExpenseId": {
      "type": "string",
      "input": "fromCaller",
      "required": true,
      "onValueChanged": {
        "chains": [
          {
            "chain": "loadExpenseReportsExpenseChain",
            "parameters": {
              "expenseReportsExpenseId": "{{ $variables.varExpenseId }}",
              "expenseReportsId": "{{ $variables.varExpenseReportId }}"
            }
          }
        ]
      }
    },
    "varExpenseReportId": {
      "type": "string",
      "input": "fromCaller",
      "required": true,
      "onValueChanged": {
        "chains": [
          {
            "chain": "loadExpenseReportsExpenseChain",
            "parameters": {
              "expenseReportsExpenseId": "{{ $variables.varExpenseId }}",
              "expenseReportsId": "{{ $variables.varExpenseReportId }}"
            }
          }
        ]
      }
    },
    "varExpenseReportNumber": {
      "type": "string",
      "input": "fromUrl"
    }
  },
  "metadata": {},
  "types": {
    "@decorators.getExpenseReportsExpenseResponse": {
      "endpoint": "get_expenseReports-Expense",
      "service": "sn_expenseReports",
      "path": "response"
    },
    "@decorators.updateExpenseReportsExpenseRequest": {
      "endpoint": "update_expenseReports-Expense",
      "service": "sn_expenseReports",
      "path": "request"
    },
    "getExpenseReportsExpenseResponse": {
      "BilledAmount": "number",
      "BusinessUnit": "string",
      "CountryCode": "string",
      "Description": "string",
      "ExpenseSource": "string",
      "ExpenseType": "string",
      "Justification": "string",
      "JustificationRequiredFlag": "boolean",
      "Location": "string",
      "NumberPeople": "number",
      "PassengerName": "string",
      "PersonName": "string",
      "ReceiptAmount": "number",
      "ReceiptCurrencyCode": "string",
      "ReceiptDate": "string",
      "ReceiptTime": "string",
      "ReimbursableAmount": "number",
      "ReimbursementCurrency": "string",
      "SequenceNumber": "number"
    },
    "updateExpenseReportsExpenseRequest": {
      "BilledAmount": "number",
      "BusinessUnit": "string",
      "CountryCode": "string",
      "Description": "string",
      "ExpenseSource": "string",
      "ExpenseType": "string",
      "Justification": "string",
      "JustificationRequiredFlag": "boolean",
      "Location": "string",
      "NumberPeople": "number",
      "PassengerName": "string",
      "PersonName": "string",
      "ReceiptAmount": "number",
      "ReceiptCurrencyCode": "string",
      "ReceiptDate": "string",
      "ReceiptTime": "string",
      "ReimbursableAmount": "number",
      "ReimbursementCurrency": "string",
      "SequenceNumber": "number"
    }
  },
  "eventListeners": {
    "confirmNoOjAction": {
      "chains": [
        {
          "chain": "dialogResponseChain",
          "parameters": {
            "detail": "{{ $event.detail }}",
            "response": "NO"
          }
        }
      ]
    },
    "confirmYesOjAction": {
      "chains": [
        {
          "chain": "dialogResponseChain",
          "parameters": {
            "detail": "{{ $event.detail }}",
            "response": "YES"
          }
        }
      ]
    },
    "ojSpCancel": {
      "chains": [
        {
          "chain": "spCancelChain",
          "parameters": {
            "detail": "{{ $event.detail }}"
          }
        }
      ]
    },
    "ojSpGoToParent": {
      "chains": [
        {
          "chain": "goToParent",
          "parameters": {}
        }
      ]
    },
    "ojSpSave": {
      "chains": [
        {
          "chain": "spSaveChain"
        }
      ]
    },
    "ojSpSubmit": {
      "chains": [
        {
          "chain": "spSubmitChain",
          "parameters": {
            "detail": "{{ $event.detail }}"
          }
        }
      ]
    },
    "saveButtonClicked": {
      "chains": [
        {
          "chain": "saveExpenseReportsExpenseChain",
          "parameters": {
            "expenseReportsExpenseId": "{{ $variables.varExpenseId }}",
            "expenseReportsId": "{{ $variables.varExpenseReportId }}"
          }
        }
      ]
    },
    "vbBeforeExit": {
      "chains": [
        {
          "chain": "checkBeforeExit",
          "parameters": {}
        }
      ]
    },
    "vbEnter": {
      "chains": [
        {
          "chain": "loadExpenseReportsExpenseChain",
          "parameters": {
            "expenseReportsExpenseId": "{{ $variables.varExpenseId }}",
            "expenseReportsId": "{{ $variables.varExpenseReportId }}"
          }
        }
      ]
    }
  },
  "imports": {
    "components": {
      "oj-button": {
        "path": "ojs/ojbutton"
      },
      "oj-form-layout": {
        "path": "ojs/ojformlayout"
      },
      "oj-input-date": {
        "path": "ojs/ojdatetimepicker"
      },
      "oj-input-number": {
        "path": "ojs/ojinputnumber"
      },
      "oj-input-text": {
        "path": "ojs/ojinputtext"
      },
      "oj-sp-message-unsaved-changes": {
        "path": "oj-sp/message-unsaved-changes/loader"
      },
      "oj-sp-simple-create-edit": {
        "path": "oj-sp/simple-create-edit/loader"
      },
      "oj-switch": {
        "path": "ojs/ojswitch"
      },
      "oj-toolbar": {
        "path": "ojs/ojtoolbar"
      },
      "oj-validation-group": {
        "path": "ojs/ojvalidationgroup"
      }
    },
    "modules": {
      "ojValidationBase": {
        "path": "ojs/ojvalidation-base"
      }
    }
  },
  "@dt": {
    "iconClass": "vbdt-dynamic-icon-88-icoSimpleCreateAndEdit48Svg"
  }
}
