{
  "title": "",
  "description": "",
  "variables": {
    "backgroundColor": {
      "type": "string",
      "defaultValue": "dark-ocean"
    },
    "expenseAttendeeListSDP": {
      "type": "vb/ServiceDataProvider",
      "defaultValue": {
        "endpoint": "sn_expenseReports/getall_expenseReports-Expense-ExpenseAttendee",
        "keyAttributes": "ExpenseAttendeeId",
        "itemsPath": "items",
        "responseType": "getallExpenseReportsExpenseExpenseAttendeeResponse",
        "uriParameters": {
          "expenseReports_Id": "{{ $variables.pExpenseReportId }}",
          "expenseReports_Expense_Id": "{{ $variables.pExpenseId }}"
        }
      }
    },
    "illustrationBackground": {
      "type": "string",
      "defaultValue": "https://static.oracle.com/cdn/fnd/gallery/2307.0.2/images/illust-welcome-banner-bg-01.png"
    },
    "illustrationForeground": {
      "type": "string",
      "defaultValue": "https://static.oracle.com/cdn/fnd/gallery/2307.0.2/images/illust-welcome-banner-fg-01.png"
    },
    "imageStretch": {
      "type": "string",
      "defaultValue": "none"
    },
    "mobileImage": {
      "type": "string",
      "defaultValue": "on"
    },
    "pExpenseId": {
      "type": "number",
      "input": "fromCaller",
      "required": true
    },
    "pExpenseReportId": {
      "type": "number",
      "input": "fromCaller",
      "required": true
    }
  },
  "metadata": {},
  "types": {
    "@decorators.getallExpenseReportsExpenseExpenseAttendeeResponse": {
      "endpoint": "getall_expenseReports-Expense-ExpenseAttendee",
      "service": "sn_expenseReports",
      "path": "response"
    },
    "getallExpenseReportsExpenseExpenseAttendeeResponse": {
      "items": [
        {
          "Amount": "number",
          "AttendeeEmail": "string",
          "AttendeeType": "string",
          "EmployerName": "string",
          "EmployerPartyId": "number",
          "ExpenseAttendeeId": "number",
          "ExpenseId": "number",
          "Name": "string",
          "Title": "string"
        }
      ]
    }
  },
  "eventListeners": {
    "ojSpWp1SpInFlowBack": {
      "chains": [
        {
          "chain": "WelcomePageTemplateSpInFlowBackChain"
        }
      ]
    }
  },
  "imports": {
    "components": {
      "oj-sp-welcome-page": {
        "path": "oj-sp/welcome-page/loader"
      },
      "oj-table": {
        "path": "ojs/ojtable"
      }
    }
  },
  "@dt": {
    "iconClass": "vbdt-dynamic-icon-15-icoWelcomePageTemplate48Svg"
  }
}
