{
  "title": "",
  "description": "",
  "variables": {
    "avatar": {
      "type": {
        "initials": "string",
        "src": "string"
      },
      "defaultValue": {
        "initials": "",
        "src": ""
      }
    },
    "contextualInfoLabelVisible": {
      "type": "boolean",
      "defaultValue": false
    },
    "contextualInfoSticky": {
      "type": "boolean",
      "defaultValue": false
    },
    "createExpenseReportsExpenseChainInProgress": {
      "type": "boolean",
      "defaultValue": false
    },
    "dirtyDataFlag": {
      "type": "boolean",
      "defaultValue": false
    },
    "dirtyDialogOpen": {
      "type": "boolean",
      "defaultValue": false
    },
    "displayMode": {
      "type": "string"
    },
    "expenseReportsExpense": {
      "type": "createExpenseReportsExpenseRequest"
    },
    "expenseTemplatesListSDP": {
      "type": "vb/ServiceDataProvider",
      "defaultValue": {
        "endpoint": "sn_expense_lovs_1/getall_expenseTemplates",
        "keyAttributes": "ExpenseTemplateId",
        "itemsPath": "items",
        "responseType": "getallExpenseTemplatesResponse",
        "transformsContext": {
          "vb-textFilterAttributes": [
            "Name"
          ]
        },
        "filterCriterion": {
          "op": "$co",
          "attribute": "Name",
          "value": "Travel"
        }
      }
    },
    "expenseTypesListSDP": {
      "type": "vb/ServiceDataProvider",
      "defaultValue": {
        "endpoint": "sn_expense_lovs_1/getall_expenseTypes",
        "keyAttributes": "ExpenseTypeId",
        "itemsPath": "items",
        "responseType": "getallExpenseTypesResponse",
        "transformsContext": {
          "vb-textFilterAttributes": [
            "Name"
          ]
        },
        "filterCriterion": {
          "op": "$co",
          "attribute": "Name",
          "value": "Car Rental"
        }
      }
    },
    "formState": {
      "type": "string",
      "defaultValue": ""
    },
    "goToParentOption": {
      "type": "boolean",
      "defaultValue": true
    },
    "isSaved": {
      "type": "boolean",
      "defaultValue": false
    },
    "objectId": {
      "type": "string",
      "defaultValue": "",
      "required": true,
      "input": "fromUrl"
    },
    "primaryAlwaysOn": {
      "type": "boolean",
      "defaultValue": true
    },
    "saveOption": {
      "type": "string",
      "defaultValue": "off"
    },
    "varExpenseReportNumber": {
      "type": "string",
      "required": true,
      "input": "fromUrl"
    }

  },
  "metadata": {},
  "types": {
    "@decorators.createExpenseReportsExpenseRequest": {
      "endpoint": "create_expenseReports-Expense",
      "service": "sn_expenseReports",
      "path": "request"
    },
    "@decorators.getallExpenseTemplatesResponse": {
      "endpoint": "getall_expenseTemplates",
      "service": "sn_expense_lovs_1",
      "path": "response"
    },
    "@decorators.getallExpenseTypesResponse": {
      "endpoint": "getall_expenseTypes",
      "service": "sn_expense_lovs_1",
      "path": "response"
    },
    "createExpenseReportsExpenseRequest": {
      "BilledAmount": "number",
      "BusinessUnit": "string",
      "CountryCode": "string",
      "DailyAmount": "number",
      "DailyDistance": "number",
      "Description": "string",
      "DestinationFrom": "string",
      "DestinationTo": "string",
      "DistanceUnitCode": "string",
      "EndDate": "string",
      "ExpenseCategoryCode": "string",
      "ExpenseReference": "number",
      "ExpenseReportId": "number",
      "ExpenseSource": "string",
      "ExpenseTemplate": "string",
      "ExpenseTemplateId": "number",
      "ExpenseType": "string",
      "ExpenseTypeCategoryCode": "string",
      "ExpenseTypeId": "number",
      "FlightClassLimit": "string",
      "FlightDuration": "number",
      "FlightNumber": "string",
      "FuelType": "string",
      "FuelTypeName": "string",
      "Justification": "string",
      "LicensePlateNumber": "string",
      "Location": "string",
      "LocationId": "number",
      "MerchantDocumentNumber": "string",
      "MerchantName": "string",
      "MerchantReference": "string",
      "MerchantTaxpayerId": "string",
      "NumberOfAttendees": "number",
      "NumberOfDays": "number",
      "NumberPeople": "number",
      "PassengerName": "string",
      "PersonalReceiptAmount": "number",
      "PersonId": "number",
      "PersonName": "string",
      "PrepaidFlag": "boolean",
      "PreparerId": "number",
      "ReceiptAmount": "number",
      "ReceiptCurrency": "string",
      "ReceiptCurrencyCode": "string",
      "ReceiptDate": "string",
      "ReceiptMissingFlag": "boolean",
      "ReceiptRequiredFlag": "boolean",
      "ReceiptTime": "string",
      "ReimbursableAmount": "number",
      "ReimbursementCurrency": "string",
      "ReimbursementCurrencyCode": "string",
      "SequenceNumber": "number",
      "StartDate": "string",
      "StartOdometer": "number",
      "TaxClassification": "string",
      "TicketClass": "string",
      "TicketNumber": "string",
      "TipAmount": "number",
      "TravelMethodCode": "string",
      "TravelType": "string",
      "TripDistance": "number",
      "ValidationStatus": "string",
      "VehicleCategory": "string",
      "VehicleCategoryCode": "string",
      "VehicleType": "string",
      "VehicleTypeName": "string"

    },
    "getallExpenseTemplatesResponse": {
      "items": [
        {
          "ExpenseTemplateId": "number",
          "Name": "string"
        }
      ]
    },
    "getallExpenseTypesResponse": {
      "items": [
        {
          "ExpenseTypeId": "number",
          "Name": "string"
        }
      ]
    }
  },
  "eventListeners": {
    "confirmNoOjAction": {
      "chains": [
        {
          "chain": "dialogResponseChain",
          "parameters": {
            "detail": "{{ $event.detail }}",
            "response": "NO"
          }
        }
      ]
    },
    "confirmYesOjAction": {
      "chains": [
        {
          "chain": "dialogResponseChain",
          "parameters": {
            "detail": "{{ $event.detail }}",
            "response": "YES"
          }
        }
      ]
    },
    "ojSpCancel": {
      "chains": [
        {
          "chain": "spCancelChain",
          "parameters": {
            "detail": "{{ $event.detail }}"
          }
        }
      ]
    },
    "ojSpGoToParent": {
      "chains": [
        {
          "chain": "goToParent",
          "parameters": {}
        }
      ]
    },
    "ojSpSave": {
      "chains": [
        {
          "chain": "spSaveChain"
        }
      ]
    },
    "ojSpSubmit": {
      "chains": [
        {
          "chain": "spSubmitChain",
          "parameters": {
            "detail": "{{ $event.detail }}"
          }
        }
      ]
    },
    "saveButtonClicked": {
      "chains": [
        {
          "chain": "createExpenseReportsExpenseChain"
        }
      ]
    },
    "vbBeforeExit": {
      "chains": [
        {
          "chain": "checkBeforeExit",
          "parameters": {}
        }
      ]
    },
    "vbEnter": {
      "chains": [
        {
          "parameters": {},
          "chain": "vbEnterListener"
        }
      ]
    }
  },
  "imports": {
    "components": {
      "oj-button": {
        "path": "ojs/ojbutton"
      },
      "oj-form-layout": {
        "path": "ojs/ojformlayout"
      },
      "oj-input-date": {
        "path": "ojs/ojdatetimepicker"
      },
      "oj-input-number": {
        "path": "ojs/ojinputnumber"
      },
      "oj-input-text": {
        "path": "ojs/ojinputtext"
      },
      "oj-select-single": {
        "path": "ojs/ojselectsingle"
      },
      "oj-sp-message-unsaved-changes": {
        "path": "oj-sp/message-unsaved-changes/loader"
      },
      "oj-sp-simple-create-edit": {
        "path": "oj-sp/simple-create-edit/loader"
      },
      "oj-switch": {
        "path": "ojs/ojswitch"
      },
      "oj-toolbar": {
        "path": "ojs/ojtoolbar"
      },
      "oj-validation-group": {
        "path": "ojs/ojvalidationgroup"
      }

    },
    "modules": {
      "ojValidationBase": {
        "path": "ojs/ojvalidation-base"
      },
      "ojValidationNumber": {
        "path": "ojs/ojvalidation-number"
      }
    }
  },
  "@dt": {
    "iconClass": "vbdt-dynamic-icon-13-icoSimpleCreateAndEdit48Svg"
  }
}
