{
  "title": "",
  "description": "",
  "variables": {
    "bidirectionalNavigation": {
      "type": "boolean",
      "defaultValue": true,
      "input": "fromCaller"
    },
    "displayMode": {
      "type": "string"
    },
    "employee": {
      "type": "getEmployeeResponse"
    },
    "inFlowBack": {
      "type": "boolean",
      "defaultValue": false,
      "input": "fromCaller"
    },
    "itemId": {
      "type": "string",
      "required": true,
      "input": "fromUrl",
      "onValueChanged": {
        "chains": [
          {
            "chain": "loadEmployeeChain",
            "parameters": {
              "employeeId": "{{ $variables.itemId }}"
            }
          }
        ]
      }
    },
    "itemIndex": {
      "type": "number",
      "description": "Zero-based index referring to the current row in the collection",
      "input": "fromCaller",
      "onValueChanged": {
        "chains": [
          {
            "chainId": "fetchItemChain",
            "parameters": {
              "limit": "{{ $page.variables.itemIndex === 0 ? 2 : 3 }}",
              "offset": "{{ $page.variables.itemIndex > 0 ? ($page.variables.itemIndex - 1) : 0 }}"
            }
          }
        ]
      }
    },
    "nextItem": {
      "type": "any",
      "defaultValue": null
    },
    "overviewExpanded": {
      "type": "boolean",
      "defaultValue": false,
      "input": "fromCaller"
    },
    "parentPage": {
      "type": "string",
      "input": "fromCaller"
    },
    "parentUrlParams": {
      "type": "any",
      "input": "fromCaller"
    },
    "previousItem": {
      "type": "any",
      "defaultValue": null
    }
  },
  "metadata": {},
  "types": {
    "@decorators.getEmployeeResponse": {
      "endpoint": "get_Employee",
      "service": "businessObjects",
      "path": "response"
    },
    "getEmployeeResponse": {
      "commissionPct": "number",
      "creationDate": "string",
      "departmentObject": {
        "items": [
          {
            "departmentName": "string"
          }
        ]
      },
      "email": "string",
      "firstName": "string",
      "hireDate": "string",
      "lastName": "string",
      "phoneNumber": "string",
      "salary": "number"
    }
  },
  "eventListeners": {
    "ojSpGoToParent": {
      "chains": [
        {
          "chainId": "goToParentChain",
          "parameters": {
            "parentPage": "{{ $page.variables.parentPage }}"
          }
        }
      ]
    },
    "ojSpItemOverviewPageSpNext": {
      "chains": [
        {
          "chainId": "goToNextItemChain",
          "parameters": {
            "event": "{{ $event }}"
          }
        }
      ]
    },
    "ojSpItemOverviewPageSpPrevious": {
      "chains": [
        {
          "chainId": "goToPreviousItemChain",
          "parameters": {
            "event": "{{ $event }}"
          }
        }
      ]
    },
    "ojSpItemOverviewSpCollapse": {
      "chains": [
        {
          "chainId": "ExpandOrCollapseOverviewChain",
          "parameters": {
            "expand": "false"
          }
        }
      ]
    },
    "ojSpItemOverviewSpExpand": {
      "chains": [
        {
          "chainId": "ExpandOrCollapseOverviewChain",
          "parameters": {
            "expand": "true"
          }
        }
      ]
    },
    "vbEnter": {
      "chains": [
        {
          "chainId": "ifItemIndexConfigured",
          "parameters": {}
        },
        {
          "chain": "loadEmployeeChain",
          "parameters": {
            "employeeId": "{{ $variables.itemId }}"
          }
        }
      ]
    }
  },
  "imports": {
    "components": {
      "oj-form-layout": {
        "path": "ojs/ojformlayout"
      },
      "oj-input-date": {
        "path": "ojs/ojdatetimepicker"
      },
      "oj-input-date-time": {
        "path": "ojs/ojdatetimepicker"
      },
      "oj-input-number": {
        "path": "ojs/ojinputnumber"
      },
      "oj-input-text": {
        "path": "ojs/ojinputtext"
      },
      "oj-sp-item-overview": {
        "path": "oj-sp/item-overview/loader"
      },
      "oj-sp-item-overview-page": {
        "path": "oj-sp/item-overview-page/loader"
      },
      "oj-sp-profile-card": {
        "path": "oj-sp/profile-card/loader"
      }
    }
  },
  "@dt": {
    "iconClass": "vbdt-dynamic-icon-64-icoItemOverviewPage48Svg"
  }
}
