{
  "component-dependencies": {
    "oj-sp": {
      "version": "2410.0.3",
      "components": {
        "messages-banner": "2410.0.3",
        "messages-toast": "2410.0.3",
        "simple-create-edit": "2410.0.3",
        "message-unsaved-changes": "2410.0.3",
        "foldout-panel-summarizing": "2410.0.3",
        "list-section": "2410.0.3",
        "foldout-layout": "2410.0.3",
        "horizontal-overview": "2410.0.3",
        "summarizing-collection": "2410.0.3"
      }
    },
    "oj-dynamic": {
      "version": "16.1.6",
      "components": {
        "form": "16.1.6"
      }
    }
  }
 }