id,creationDate,lastUpdateDate,createdBy,lastUpdatedBy,firstName,lastName,email,phoneNumber,hireDate,job,salary,commissionPct,manager,department,review
103,2020-02-03T14:43:12,2024-10-13T16:27:19,jane.smith@example.com,juanje,Alexanderrr,Hunold,ahunold@example.com,590.423.4567,2006-01-03,15.0,9000.0,,102.0,6.0,
104,2020-02-03T14:43:12,2020-02-03T14:43:12,jane.smith@example.com,jane.smith@example.com,Bruce,Ernst,bernst@example.com,590.423.4568,2007-05-21,15.0,6000.0,,103.0,6.0,
105,2020-02-03T14:43:12,2020-02-03T14:43:12,jane.smith@example.com,jane.smith@example.com,David,Austin,daustin@example.com,590.423.4569,2005-06-25,15.0,4800.0,,103.0,6.0,
106,2020-02-03T14:43:12,2020-02-03T14:43:12,jane.smith@example.com,jane.smith@example.com,Valli,Pataballa,vpatabal@example.com,590.423.4560,2006-02-05,15.0,4800.0,,103.0,6.0,
107,2020-02-03T14:43:12,2020-02-03T14:43:12,jane.smith@example.com,jane.smith@example.com,Diana,Lorentz,dlorentz@example.com,590.423.5567,2007-02-07,15.0,4200.0,,103.0,6.0,
108,2020-02-03T14:43:12,2020-02-03T14:43:12,jane.smith@example.com,jane.smith@example.com,Nancy,Greenberg,ngreenbe@example.com,515.124.4569,2002-08-17,4.0,12008.0,,101.0,10.0,
109,2020-02-03T14:43:12,2020-02-03T14:43:12,jane.smith@example.com,jane.smith@example.com,Daniel,Faviet,dfaviet@example.com,515.124.4169,2002-08-16,5.0,9000.0,,108.0,10.0,
110,2020-02-03T14:43:12,2020-02-03T14:43:12,jane.smith@example.com,jane.smith@example.com,John,Chen,jchen@example.com,515.124.4269,2005-09-28,5.0,8200.0,,108.0,10.0,
111,2020-02-03T14:43:12,2020-02-03T14:43:12,jane.smith@example.com,jane.smith@example.com,Ismael,Sciarra,isciarra@example.com,515.124.4369,2005-09-30,5.0,7700.0,,108.0,10.0,
112,2020-02-03T14:43:12,2020-02-03T14:43:12,jane.smith@example.com,jane.smith@example.com,Jose Manuel,Urman,jmurman@example.com,515.124.4469,2006-03-07,5.0,7800.0,,108.0,10.0,
113,2020-02-03T14:43:12,2020-02-03T14:43:12,jane.smith@example.com,jane.smith@example.com,Luis,Popp,lpopp@example.com,515.124.4567,2007-12-07,5.0,6900.0,,108.0,10.0,
114,2020-02-03T14:43:12,2020-02-03T14:43:12,jane.smith@example.com,jane.smith@example.com,Den,Raphaely,drapheal@example.com,515.127.4561,2002-12-07,10.0,11000.0,,100.0,3.0,
115,2020-02-03T14:43:12,2020-02-03T14:43:12,jane.smith@example.com,jane.smith@example.com,Alexander,Khoo,akhoo@example.com,515.127.4562,2003-05-18,11.0,3100.0,,114.0,3.0,
116,2020-02-03T14:43:12,2020-02-03T14:43:12,jane.smith@example.com,jane.smith@example.com,Shelli,Baida,sbaida@example.com,515.127.4563,2005-12-24,11.0,2900.0,,114.0,3.0,
117,2020-02-03T14:43:12,2020-02-03T14:43:12,jane.smith@example.com,jane.smith@example.com,Sigal,Tobias,stobias@example.com,515.127.4564,2005-07-24,11.0,2800.0,,114.0,3.0,
118,2020-02-03T14:43:12,2020-02-03T14:43:12,jane.smith@example.com,jane.smith@example.com,Guy,Himuro,ghimuro@example.com,515.127.4565,2006-11-15,11.0,2600.0,,114.0,3.0,
119,2020-02-03T14:43:12,2020-02-03T14:43:12,jane.smith@example.com,jane.smith@example.com,Karen,Colmenares,kcolmena@example.com,515.127.4566,2007-08-10,11.0,2500.0,,114.0,3.0,
120,2020-02-03T14:43:12,2020-02-03T14:43:12,jane.smith@example.com,jane.smith@example.com,Matthew,Weiss,mweiss@example.com,650.123.1234,2004-07-18,12.0,8000.0,,100.0,5.0,
121,2020-02-03T14:43:12,2020-02-03T14:43:12,jane.smith@example.com,jane.smith@example.com,Adam,Fripp,afripp@example.com,650.123.2234,2005-04-10,12.0,8200.0,,100.0,5.0,
122,2020-02-03T14:43:12,2020-02-03T14:43:12,jane.smith@example.com,jane.smith@example.com,Payam,Kaufling,pkauflin@example.com,650.123.3234,2003-05-01,12.0,7900.0,,100.0,5.0,
123,2020-02-03T14:43:12,2020-02-03T14:43:12,jane.smith@example.com,jane.smith@example.com,Shanta,Vollman,svollman@example.com,650.123.4234,2005-10-10,12.0,6500.0,,100.0,5.0,
124,2020-02-03T14:43:12,2020-02-03T14:43:12,jane.smith@example.com,jane.smith@example.com,Kevin,Mourgos,kmourgos@example.com,650.123.5234,2007-11-16,12.0,5800.0,,100.0,5.0,
125,2020-02-03T14:43:12,2020-02-03T14:43:12,jane.smith@example.com,jane.smith@example.com,Julia,Nayer,jnayer@example.com,650.124.1214,2005-07-16,13.0,3200.0,,120.0,5.0,
126,2020-02-03T14:43:12,2020-02-03T14:43:12,jane.smith@example.com,jane.smith@example.com,Irene,Mikkilineni,imikkili@example.com,650.124.1224,2006-09-28,13.0,2700.0,,120.0,5.0,
127,2020-02-03T14:43:12,2020-02-03T14:43:12,jane.smith@example.com,jane.smith@example.com,James,Landry,jlandry@example.com,650.124.1334,2007-01-14,13.0,2400.0,,120.0,5.0,
128,2020-02-03T14:43:12,2020-02-03T14:43:12,jane.smith@example.com,jane.smith@example.com,Steven,Markle,smarkle@example.com,650.124.1434,2008-03-08,13.0,2200.0,,120.0,5.0,
129,2020-02-03T14:43:12,2020-02-03T14:43:12,jane.smith@example.com,jane.smith@example.com,Laura,Bissot,lbissot@example.com,650.124.5234,2005-08-20,13.0,3300.0,,121.0,5.0,
130,2020-02-03T14:43:12,2020-02-03T14:43:12,jane.smith@example.com,jane.smith@example.com,Mozhe,Atkinson,matkinso@example.com,650.124.6234,2005-10-30,13.0,2800.0,,121.0,5.0,
131,2020-02-03T14:43:12,2020-02-03T14:43:12,jane.smith@example.com,jane.smith@example.com,James,Marlow,jamrlow@example.com,650.124.7234,2005-02-16,13.0,2500.0,,121.0,5.0,
132,2020-02-03T14:43:12,2020-02-03T14:43:12,jane.smith@example.com,jane.smith@example.com,TJ,Olson,tjolson@example.com,650.124.8234,2007-04-10,13.0,2100.0,,121.0,5.0,
133,2020-02-03T14:43:12,2020-02-03T14:43:12,jane.smith@example.com,jane.smith@example.com,Jason,Mallin,jmallin@example.com,650.127.1934,2004-06-14,13.0,3300.0,,122.0,5.0,
134,2020-02-03T14:43:12,2020-02-03T14:43:12,jane.smith@example.com,jane.smith@example.com,Michael,Rogers,mrogers@example.com,650.127.1834,2006-08-26,13.0,2900.0,,122.0,5.0,
135,2020-02-03T14:43:12,2020-02-03T14:43:12,jane.smith@example.com,jane.smith@example.com,Ki,Gee,kgee@example.com,650.127.1734,2007-12-12,13.0,2400.0,,122.0,5.0,
136,2020-02-03T14:43:12,2020-02-03T14:43:12,jane.smith@example.com,jane.smith@example.com,Hazel,Philtanker,hphiltan@example.com,650.127.1634,2008-02-06,13.0,2200.0,,122.0,5.0,
137,2020-02-03T14:43:12,2020-02-03T14:43:12,jane.smith@example.com,jane.smith@example.com,Renske,Ladwig,rladwig@example.com,650.121.1234,2003-07-14,13.0,3600.0,,123.0,5.0,
138,2020-02-03T14:43:12,2020-02-03T14:43:12,jane.smith@example.com,jane.smith@example.com,Stephen,Stiles,sstiles@example.com,650.121.2034,2005-10-26,13.0,3200.0,,123.0,5.0,
139,2020-02-03T14:43:12,2020-02-03T14:43:12,jane.smith@example.com,jane.smith@example.com,John,Seo,jseo@example.com,650.121.2019,2006-02-12,13.0,2700.0,,123.0,5.0,
140,2020-02-03T14:43:12,2020-02-03T14:43:12,jane.smith@example.com,jane.smith@example.com,Joshua,Patel,jpatel@example.com,650.121.1834,2006-04-06,13.0,2500.0,,123.0,5.0,
141,2020-02-03T14:43:12,2020-02-03T14:43:12,jane.smith@example.com,jane.smith@example.com,Trenna,Rajs,trajs@example.com,650.121.8009,2003-10-17,13.0,3500.0,,124.0,5.0,
142,2020-02-03T14:43:12,2020-02-03T14:43:12,jane.smith@example.com,jane.smith@example.com,Curtis,Davies,cdavies@example.com,650.121.2994,2005-01-29,13.0,3100.0,,124.0,5.0,
143,2020-02-03T14:43:12,2020-02-03T14:43:12,jane.smith@example.com,jane.smith@example.com,Randall,Matos,rmatos@example.com,650.121.2874,2006-03-15,13.0,2600.0,,124.0,5.0,
144,2020-02-03T14:43:12,2020-02-03T14:43:12,jane.smith@example.com,jane.smith@example.com,Peter,Vargas,pvargas@example.com,650.121.2004,2006-07-09,13.0,2500.0,,124.0,5.0,
145,2020-02-03T14:43:12,2020-02-03T14:43:12,jane.smith@example.com,jane.smith@example.com,John,Russell,jrussel@example.com,011.44.1344.429268,2004-10-01,8.0,14000.0,0.4,100.0,8.0,
146,2020-02-03T14:43:12,2020-02-03T14:43:12,jane.smith@example.com,jane.smith@example.com,Karen,Partners,kpartner@example.com,011.44.1344.467268,2005-01-05,8.0,13500.0,0.3,100.0,8.0,
147,2020-02-03T14:43:12,2020-02-03T14:43:12,jane.smith@example.com,jane.smith@example.com,Alberto,Errazuriz,aerrazur@example.com,011.44.1344.429278,2005-03-10,8.0,12000.0,0.3,100.0,8.0,
148,2020-02-03T14:43:12,2020-02-03T14:43:12,jane.smith@example.com,jane.smith@example.com,Gerald,Cambrault,gcambrau@example.com,011.44.1344.619268,2007-10-15,8.0,11000.0,0.3,100.0,8.0,
149,2020-02-03T14:43:12,2020-02-03T14:43:12,jane.smith@example.com,jane.smith@example.com,Eleni,Zlotkey,ezlotkey@example.com,011.44.1344.429018,2008-01-29,8.0,10500.0,0.2,100.0,8.0,
150,2020-02-03T14:43:12,2020-02-03T14:43:12,jane.smith@example.com,jane.smith@example.com,Peter,Tucker,ptucker@example.com,011.44.1344.129268,2005-01-30,9.0,10000.0,0.3,145.0,8.0,
151,2020-02-03T14:43:12,2020-02-03T14:43:12,jane.smith@example.com,jane.smith@example.com,David,Bernstein,dbernste@example.com,011.44.1344.345268,2005-03-24,9.0,9500.0,0.25,145.0,8.0,
152,2020-02-03T14:43:12,2020-02-03T14:43:12,jane.smith@example.com,jane.smith@example.com,Peter,Hall,phall@example.com,011.44.1344.478968,2005-08-20,9.0,9000.0,0.25,145.0,8.0,
153,2020-02-03T14:43:12,2020-02-03T14:43:12,jane.smith@example.com,jane.smith@example.com,Christopher,Olsen,colsen@example.com,011.44.1344.498718,2006-03-30,9.0,8000.0,0.2,145.0,8.0,
154,2020-02-03T14:43:12,2020-02-03T14:43:12,jane.smith@example.com,jane.smith@example.com,Nanette,Cambrault,ncambrau@example.com,011.44.1344.987668,2006-12-09,9.0,7500.0,0.2,145.0,8.0,
155,2020-02-03T14:43:12,2020-02-03T14:43:12,jane.smith@example.com,jane.smith@example.com,Oliver,Tuvault,otuvault@example.com,011.44.1344.486508,2007-11-23,9.0,7000.0,0.15,145.0,8.0,
156,2020-02-03T14:43:12,2020-02-03T14:43:12,jane.smith@example.com,jane.smith@example.com,Janette,King,jking@example.com,011.44.1345.429268,2004-01-30,9.0,10000.0,0.35,146.0,8.0,
157,2020-02-03T14:43:12,2020-02-03T14:43:12,jane.smith@example.com,jane.smith@example.com,Patrick,Sully,psully@example.com,011.44.1345.929268,2004-03-04,9.0,9500.0,0.35,146.0,8.0,
158,2020-02-03T14:43:12,2020-02-03T14:43:12,jane.smith@example.com,jane.smith@example.com,Allan,McEwen,amcewen@example.com,011.44.1345.829268,2004-08-01,9.0,9000.0,0.35,146.0,8.0,
159,2020-02-03T14:43:12,2020-02-03T14:43:12,jane.smith@example.com,jane.smith@example.com,Lindsey,Smith,lsmith@example.com,011.44.1345.729268,2005-03-10,9.0,8000.0,0.3,146.0,8.0,
160,2020-02-03T14:43:12,2020-02-03T14:43:12,jane.smith@example.com,jane.smith@example.com,Louise,Doran,ldoran@example.com,011.44.1345.629268,2005-12-15,9.0,7500.0,0.3,146.0,8.0,
161,2020-02-03T14:43:12,2020-02-03T14:43:12,jane.smith@example.com,jane.smith@example.com,Sarath,Sewall,ssewall@example.com,011.44.1345.529268,2006-11-03,9.0,7000.0,0.25,146.0,8.0,
162,2020-02-03T14:43:12,2020-02-03T14:43:12,jane.smith@example.com,jane.smith@example.com,Clara,Vishney,cvishney@example.com,011.44.1346.129268,2005-11-11,9.0,10500.0,0.25,147.0,8.0,
163,2020-02-03T14:43:12,2020-02-03T14:43:12,jane.smith@example.com,jane.smith@example.com,Danielle,Greene,dgreene@example.com,011.44.1346.229268,2007-03-19,9.0,9500.0,0.15,147.0,8.0,
164,2020-02-03T14:43:12,2020-02-03T14:43:12,jane.smith@example.com,jane.smith@example.com,Mattea,Marvins,mmarvins@example.com,011.44.1346.329268,2008-01-24,9.0,7200.0,0.1,147.0,8.0,
165,2020-02-03T14:43:12,2020-02-03T14:43:12,jane.smith@example.com,jane.smith@example.com,David,Lee,dlee@example.com,011.44.1346.529268,2008-02-23,9.0,6800.0,0.1,147.0,8.0,
166,2020-02-03T14:43:12,2020-02-03T14:43:12,jane.smith@example.com,jane.smith@example.com,Sundar,Ande,sande@example.com,011.44.1346.629268,2008-03-24,9.0,6400.0,0.1,147.0,8.0,
167,2020-02-03T14:43:12,2020-02-03T14:43:12,jane.smith@example.com,jane.smith@example.com,Amit,Banda,abanda@example.com,011.44.1346.729268,2008-04-21,9.0,6200.0,0.1,147.0,8.0,
168,2020-02-03T14:43:12,2020-02-03T14:43:12,jane.smith@example.com,jane.smith@example.com,Lisa,Ozer,lozer@example.com,011.44.1343.929268,2005-03-11,9.0,11500.0,0.25,148.0,8.0,
169,2020-02-03T14:43:12,2020-02-03T14:43:12,jane.smith@example.com,jane.smith@example.com,Harrison,Bloom,hbloom@example.com,011.44.1343.829268,2006-03-23,9.0,10000.0,0.2,148.0,8.0,
170,2020-02-03T14:43:12,2020-02-03T14:43:12,jane.smith@example.com,jane.smith@example.com,Tayler,Fox,tfox@example.com,011.44.1343.729268,2006-01-24,9.0,9600.0,0.2,148.0,8.0,
171,2020-02-03T14:43:12,2020-02-03T14:43:12,jane.smith@example.com,jane.smith@example.com,William,Smith,wsmith@example.com,011.44.1343.629268,2007-02-23,9.0,7400.0,0.15,148.0,8.0,
172,2020-02-03T14:43:12,2020-02-03T14:43:12,jane.smith@example.com,jane.smith@example.com,Elizabeth,Bates,ebates@example.com,011.44.1343.529268,2007-03-24,9.0,7300.0,0.15,148.0,8.0,
173,2020-02-03T14:43:12,2020-02-03T14:43:12,jane.smith@example.com,jane.smith@example.com,Sundita,Kumar,skumar@example.com,011.44.1343.329268,2008-04-21,9.0,6100.0,0.1,148.0,8.0,
174,2020-02-03T14:43:12,2020-02-03T14:43:12,jane.smith@example.com,jane.smith@example.com,Ellen,Abel,eabel@example.com,011.44.1644.429267,2004-05-11,9.0,11000.0,0.3,149.0,8.0,
175,2020-02-03T14:43:12,2020-02-03T14:43:12,jane.smith@example.com,jane.smith@example.com,Alyssa,Hutton,ahutton@example.com,011.44.1644.429266,2005-03-19,9.0,8800.0,0.25,149.0,8.0,
176,2020-02-03T14:43:12,2020-02-03T14:43:12,jane.smith@example.com,jane.smith@example.com,Jonathon,Taylor,jtaylor@example.com,011.44.1644.429265,2006-03-24,9.0,8600.0,0.2,149.0,8.0,
177,2020-02-03T14:43:12,2020-02-03T14:43:12,jane.smith@example.com,jane.smith@example.com,Jack,Livingston,jlivings@example.com,011.44.1644.429264,2006-04-23,9.0,8400.0,0.2,149.0,8.0,
178,2020-02-03T14:43:12,2020-02-03T14:43:12,jane.smith@example.com,jane.smith@example.com,Kimberely,Grant,kgrant@example.com,011.44.1644.429263,2007-05-24,9.0,7000.0,0.15,149.0,8.0,
179,2020-02-03T14:43:12,2020-02-03T14:43:12,jane.smith@example.com,jane.smith@example.com,Charles,Johnson,cjohnson@example.com,011.44.1644.429262,2008-01-04,9.0,6200.0,0.1,149.0,8.0,
180,2020-02-03T14:43:12,2020-02-03T14:43:12,jane.smith@example.com,jane.smith@example.com,Winston,Taylor,wtaylor@example.com,650.507.9876,2006-01-24,14.0,3200.0,,120.0,5.0,
181,2020-02-03T14:43:12,2020-02-03T14:43:12,jane.smith@example.com,jane.smith@example.com,Jean,Fleaur,jfleaur@example.com,650.507.9877,2006-02-23,14.0,3100.0,,120.0,5.0,
182,2020-02-03T14:43:12,2020-02-03T14:43:12,jane.smith@example.com,jane.smith@example.com,Martha,Sullivan,msulliva@example.com,650.507.9878,2007-06-21,14.0,2500.0,,120.0,5.0,
183,2020-02-03T14:43:12,2020-02-03T14:43:12,jane.smith@example.com,jane.smith@example.com,Girard,Geoni,ggeoni@example.com,650.507.9879,2008-02-03,14.0,2800.0,,120.0,5.0,
184,2020-02-03T14:43:12,2020-02-03T14:43:12,jane.smith@example.com,jane.smith@example.com,Nandita,Sarchand,nsarchan@example.com,650.509.1876,2004-01-27,14.0,4200.0,,121.0,5.0,
185,2020-02-03T14:43:12,2020-02-03T14:43:12,jane.smith@example.com,jane.smith@example.com,Alexis,Bull,abull@example.com,650.509.2876,2005-02-20,14.0,4100.0,,121.0,5.0,
186,2020-02-03T14:43:12,2020-02-03T14:43:12,jane.smith@example.com,jane.smith@example.com,Julia,Dellinger,jdelling@example.com,650.509.3876,2006-06-24,14.0,3400.0,,121.0,5.0,
187,2020-02-03T14:43:12,2020-02-03T14:43:12,jane.smith@example.com,jane.smith@example.com,Anthony,Cabrio,acabrio@example.com,650.509.4876,2007-02-07,14.0,3000.0,,121.0,5.0,
188,2020-02-03T14:43:12,2020-02-03T14:43:12,jane.smith@example.com,jane.smith@example.com,Kelly,Chung,kchung@example.com,650.505.1876,2005-06-14,14.0,3800.0,,122.0,5.0,
189,2020-02-03T14:43:12,2020-02-03T14:43:12,jane.smith@example.com,jane.smith@example.com,Jennifer,Dilly,jdilly@example.com,650.505.2876,2005-08-13,14.0,3600.0,,122.0,5.0,
190,2020-02-03T14:43:12,2020-02-03T14:43:12,jane.smith@example.com,jane.smith@example.com,Timothy,Gates,tgates@example.com,650.505.3876,2006-07-11,14.0,2900.0,,122.0,5.0,
191,2020-02-03T14:43:12,2020-02-03T14:43:12,jane.smith@example.com,jane.smith@example.com,Randall,Perkins,rperkins@example.com,650.505.4876,2007-12-19,14.0,2500.0,,122.0,5.0,
192,2020-02-03T14:43:12,2020-02-03T14:43:12,jane.smith@example.com,jane.smith@example.com,Sarah,Bell,sbell@example.com,650.501.1876,2004-02-04,14.0,4000.0,,123.0,5.0,
193,2020-02-03T14:43:12,2020-02-03T14:43:12,jane.smith@example.com,jane.smith@example.com,Britney,Everett,beverett@example.com,650.501.2876,2005-03-03,14.0,3900.0,,123.0,5.0,
194,2020-02-03T14:43:12,2020-02-03T14:43:12,jane.smith@example.com,jane.smith@example.com,Samuel,McCain,smccain@example.com,650.501.3876,2006-07-01,14.0,3200.0,,123.0,5.0,
195,2020-02-03T14:43:12,2020-02-03T14:43:12,jane.smith@example.com,jane.smith@example.com,Vance,Jones,vjones@example.com,650.501.4876,2007-03-17,14.0,2800.0,,123.0,5.0,
196,2020-02-03T14:43:12,2020-02-03T14:43:12,jane.smith@example.com,jane.smith@example.com,Alana,Walsh,awalsh@example.com,650.507.9811,2006-04-24,14.0,3100.0,,124.0,5.0,
197,2020-02-03T14:43:12,2020-02-03T14:43:12,jane.smith@example.com,jane.smith@example.com,Kevin,Feeney,kfeeney@example.com,650.507.9822,2006-05-23,14.0,3000.0,,124.0,5.0,
198,2020-02-03T14:43:12,2020-02-03T14:43:12,jane.smith@example.com,jane.smith@example.com,Donald,OConnell,doconnel@example.com,650.507.9833,2007-06-21,14.0,2600.0,,124.0,5.0,
199,2020-02-03T14:43:12,2020-02-03T14:43:12,jane.smith@example.com,jane.smith@example.com,Douglas,Grant,dgrant@example.com,650.507.9844,2008-01-13,14.0,2600.0,,124.0,5.0,
200,2020-02-03T14:43:12,2020-02-03T14:43:12,jane.smith@example.com,jane.smith@example.com,Jennifer,Whalen,jwhalen@example.com,515.123.4444,2003-09-17,3.0,4400.0,,101.0,1.0,
201,2020-02-03T14:43:12,2020-02-03T14:43:12,jane.smith@example.com,jane.smith@example.com,Michael,Hartstein,mhartste@example.com,515.123.5555,2004-02-17,16.0,13000.0,,100.0,2.0,
202,2020-02-03T14:43:12,2020-02-03T14:43:12,jane.smith@example.com,jane.smith@example.com,Pat,Fay,pfay@example.com,603.123.6666,2005-08-17,17.0,6000.0,,201.0,2.0,
203,2020-02-03T14:43:12,2020-02-03T14:43:12,jane.smith@example.com,jane.smith@example.com,Susan,Mavris,smavris@example.com,515.123.7777,2002-06-07,18.0,6500.0,,101.0,4.0,
204,2020-02-03T14:43:12,2020-02-03T14:43:12,jane.smith@example.com,jane.smith@example.com,Hermann,Baer,hbaer@example.com,515.123.8888,2002-06-07,19.0,10000.0,,101.0,7.0,
205,2020-02-03T14:43:12,2020-02-03T14:43:12,jane.smith@example.com,jane.smith@example.com,Shelley,Higgins,shiggins@example.com,515.123.8080,2002-06-07,6.0,12008.0,,101.0,11.0,
206,2020-02-03T14:43:12,2020-02-03T14:43:12,jane.smith@example.com,jane.smith@example.com,William,Gietz,wgietz@example.com,515.123.8181,2002-06-07,5.0,8300.0,,205.0,11.0,
