{
    "backends": {
        "fa": {
            "description": "Oracle Cloud Applications",
            "serviceType": "fa-base",
            "servers": [
                {
                    "url": "https://fa-etit-saasfademo1.ds-fa.oraclepdemos.com",
                    "description": "Default Server",
                    "x-vb": {
                        "authentication": {
                            "authenticated": {
                                "type": "basic",
                                "credentials": "vb_f4220a37-d2f1-4930-b8c1-2d0ea6ab435c"
                            }
                        },
                        "forceProxy": "cors"
                    }
                }
            ]
        },
        "crmRestApi": {
            "serviceType": "adf-describe",
            "serviceTypeProperties": {
                "faCatalogAppId": "REST-crmRestApp"
            },
            "description": "Sales and Service",
            "headers": {
                "REST-Framework-Version": "4"
            },
            "transforms": {
                "path": "vb/BusinessObjectsTransforms"
            },
            "servers": [
                {
                    "url": "vb-catalog://backends/fa/crmRestApi/resources",
                    "description": "Default Server"
                }
            ]
        },
        "fscmRestApi": {
            "serviceType": "adf-describe",
            "serviceTypeProperties": {
                "faCatalogAppId": "REST-fscmRestApp"
            },
            "description": "Enterprise Resource Planning and Supply Chain",
            "headers": {
                "REST-Framework-Version": "4"
            },
            "transforms": {
                "path": "vb/BusinessObjectsTransforms"
            },
            "servers": [
                {
                    "url": "vb-catalog://backends/fa/fscmRestApi/resources",
                    "description": "Default Server"
                }
            ]
        },
        "hcmRestApi": {
            "serviceType": "adf-describe",
            "serviceTypeProperties": {
                "faCatalogAppId": "REST-hcmRestApp"
            },
            "description": "Human Capital Management",
            "headers": {
                "REST-Framework-Version": "4"
            },
            "transforms": {
                "path": "vb/BusinessObjectsTransforms"
            },
            "servers": [
                {
                    "url": "vb-catalog://backends/fa/hcmRestApi/resources",
                    "description": "Default Server"
                }
            ]
        },
        "be_transferOrderShipmentReceipts": {
            "serviceType": "adf-describe",
            "transforms": {
                "path": "vb/BusinessObjectsTransforms"
            },
            "servers": [
                {
                    "url": "https://fa-etit-saasfademo1.ds-fa.oraclepdemos.com:443/fscmRestApi/resources/11.13.18.05/transferOrderShipmentReceipts",
                    "x-vb": {
                        "authentication": {
                            "authenticated": {
                                "type": "basic",
                                "credentials": "vb_5d7d337b-271e-4fac-b393-b2760dbc916b"
                            }
                        }
                    }
                }
            ]
        }
      }
}