{
  "description": "Expand or collapse overview to full page display",
  "root": "updateExpandVariable",
  "actions": {
    "updateExpandVariable": {
      "module": "vb/action/builtin/navigateToPageAction",
      "parameters": {
        "page": "{{ $application.currentPage.id }}",
        "params": {
          "itemId": "{{ $page.variables.itemId }}",
          "itemIndex": "{{ $page.variables.itemIndex }}",
          "parentPage": "{{ $page.variables.parentPage }}",
          "overviewExpanded": "{{ $chain.variables.expand }}",
          "inFlowBack": "{{ $page.variables.inFlowBack }}",
          "bidirectionalNavigation": "{{ $page.variables.bidirectionalNavigation }}"
        },
        "history": "skip"
      }
    }
  },
  "variables": {
    "expand": {
      "required": true,
      "type": "boolean",
      "input": "fromCaller"
    }
  }
}