{
  "description": "",
  "root": "callRestPostSDUPLOADFILEV21",
  "actions": {
    "fireNotification": {
      "module": "vb/action/builtin/fireNotificationEventAction",
      "parameters": {
        "target": "leaf",
        "summary": "[[ $chain.results.callRestPostSDUPLOADFILEV21.message.summary ]]",
        "type": "error",
        "displayMode": "persist",
        "message": "File no uploaded"
      }
    },
    "fireNotification3": {
      "module": "vb/action/builtin/fireNotificationEventAction",
      "parameters": {
        "target": "leaf",
        "summary": "Selected",
        "message": "Uploaded file",
        "type": "confirmation",
        "displayMode": "transient"
      }
    },
    "callRestPostSDUPLOADFILEV21": {
      "module": "vb/action/builtin/restAction",
      "parameters": {
        "endpoint": "demo_upload/post_upload",
        "body": "{{ $variables.files[0] }}",
        "contentType": "multipart/form-data",
        "responseBodyFormat": "json"
      },
      "outcomes": {
        "failure": "fireNotification",
        "success": "fireNotification3"
      }
    }
  },
  "variables": {
    "files": {
      "required": true,
      "type": "object[]",
      "input": "fromCaller"
    }
  }
}