{
  "title": "",
  "description": "",
  "variables": {
    "employee": {
      "type": "getEmployeeResponse"
    },
    "employeeListSDP": {
      "type": "vb/ServiceDataProvider",
      "defaultValue": {
        "endpoint": "businessObjects/getall_Employee",
        "keyAttributes": "id",
        "itemsPath": "items",
        "responseType": "getallEmployeeResponse",
        "filterCriterion": {
          "op": "$eq",
          "attribute": "manager",
          "value": "{{ $variables.managerId }}"
        }
      }
    },
    "managerId": {
      "type": "string",
      "input": "fromUrl"
    },
    "oj_table_193150498_1SelectedId": {
      "type": "string",
      "defaultValue": "",
      "onValueChanged": {
        "chains": [
          {
            "chain": "loadEmployeeChain",
            "parameters": {
              "employeeId": "{{ $variables.oj_table_193150498_1SelectedId }}"
            }
          }
        ]
      }
    }
  },
  "metadata": {},
  "types": {
    "@decorators.getallEmployeeResponse": {
      "endpoint": "getall_Employee",
      "service": "businessObjects",
      "path": "response"
    },
    "@decorators.getEmployeeResponse": {
      "endpoint": "get_Employee",
      "service": "businessObjects",
      "path": "response"
    },
    "action": {
      "id": "string",
      "label": "string",
      "display": "string",
      "icon": "string"
    },
    "getallEmployeeResponse": {
      "items": [
        {
          "firstName": "string",
          "id": "number",
          "lastName": "string",
          "phoneNumber": "string"
        }
      ]
    },
    "getEmployeeResponse": {
      "departmentObject": {
        "items": [
          {
            "departmentName": "string"
          }
        ]
      },
      "email": "string",
      "firstName": "string",
      "lastName": "string",
      "salary": "number"
    }
  },
  "eventListeners": {
    "ojGop1SpInFlowBack": {
      "chains": [
        {
          "chain": "GeneralOverviewPageTemplateSpInFlowBackChain"
        }
      ]
    },

    "tableFirstSelectedRow": {
      "chains": [
        {
          "chain": "ojTable1931504981ChangeSelectionChain",
          "parameters": {
            "employeeId": "[[ $event.detail.value.key || '' ]]"
          }
        }
      ]
    },
    "vbEnter": {
      "chains": [
        {
          "chain": "doNothing",
          "parameters": {
            "employeeId": "{{ $variables.oj_table_193150498_1SelectedId }}"
          }
        }
      ]
    }

  },
  "imports": {
    "components": {

      "oj-form-layout": {
        "path": "ojs/ojformlayout"
      },
      "oj-input-text": {
        "path": "ojs/ojinputtext"
      },
      "oj-sp-general-overview-page": {
        "path": "oj-sp/general-overview-page/loader"
      },
      "oj-sp-profile-card": {
        "path": "oj-sp/profile-card/loader"
      },
      "oj-table": {
        "path": "ojs/ojtable"
      }

    }
  },
  "@dt": {
    "iconClass": "vbdt-dynamic-icon-62-icoOverviewPageTemplateSvg"
  }
}
