{
  "title": "Create Suppliers Dff Demo",
  "description": "Creates new Suppliers Dff Demo",
  "variables": {
    "createSuppliersDffDemoChainInProgress": {
      "type": "boolean",
      "defaultValue": false
    },
    "suppliersDffDemo": {
      "type": "createSuppliersDffDemoRequest",
      "defaultValue": {
        "supplierNumber": "[[ $variables.varSuppNumber ]]"
      }
    },
    "varSuppNumber": {
      "type": "number",
      "required": true,
      "input": "fromUrl"
    }
  },
  "metadata": {},
  "types": {
    "@decorators.createSuppliersDffDemoRequest": {
      "endpoint": "create_SuppliersDffDemo",
      "service": "businessObjects",
      "path": "request"
    },
    "createSuppliersDffDemoRequest": {
      "fieldDate1": "string",
      "fieldNumber1": "number",
      "fieldString1": "string",
      "fieldString2": "string",
      "supplierNumber": "number"
    }
  },
  "eventListeners": {
    "backButtonClicked": {
      "chains": [
        {
          "chain": "goBackChain"
        }
      ]
    },
    "saveButtonClicked": {
      "chains": [
        {
          "chain": "createSuppliersDffDemoChain"
        }
      ]
    }
  },
  "imports": {
    "components": {
      "oj-button": {
        "path": "ojs/ojbutton"
      },
      "oj-form-layout": {
        "path": "ojs/ojformlayout"
      },
      "oj-input-date": {
        "path": "ojs/ojdatetimepicker"
      },
      "oj-input-number": {
        "path": "ojs/ojinputnumber"
      },
      "oj-input-text": {
        "path": "ojs/ojinputtext"
      },
      "oj-toolbar": {
        "path": "ojs/ojtoolbar"
      },
      "oj-validation-group": {
        "path": "ojs/ojvalidationgroup"
      }
    }
  }
}
