{
  "title": "",
  "description": "",
  "variables": {
    "backgroundColor": {
      "type": "string",
      "defaultValue": "dark-ocean"
    },
    "illustrationBackground": {
      "type": "string",
      "defaultValue": "https://static.oracle.com/cdn/fnd/gallery/2307.0.2/images/illust-welcome-banner-bg-01.png"
    },
    "illustrationForeground": {
      "type": "string",
      "defaultValue": "https://static.oracle.com/cdn/fnd/gallery/2307.0.2/images/illust-welcome-banner-fg-01.png"
    },
    "imageStretch": {
      "type": "string",
      "defaultValue": "none"
    },
    "mobileImage": {
      "type": "string",
      "defaultValue": "on"
    },
    "oj_table_1896815765_1SelectedId": {
      "type": "string",
      "defaultValue": ""
    },
    "suppliersDffDemoListSDP": {
      "type": "vb/ServiceDataProvider",
      "defaultValue": {
        "endpoint": "businessObjects/getall_SuppliersDffDemo",
        "keyAttributes": "id",
        "itemsPath": "items",
        "responseType": "getallSuppliersDffDemoResponse",
        "filterCriterion": {
          "op": "$eq",
          "attribute": "supplierNumber",
          "value": "{{ $variables.varSuppNumber }}"
        }
      }
    },
    "suppliersListSDP": {
      "type": "vb/ServiceDataProvider",
      "defaultValue": {
        "endpoint": "sn_suppliers/getall_suppliers",
        "keyAttributes": "SupplierId",
        "itemsPath": "items",
        "responseType": "getallSuppliersResponse",
        "filterCriterion": {
          "op": "$co",
          "attribute": "SupplierNumber",
          "value": "{{ $variables.varSearch }}"
        }
      }
    },
    "varSearch": {
      "type": "string"
    },
    "varSuppNumber": {
      "type": "string"
    }

  },
  "metadata": {},
  "types": {
    "@decorators.getallSuppliersDffDemoResponse": {
      "endpoint": "getall_SuppliersDffDemo",
      "service": "businessObjects",
      "path": "response"
    },
    "@decorators.getallSuppliersResponse": {
      "endpoint": "getall_suppliers",
      "service": "sn_suppliers",
      "path": "response"
    },
    "getallSuppliersDffDemoResponse": {
      "items": [
        {
          "fieldDate1": "string",
          "fieldNumber1": "number",
          "fieldString1": "string",
          "fieldString2": "string",
          "id": "number",
          "supplierNumber": "number"
        }
      ]
    },
    "getallSuppliersResponse": {
      "items": [
        {
          "Status": "string",
          "Supplier": "string",
          "SupplierId": "number",
          "SupplierNumber": "string",
          "SupplierType": "string",
          "TaxpayerCountryCode": "string",
          "TaxpayerId": "string",
          "TaxRegistrationNumber": "string"
        }
      ]
    }
  },
  "eventListeners": {
    "createSuppliersDffDemoButtonClicked": {
      "chains": [
        {
          "chain": "navigateToCreateSuppliersDffDemoChain"
        }
      ]
    },
    "deleteSuppliersDffDemoButtonClicked": {
      "chains": [
        {
          "chain": "deleteSuppliersDffDemoChain",
          "parameters": {
            "suppliersDffDemoId": "[[ $variables.oj_table_1896815765_1SelectedId ]]"
          }
        }
      ]
    },
    "editSuppliersDffDemoButtonClicked": {
      "chains": [
        {
          "chain": "navigateToEditSuppliersDffDemoChain",
          "parameters": {
            "suppliersDffDemoId": "[[ $variables.oj_table_1896815765_1SelectedId ]]"
          }
        }
      ]
    },
    "oj_table_1896815765_1SelectionChanged": {
      "chains": [
        {
          "chain": "ojTable18968157651ChangeSelectionChain",
          "parameters": {
            "suppliersDffDemoId": "[[ $event.detail.value.key || '' ]]"
          }
        }
      ]
    },
    "tableFirstSelectedRow": {
      "chains": [
        {
          "chain": "TableFirstSelectedRowChangeChain",
          "parameters": {
            "rowKey": "{{$event.detail.value.key}}",
            "rowData": "{{$event.detail.value.data}}"
          }
        }
      ]
    }

  },
  "imports": {
    "components": {
      "oj-button": {
        "path": "ojs/ojbutton"
      },
      "oj-input-text": {
        "path": "ojs/ojinputtext"
      },
      "oj-sp-welcome-page": {
        "path": "oj-sp/welcome-page/loader"
      },
      "oj-table": {
        "path": "ojs/ojtable"
      },
      "oj-toolbar": {
        "path": "ojs/ojtoolbar"
      }
    }
  }
}
