{
  "title": "Edit SuppliersDffDemo",
  "description": "Updates single SuppliersDffDemo record",
  "variables": {
    "fetchedSuppliersDffDemo": {
      "type": "getSuppliersDffDemoResponse"
    },
    "saveSuppliersDffDemoChainInProgress": {
      "type": "boolean",
      "defaultValue": false
    },
    "suppliersDffDemo": {
      "type": "getSuppliersDffDemoResponse"
    },
    "suppliersDffDemoETag": {
      "type": "string"
    },
    "suppliersDffDemoId": {
      "type": "string",
      "required": true,
      "input": "fromUrl"
    }
  },
  "metadata": {},
  "types": {
    "@decorators.getSuppliersDffDemoResponse": {
      "endpoint": "get_SuppliersDffDemo",
      "service": "businessObjects",
      "path": "response"
    },
    "getSuppliersDffDemoResponse": {
      "fieldDate1": "string",
      "fieldNumber1": "number",
      "fieldString1": "string",
      "fieldString2": "string",
      "supplierNumber": "number"
    }
  },
  "eventListeners": {
    "backButtonClicked": {
      "chains": [
        {
          "chain": "goBackChain"
        }
      ]
    },
    "saveButtonClicked": {
      "chains": [
        {
          "chain": "saveSuppliersDffDemoChain"
        }
      ]
    },
    "vbEnter": {
      "chains": [
        {
          "chain": "loadSuppliersDffDemoChain"
        }
      ]
    }
  },
  "imports": {
    "components": {
      "oj-button": {
        "path": "ojs/ojbutton"
      },
      "oj-form-layout": {
        "path": "ojs/ojformlayout"
      },
      "oj-input-date": {
        "path": "ojs/ojdatetimepicker"
      },
      "oj-input-number": {
        "path": "ojs/ojinputnumber"
      },
      "oj-input-text": {
        "path": "ojs/ojinputtext"
      },
      "oj-toolbar": {
        "path": "ojs/ojtoolbar"
      },
      "oj-validation-group": {
        "path": "ojs/ojvalidationgroup"
      }
    }
  }
}
