{
    "paths": {
        "exclude": [
            "build/**",
            "docs/**",
            "scripts/**",
            "tests/**",
            "**/private",
            "+(web|mobile)Apps/**/resources/components/**/lib/*"
        ]
    },
    "rules": {
        "oj-sp-empty-state-usage": {
            "description": "Ensure noData slot of collections use oj-sp-empty-state",
            "enabled": false
        },
        "translations.audit.propertyNotTranslated": {
            "enabled": false
        },
        "eslint.no-var": {
            "enabled": false
        },
        "oj-js-noconsole": {
            "description": "console.log() should be removed before general release",
            "enabled": false
        },
        "type#unused-types": {
            "enabled": false
        },
        "variable#unused-variables": {
            "enabled": false
        }
    },
    "auditors": {}
}