{
    "displayLabel": "Country",
    "fields": [
        {
            "displayLabel": "Id",
            "key": true,
            "name": "id",
            "oid": "2255afd2-e0b5-4703-85cb-85917a03ee75",
            "required": true,
            "type": "number",
            "unique": true
        },
        {
            "displayLabel": "Created",
            "historyType": "timeCreated",
            "name": "creationDate",
            "oid": "9ba9232f-22b9-4d7c-94ce-6f263f30ef80",
            "required": true,
            "type": "datetime"
        },
        {
            "displayLabel": "Last Updated",
            "historyType": "timeUpdated",
            "name": "lastUpdateDate",
            "oid": "b96a8b37-a0a2-4f15-988f-333b456d966c",
            "required": true,
            "type": "datetime"
        },
        {
            "displayLabel": "Created By",
            "historyType": "createdBy",
            "name": "createdBy",
            "oid": "34b45eeb-f689-41d3-8eef-8b37d8a297ce",
            "required": true,
            "type": "string"
        },
        {
            "displayLabel": "Last Updated By",
            "historyType": "updatedBy",
            "name": "lastUpdatedBy",
            "oid": "9e361a22-28cc-43b9-ac08-8770e8131da2",
            "required": true,
            "type": "string"
        },
        {
            "displayLabel": "Version Number",
            "historyType": "versionNumber",
            "name": "versionNumber",
            "oid": "2dc7b211-461c-4893-bbcd-5c66f2f45dd9",
            "type": "number"
        },
        {
            "displayLabel": "countryName",
            "name": "countryName",
            "oid": "8db0e7af-76f7-4268-8d26-272aab40389f",
            "required": true,
            "type": "string"
        },
        {
            "displayLabel": "region",
            "name": "region",
            "oid": "9a91a1f7-1c11-4b79-b39e-706275255bf4",
            "required": true,
            "type": "number"
        },
        {
            "displayLabel": "countryCode",
            "name": "countryCode",
            "oid": "b7f45b2b-e65e-4e7a-8595-013d8d7f87c4",
            "required": true,
            "type": "string"
        }
    ],
    "hidden": false,
    "name": "Country",
    "oid": "fb4a96cd-4c6b-4ba0-9167-4d4640d44f87"
}