{
    "openapi": "3.0.0",
    "info": {
        "title": "Site SCM SO INFO:backend Custom To Oic",
        "version": "1.0.0"
    },
    "servers": [
        {
            "url": "vb-catalog://backends/site_SCM_SO_INFO:backend_custom_to_oic",
            "description": "Site SCM SO INFO:backend Custom To Oic"
        }
    ],
    "paths": {
        "/XX_DEMO_CALL_OIC_FROM_VB/1.0/": {
            "get": {
                "operationId": "get",
                "parameters": [
                    {
                        "name": "pHeaderId",
                        "in": "query",
                        "schema": {
                            "type": "string"
                        },
                        "x-vb": {
                            "defaultValue": "1"
                        }
                    }
                ],
                "responses": {
                    "default": {
                        "description": "Response for default",
                        "content": {
                            "application/json": {
                                "schema": {
                                    "$ref": "#/components/schemas/GetXX_DEMO_CALL_OIC_FROM_VB1_0"
                                },
                                "examples": {
                                    "vb": {
                                        "summary": "Example stored by VB User",
                                        "externalValue": "./examples/get/response_default_application_json_vb.json"
                                    }
                                }
                            }
                        }
                    }
                },
                "x-vb": {
                    "actionHint": "getMany"
                }
            }
        }
    },
    "components": {
        "schemas": {
            "GetXX_DEMO_CALL_OIC_FROM_VB1_0": {
                "type": "object",
                "properties": {
                    "message": {
                        "type": "string"
                    }
                }
            }
        }
    }
}