{
  "component-dependencies": {
    "oj-sp": {
      "version": "2410.0.3",
      "components": {
        "advanced-create-edit": "2410.0.3",
        "advanced-create-edit-pattern": "2410.0.3",
        "analytics-canvas": "2410.0.3",
        "attachments-viewer": "2410.0.3",
        "bottom-drawer-template": "2410.0.3",
        "calendar": "2410.0.3",
        "canvas-page": "2410.0.3",
        "card": "2410.0.3",
        "collection-container": "2410.0.3",
        "collection-container-advanced": "2410.0.3",
        "collection-detail-page": "2410.0.3",
        "collection-detail-page-pattern": "2410.0.3",
        "collection-toolbar": "2410.0.3",
        "columns-configuration-panel": "2410.0.3",
        "completion-panel": "2410.0.3",
        "configuration-drawer-template": "2410.0.3",
        "create-edit-drawer-template": "2410.0.3",
        "dashboard-grid": "2410.0.3",
        "dashboard-landing-page": "2410.0.3",
        "dashboard-landing-page-pattern": "2410.0.3",
        "data-collections-organizer-pattern": "2410.0.3",
        "data-management-page": "2410.0.3",
        "data-grid-ui-pattern": "2410.0.3",
        "dashboard-panel": "2410.0.3",
        "detail-panel": "2410.0.3",
        "empty-state": "2410.0.3",
        "expandable-list-item": "2410.0.3",
        "expanded-hover-card": "2410.0.3",
        "diagram-builder": "2410.0.3",
        "diagram-node": "2410.0.3",
        "dynamic-dashboard-grid": "2410.0.3",
        "dynamic-foldout-page": "2410.0.3",
        "dynamic-scoreboard": "2410.0.3",
        "foldout-layout": "2410.0.3",
        "foldout-layout-horizontal-pattern": "2410.0.3",
        "foldout-layout-vertical-pattern": "2410.0.3",
        "foldout-panel": "2410.0.3",
        "foldout-panel-overflow": "2410.0.3",
        "foldout-panel-summarizing": "2410.0.3",
        "gantt-page-pattern": "2410.0.3",
        "general-drawer-template": "2410.0.3",
        "general-overview-page": "2410.0.3",
        "general-overview-page-pattern": "2410.0.3",
        "group-list-item-header": "2410.0.3",
        "group-list-item-parent": "2410.0.3",
        "group-list-item-child": "2410.0.3",
        "guided-process": "2410.0.3",
        "guided-process-drawer-template": "2410.0.3",
        "guided-process-pattern": "2410.0.3",
        "hierarchy-card": "2410.0.3",
        "hierarchy-card-info": "2410.0.3",
        "hierarchy-viewer": "2410.0.3",
        "hierarchy-viewer-pattern": "2410.0.3",
        "horizontal-overview": "2410.0.3",
        "in-app-navigation": "2410.0.3",
        "information-organizer": "2410.0.3",
        "input-address": "2410.0.3",
        "input-currency": "2410.0.3",
        "input-currency-conversion-rate": "2410.0.3",
        "input-email": "2410.0.3",
        "input-key-flex-field": "2410.0.3",
        "input-phone-number": "2410.0.3",
        "input-rich-text-2": "2410.0.3",
        "input-url": "2410.0.3",
        "item-gauge": "2410.0.3",
        "item-overview": "2410.0.3",
        "item-overview-page": "2410.0.3",
        "item-overview-page-pattern": "2410.0.3",
        "item-overview-pattern": "2410.0.3",
        "list-item-template": "2410.0.3",
        "list-section": "2410.0.3",
        "media-section": "2410.0.3",
        "message-banner-unsaved-changes": "2410.0.3",
        "message-dialog-destructive": "2410.0.3",
        "message-dialog-general": "2410.0.3",
        "message-unsaved-changes": "2410.0.3",
        "messages-banner": "2410.0.3",
        "messages-toast": "2410.0.3",
        "metric-card": "2410.0.3",
        "multimedia-content-page-pattern": "2410.0.3",
        "network-flow-diagram": "2410.0.3",
        "object-card": "2410.0.3",
        "profile-card": "2410.0.3",
        "recommendation-card": "2410.0.3",
        "scoreboard": "2410.0.3",
        "scoreboard-metric-card": "2410.0.3",
        "section": "2410.0.3",
        "selection-chart-card": "2410.0.3",
        "select-single-currency": "2410.0.3",
        "select-single-item-template": "2410.0.3",
        "simple-create-edit": "2410.0.3",
        "simple-create-edit-pattern": "2410.0.3",
        "smart-filters": "2410.0.3",
        "smart-search-page": "2410.0.3",
        "smart-search-page-pattern": "2410.0.3",
        "smart-search": "2410.0.3",
        "smart-select-single": "2410.0.3",
        "summarizing-collection": "2410.0.3",
        "sort-configuration-panel": "2410.0.3",
        "task-card": "2410.0.3",
        "thumbnail": "2410.0.3",
        "timeline-event-template": "2410.0.3",
        "vertical-anchor-navigator": "2410.0.3",
        "vertical-overview": "2410.0.3",
        "welcome-page": "2410.0.3",
        "welcome-page-pattern": "2410.0.3",
        "output-rich-text": "2410.0.3",
        "activity-list-item": "2410.0.3"
      }
    },
    "oj-dynamic": {
      "version": "16.1.6",
      "components": {
        "container": "16.1.6",
        "form": "16.1.6",
        "table": "16.1.6"
      }
    },
    "oj-sample": {
      "version": "8.0.0",
      "components": {
        "export-data": "8.0.0"
      }
    }
  }
}
