{
    "displayLabel": "Candidates",
    "fields": [
        {
            "displayLabel": "Id",
            "key": true,
            "name": "id",
            "oid": "9f535141-107d-433f-bf3b-535766e9b230",
            "required": true,
            "type": "number",
            "unique": true
        },
        {
            "displayLabel": "Created",
            "historyType": "timeCreated",
            "name": "creationDate",
            "oid": "e684e254-30bf-4245-9bab-cc793057126c",
            "required": true,
            "type": "datetime"
        },
        {
            "displayLabel": "Last Updated",
            "historyType": "timeUpdated",
            "name": "lastUpdateDate",
            "oid": "d79dcd5b-c6c5-49cb-a0e8-a6eb385f1989",
            "required": true,
            "type": "datetime"
        },
        {
            "displayLabel": "Created By",
            "historyType": "createdBy",
            "name": "createdBy",
            "oid": "331535ba-a109-42ae-89f9-2ecc0aff357f",
            "required": true,
            "type": "string"
        },
        {
            "displayLabel": "Last Updated By",
            "historyType": "updatedBy",
            "name": "lastUpdatedBy",
            "oid": "1437dd27-a7c0-4c2a-87f7-804eab650c41",
            "required": true,
            "type": "string"
        },
        {
            "displayLabel": "Version Number",
            "historyType": "versionNumber",
            "name": "versionNumber",
            "oid": "31f41a4a-892a-48d8-8be9-536bea83060d",
            "type": "number"
        },
        {
            "displayLabel": "firstName",
            "name": "firstName",
            "oid": "fd51e6e1-742f-42e7-9989-5c2cced32b07",
            "required": true,
            "type": "string"
        },
        {
            "displayLabel": "lastName",
            "name": "lastName",
            "oid": "b640fdc0-54eb-4bee-ac9a-0f0675e60d6f",
            "required": true,
            "type": "string"
        },
        {
            "displayLabel": "email",
            "name": "email",
            "oid": "62cb243e-89d1-4b40-9e6b-223ab532e9f0",
            "required": true,
            "type": "string"
        },
        {
            "displayLabel": "phoneNumber",
            "name": "phoneNumber",
            "oid": "1bc96113-ca1d-41d6-a946-d45226799bd5",
            "required": true,
            "type": "string"
        },
        {
            "displayLabel": "hireDate",
            "name": "hireDate",
            "oid": "d68a2b49-9534-4d64-9259-b3e40766f271",
            "required": true,
            "type": "date"
        },
        {
            "displayLabel": "job",
            "name": "job",
            "oid": "d5244b17-96f2-4980-bcc0-2bd0ab7461ac",
            "required": true,
            "type": "number"
        },
        {
            "displayLabel": "salary_offered",
            "name": "salaryOffered",
            "oid": "b843ffcb-e41d-40fd-91d4-34c90856deb8",
            "required": true,
            "scale": 1,
            "type": "number"
        },
        {
            "displayLabel": "commissionPct",
            "name": "commissionPct",
            "oid": "d1e87b6a-5993-4753-af42-ab07de62d859",
            "required": false,
            "type": "string"
        },
        {
            "displayLabel": "manager",
            "name": "manager",
            "oid": "ec6ed01d-a925-44b9-92bb-5cfaaaf4249f",
            "required": false,
            "type": "number"
        },
        {
            "displayLabel": "department",
            "name": "department",
            "oid": "615219a2-fe3f-4c47-bcac-20277bc1e91e",
            "required": true,
            "type": "number"
        }
    ],
    "hidden": false,
    "name": "Candidates",
    "oid": "1dcf8cdb-823c-4bdf-9489-0e1bdbb587df",
    "relationships": [
        {
            "displayField": "firstName",
            "name": "candidatesCollection",
            "reverseRelationship": "managerObject",
            "targetEntity": "Candidates",
            "type": "incoming"
        },
        {
            "deleteRule": "restrict",
            "exposeAccessor": true,
            "mappingField": "manager",
            "name": "managerObject",
            "reverseRelationship": "candidatesCollection",
            "targetEntity": "Candidates",
            "type": "outgoing"
        }
    ]
}