{
  "title": "",
  "description": "",
  "variables": {
    "backgroundColor": {
      "type": "string",
      "defaultValue": "dark-ocean"
    },
    "columnOptions": {
      "type": "object[]",
      "defaultValue": [
        {
          "headerText": "Id",
          "field": "id"
        },
        {
          "headerText": "First Name",
          "field": "firstName"
        },
        {
          "headerText": "Last Name",
          "field": "lastName"
        },
        {
          "headerText": "Email",
          "field": "email"
        },
        {
          "headerText": "Hire date",
          "field": "hireDate"
        },
        {
          "headerText": "Phone number",
          "field": "phoneNumber"
        },
        {
          "headerText": "Salary",
          "field": "salary"
        }
      ]
    },
    "columns": {
      "type": "object[]",
      "defaultValue": [
        {
          "headerText": "Id",
          "field": "id"
        },
        {
          "headerText": "First Name",
          "field": "firstName"
        },
        {
          "headerText": "Last Name",
          "field": "lastName"
        },
        {
          "headerText": "Email",
          "field": "email"
        },
        {
          "headerText": "Hire date",
          "field": "hireDate"
        },
        {
          "headerText": "Phone number",
          "field": "phoneNumber"
        },
        {
          "headerText": "Salary",
          "field": "salary"
        }
      ]
    },
    "employeeListSDP": {
      "type": "vb/ServiceDataProvider",
      "defaultValue": {
        "endpoint": "businessObjects/getall_Employee",
        "keyAttributes": "id",
        "itemsPath": "items",
        "responseType": "getallEmployeeResponse"
      }
    },
    "illustrationBackground": {
      "type": "string",
      "defaultValue": "https://static.oracle.com/cdn/fnd/gallery/2307.0.2/images/illust-welcome-banner-bg-01.png"
    },
    "illustrationForeground": {
      "type": "string",
      "defaultValue": "https://static.oracle.com/cdn/fnd/gallery/2307.0.2/images/illust-welcome-banner-fg-01.png"
    },
    "imageStretch": {
      "type": "string",
      "defaultValue": "none"
    },
    "menuValue": {
      "type": "string[]",
      "defaultValue": "[[$variables.columns.map(op=>op.field)]]",
      "onValueChanged": {
        "chains": [
          {
            "parameters": {
              "event": "{{ $event }}"
            },
            "chain": "update2"
          }
        ]
      }
    },
    "mobileImage": {
      "type": "string",
      "defaultValue": "on"
    }

  },
  "metadata": {},
  "types": {
    "@decorators.getallEmployeeResponse": {
      "endpoint": "getall_Employee",
      "service": "businessObjects",
      "path": "response"
    },
    "eventType": {
      "oldValue": "string[]",
      "value": "string[]"
    },
    "getallEmployeeResponse": {
      "items": [
        {
          "email": "string",
          "firstName": "string",
          "hireDate": "string",
          "id": "number",
          "lastName": "string",
          "phoneNumber": "string",
          "salary": "number"
        }
      ]
    }

  },
  "eventListeners": {
    "showColumnsHandler": {
      "chains": [
        {

          "parameters": {
            "detail": "{{ $event.detail }}"
          },
          "chain": "show2"
        }
      ]
    },    
    "vbEnter": {
      "chains": [
        {
          "parameters": {},
          "chain": "vbEnterListener"
        }
      ]
    }
  },
  "imports": {
    "components": {
      "oj-button": {
        "path": "ojs/ojbutton"
      },
      "oj-menu": {
        "path": "ojs/ojmenu"
      },
      "oj-menu-button": {
        "path": "ojs/ojbutton"
      },
      "oj-menu-select-many": {
        "path": "ojs/ojmenuselectmany"
      },
      "oj-sp-welcome-page": {
        "path": "oj-sp/welcome-page/loader"
      },
      "oj-table": {
        "path": "ojs/ojtable"
      },
      "oj-toolbar": {
        "path": "ojs/ojtoolbar"
      }
    }
  }
}
