{
  "component-dependencies": {
    "oj-sp": {
      "version": "2410.0.3",
      "components": {
        "messages-banner": "2410.0.3",
        "messages-toast": "2410.0.3",
        "welcome-page": "2410.0.3",
        "simple-create-edit": "2410.0.3",
        "message-unsaved-changes": "2410.0.3"
      }
    },
    "oj-dynamic": {
      "version": "16.1.6",
      "components": {
        "form": "16.1.6"
      }
    },
    "oj-sample": {
      "version": "8.0.0",
      "components": {
        "export-data": "8.0.0"
      }
    }
  }
 }