{
    "paths": {
        "exclude": [
            "build/**",
            "docs/**",
            "scripts/**",
            "tests/**",
            "**/private",
            "+(web|mobile)Apps/**/resources/components/**/lib/*"
        ]
    },
    "rules": {
        "translations.audit.propertyNotTranslated": {
            "enabled": false
        },
        "oj-html-attr-expr-writeback": {
            "description": "An attribute expression uses write-back syntax (\"{{...}}\" but the attribute metadata does not support write-back.",
            "enabled": false
        }
    },
    "auditors": {}
}