{
    "description": "",
    "routerFlow": "main",
    "variables": {
    "currMessage": {
      "type": "messageType"
    },
    "messageADP": {
      "type": "vb/ArrayDataProvider2",
      "defaultValue": {
        "itemType": "messageType",
        "keyAttributes": "id"
      }
    }
    },
    "metadata": {},
    "types": {
    "messageType": {
      "detail": "string",
      "displayMode": "string",
      "id": "string",
      "severity": "string",
      "summary": "string"
    }
    },
    "eventListeners": {
    "vbNotification": {
      "chains": [
        {
          "parameters": {
            "event": "{{ $event }}"
          },
          "chain": "AssignMessage"
        }
      ]
    }
    },
    "imports": {
    "components": {
      "oj-messages": {
        "path": "ojs/ojmessages"
      }
    }
    },
    "translations": {}
  }