{
    "displayLabel": "Country",
    "fields": [
        {
            "displayLabel": "Id",
            "key": true,
            "name": "id",
            "oid": "df3b762d-6777-40cb-b07a-ae5a5b002b39",
            "required": true,
            "type": "number",
            "unique": true
        },
        {
            "displayLabel": "Created",
            "historyType": "timeCreated",
            "name": "creationDate",
            "oid": "81507d6a-5936-4277-9ecf-33a73c8b1726",
            "required": true,
            "type": "datetime"
        },
        {
            "displayLabel": "Last Updated",
            "historyType": "timeUpdated",
            "name": "lastUpdateDate",
            "oid": "19feec1f-1d04-44a8-91f5-e6d17ae832f5",
            "required": true,
            "type": "datetime"
        },
        {
            "displayLabel": "Created By",
            "historyType": "createdBy",
            "name": "createdBy",
            "oid": "93e9232f-94b5-4cbe-8198-2f4e6ef23451",
            "required": true,
            "type": "string"
        },
        {
            "displayLabel": "Last Updated By",
            "historyType": "updatedBy",
            "name": "lastUpdatedBy",
            "oid": "985bcac7-fbb0-4be9-ad0f-215629f35e05",
            "required": true,
            "type": "string"
        },
        {
            "displayLabel": "Version Number",
            "historyType": "versionNumber",
            "name": "versionNumber",
            "oid": "3f9467bf-56c2-4959-9c4e-65133a634d05",
            "type": "number"
        },
        {
            "displayLabel": "countryName",
            "name": "countryName",
            "oid": "f3cd6b96-ad24-481d-855e-84f95f3f613a",
            "required": true,
            "type": "string"
        },
        {
            "displayLabel": "region",
            "name": "region",
            "oid": "e2654208-8808-46db-9f43-2d554a69d614",
            "required": true,
            "type": "number"
        },
        {
            "displayLabel": "countryCode",
            "name": "countryCode",
            "oid": "2925b42a-20d0-46ee-becc-c6186d096659",
            "required": true,
            "type": "string"
        }
    ],
    "hidden": false,
    "name": "Country",
    "oid": "10a44e9f-189c-4deb-816d-566c9785c71f"
}