{
    "openapi": "3.0.0",
    "info": {
        "version": "01.00.0000",
        "title": "XX_AP_INVOIC_REST_VB",
        "x-vb": {
            "serviceType": "ics"
        }
    },
    "servers": [
        {
            "url": "vb-catalog://backends/ics/ic/api/integration/v1/flows/rest"
        }
    ],
    "paths": {
        "/XX_AP_INVOIC_REST_VB/1.0/data/PartnerAP_File": {
            "post": {
                "tags": [
                    "Default Package/XX_AP_INVOIC_REST_VB|01.00.0000",
                    "Default Package"
                ],
                "operationId": "postXX_AP_INVOIC_REST_VB1_0DataPartnerAP_File",
                "parameters": [],
                "requestBody": {
                    "content": {
                        "application/json": {
                            "schema": {
                                "$ref": "#/components/schemas/request-wrapper"
                            }
                        }
                    },
                    "required": false,
                    "x-examples": {
                        "application/json": "{\"pBatchId\":\"234\",\"Id\":\"234\"}"
                    }
                },
                "responses": {
                    "500": {
                        "description": "Faults",
                        "content": {
                            "application/json": {
                                "schema": {
                                    "$ref": "#/components/schemas/APIInvocationError"
                                }
                            }
                        }
                    },
                    "default": {
                        "description": "A sample description of the Response",
                        "content": {
                            "application/json": {
                                "schema": {
                                    "$ref": "#/components/schemas/response-wrapper"
                                },
                                "examples": {
                                    "vb": {
                                        "value": "{\"Status\":\"SUCCEEDED\",\"StatusMessage\":\"SUCCEEDED\"}"
                                    }
                                }
                            }
                        }
                    }
                },
                "security": [
                    {
                        "oauth2Authentication": []
                    },
                    {
                        "basicAuthentication": []
                    }
                ]
            }
        }
    },
    "components": {
        "schemas": {
            "request-wrapper": {
                "type": "object",
                "required": [
                    "Id",
                    "pBatchId"
                ],
                "properties": {
                    "pBatchId": {
                        "type": "string"
                    },
                    "Id": {
                        "type": "string"
                    }
                },
                "example": "{\"pBatchId\":\"234\",\"Id\":\"234\"}"
            },
            "APIInvocationError": {
                "type": "object",
                "required": [
                    "detail",
                    "errorCode",
                    "errorDetails",
                    "title",
                    "type"
                ],
                "properties": {
                    "type": {
                        "type": "string"
                    },
                    "title": {
                        "type": "string"
                    },
                    "detail": {
                        "type": "string"
                    },
                    "errorCode": {
                        "type": "string"
                    },
                    "errorDetails": {
                        "type": "array",
                        "items": {
                            "type": "object",
                            "properties": {
                                "type": {
                                    "type": "string"
                                },
                                "instance": {
                                    "type": "string"
                                },
                                "title": {
                                    "type": "string"
                                },
                                "errorPath": {
                                    "type": "string"
                                },
                                "errorCode": {
                                    "type": "string"
                                }
                            },
                            "required": [
                                "errorCode",
                                "errorPath",
                                "instance",
                                "title",
                                "type"
                            ]
                        },
                        "minItems": 1
                    }
                }
            },
            "response-wrapper": {
                "type": "object",
                "required": [
                    "Status",
                    "StatusMessage"
                ],
                "properties": {
                    "Status": {
                        "type": "string"
                    },
                    "StatusMessage": {
                        "type": "string"
                    }
                },
                "example": "{\"Status\":\"SUCCEEDED\",\"StatusMessage\":\"SUCCEEDED\"}"
            }
        }
    }
}