{
    "displayLabel": "Skill",
    "fields": [
        {
            "displayLabel": "Id",
            "key": true,
            "name": "id",
            "oid": "f1a0efbf-2caa-422d-9ae3-5d5caf1f4f60",
            "required": true,
            "type": "number",
            "unique": true
        },
        {
            "displayLabel": "Created",
            "historyType": "timeCreated",
            "name": "creationDate",
            "oid": "97cf3bf3-023c-47e4-af94-32277fc8c13e",
            "required": true,
            "type": "datetime"
        },
        {
            "displayLabel": "Last Updated",
            "historyType": "timeUpdated",
            "name": "lastUpdateDate",
            "oid": "32469a0f-f201-4c73-8546-96768418b86c",
            "required": true,
            "type": "datetime"
        },
        {
            "displayLabel": "Created By",
            "historyType": "createdBy",
            "name": "createdBy",
            "oid": "5d82fb50-28f7-4b9f-9dd9-0782a24c4428",
            "required": true,
            "type": "string"
        },
        {
            "displayLabel": "Last Updated By",
            "historyType": "updatedBy",
            "name": "lastUpdatedBy",
            "oid": "a23894d8-4059-4778-89e7-5aa4e18a4f2b",
            "required": true,
            "type": "string"
        },
        {
            "displayLabel": "Version Number",
            "historyType": "versionNumber",
            "name": "versionNumber",
            "oid": "d5c006a1-bbd5-4e82-97b9-0b7dc8c8d391",
            "type": "number"
        },
        {
            "displayLabel": "name",
            "name": "name",
            "oid": "fa439da2-cd81-4a00-9517-6842d2298acb",
            "required": true,
            "type": "string"
        }
    ],
    "hidden": false,
    "name": "Skill",
    "oid": "0a82f1f1-705d-4436-9804-af76686210a6"
}