{
    "displayLabel": "Job",
    "fields": [
        {
            "displayLabel": "Id",
            "key": true,
            "name": "id",
            "oid": "45c16ac8-5edf-42f3-bc02-9b46735f4e07",
            "required": true,
            "type": "number",
            "unique": true
        },
        {
            "displayLabel": "Created",
            "historyType": "timeCreated",
            "name": "creationDate",
            "oid": "e506a225-ac61-4333-bce0-71f2783ea910",
            "required": true,
            "type": "datetime"
        },
        {
            "displayLabel": "Last Updated",
            "historyType": "timeUpdated",
            "name": "lastUpdateDate",
            "oid": "52811390-a48f-4f43-b816-5d2298ebab05",
            "required": true,
            "type": "datetime"
        },
        {
            "displayLabel": "Created By",
            "historyType": "createdBy",
            "name": "createdBy",
            "oid": "00a13248-0a2d-4089-8b02-8255cd7ebf42",
            "required": true,
            "type": "string"
        },
        {
            "displayLabel": "Last Updated By",
            "historyType": "updatedBy",
            "name": "lastUpdatedBy",
            "oid": "c0ce5fbc-a951-4fa7-abda-d8b1ea690443",
            "required": true,
            "type": "string"
        },
        {
            "displayLabel": "Version Number",
            "historyType": "versionNumber",
            "name": "versionNumber",
            "oid": "85699ead-df97-4a04-af9a-3096e605ef40",
            "type": "number"
        },
        {
            "displayLabel": "jobTitle",
            "name": "jobTitle",
            "oid": "e1d5485c-a669-4eab-a29b-65531918a483",
            "required": true,
            "type": "string"
        },
        {
            "displayLabel": "minSalary",
            "name": "minSalary",
            "oid": "8a14d7b2-002e-4305-a6b4-a34debeea1cd",
            "required": true,
            "scale": 1,
            "type": "number"
        },
        {
            "displayLabel": "maxSalary",
            "name": "maxSalary",
            "oid": "4e9830d8-a78e-4052-a2da-7ac88d43ff71",
            "required": true,
            "scale": 1,
            "type": "number"
        }
    ],
    "hidden": false,
    "name": "Job",
    "oid": "18df2791-6db4-4d7f-bb7d-ce5a49c755ae",
    "relationships": [
        {
            "displayField": "jobTitle",
            "exposeAccessor": true,
            "mappingField": "id",
            "name": "employeeCollection",
            "reverseRelationship": "jobObject",
            "targetEntity": "Employee",
            "type": "incoming"
        }
    ]
}