{
    "fields": [
        {
            "displayLabel": "Id",
            "key": true,
            "name": "id",
            "oid": "3c2056ff-5fe6-4d48-b6b1-bf2dfc59727e",
            "required": true,
            "type": "number",
            "unique": true
        },
        {
            "displayLabel": "Created",
            "name": "creationDate",
            "oid": "61016f9b-b883-4bdc-884c-61c2f2100426",
            "type": "datetime",
            "historyType": "timeCreated"
        },
        {
            "displayLabel": "Last Updated",
            "name": "lastUpdateDate",
            "oid": "56439e08-f6f2-4427-a7c7-4c499d52ef90",
            "type": "datetime",
            "historyType": "timeUpdated"
        },
        {
            "displayLabel": "Created By",
            "name": "createdBy",
            "oid": "523d7656-8d48-4ba8-873f-cdd59c2e2ef2",
            "type": "string",
            "historyType": "createdBy"
        },
        {
            "displayLabel": "Last Updated By",
            "name": "lastUpdatedBy",
            "oid": "41aa7159-d919-4a5e-9b09-ed85804698d9",
            "type": "string",
            "historyType": "updatedBy"
        },
{
            "displayLabel": "Version Number",
            "name": "abcsChangeNumber",
            "oid": "a29e632a-858a-4a35-bdda-b7c743c33af3",
            "type": "number",
            "historyType": "versionNumber"
        },
        {
            "type": "string",
            "name": "description",
            "oid": "41a0f930-b56f-440d-a7da-880eeef390f4",
            "displayLabel": "Description",
            "required": true,
            "minLength": 15,
            "defaultValue": {
                "server": {
                    "type": "static",
                    "value": "Audit made by xxxxx on  zzzzz"
                }
            },
            "maxLength": 60
        }        ,
        {
            "type": "string",
            "name": "draftFinal",
            "oid": "225be441-7a0e-42da-8b5a-e2fdcef8b940",
            "displayLabel": "Draft Final",
            "maxLength": 1,
            "minLength": 1,
            "defaultValue": {
                "server": {
                    "type": "static",
                    "value": "D"
                }
            }
        }        ,
        {
            "type": "string",
            "name": "comments",
            "oid": "75c94c97-8fce-4607-bdc2-aa8e5419da23",
            "displayLabel": "Comments"
        }        ,
        {
            "type": "string",
            "name": "auditBy",
            "oid": "af403f42-9b10-4969-bdec-40747c542623",
            "displayLabel": "Audit By"
        }        ,
        {
            "type": "string",
            "name": "auditComments",
            "oid": "d585f860-d79d-4b6f-b23f-2f9627f1c36a",
            "displayLabel": "Audit Comments"
        }        ,
        {
            "type": "date",
            "name": "auditDate",
            "oid": "709d5b13-b5ee-4c68-8bda-f43d9e8f9f9a",
            "displayLabel": "Audit Date",
            "defaultValue": {
                "server": {
                    "type": "groovy",
                    "value": "creationDate"
                }
            }
        }        ,
        {
            "type": "number",
            "defaultValue": {
                "server": {
                    "type": "static",
                    "value": 2022
                }
            },
            "name": "year",
            "oid": "3e3de6cd-70cc-4318-905e-6d9d6ac64db0",
            "displayLabel": "Year",
            "maximum": 2035,
            "minimum": 2015,
            "precision": 4,
            "scale": 0
        }
    ],
    "name": "ServiceLicensesHHead",
    "oid": "41a2a751-ff22-4ebf-9c16-99c094342535",
    "displayLabel": "ServiceLicensesHHead",
    "relationships": [
        {
            "name": "serviceLicensesHDetCollection",
            "reverseRelationship": "serviceLicensesHHeadObject",
            "targetEntity": "ServiceLicensesHDet",
            "type": "incoming",
            "exposeAccessor": false,
            "displayField": "description"
        }
    ]
}