{
  "title": "",
  "description": "",
  "variables": {
    "avatar": {
      "type": {
        "initials": "string",
        "src": "string"
      },
      "defaultValue": {
        "initials": "",
        "src": ""
      }
    },
    "contextualInfoLabelVisible": {
      "type": "boolean",
      "defaultValue": false
    },
    "contextualInfoSticky": {
      "type": "boolean",
      "defaultValue": false
    },
    "dirtyDataFlag": {
      "type": "boolean",
      "defaultValue": false
    },
    "dirtyDialogOpen": {
      "type": "boolean",
      "defaultValue": false
    },
    "displayMode": {
      "type": "string"
    },
    "formState": {
      "type": "string",
      "defaultValue": ""
    },
    "goToParentOption": {
      "type": "boolean",
      "defaultValue": true
    },
    "isSaved": {
      "type": "boolean",
      "defaultValue": false
    },
    "objectId": {
      "type": "string",
      "defaultValue": "",
      "onValueChanged": {
        "chains": [
          {
            "chain": "loadPurchaseRequisitionsLinesChain",
            "parameters": {
              "purchaseRequisitionsId": "{{ $variables.objectId }}",
              "purchaseRequisitionsLinesId": "{{ $variables.objectId }}"
            }
          }
        ]
      },
      "description": "NOT USED"
    },
    "pLineId": {
      "type": "string",
      "required": true,
      "input": "fromUrl"
    },
    "pPoLine": {
      "type": "string",
      "required": true,
      "input": "fromUrl"
    },
    "pPoReq": {
      "type": "string",
      "required": true,
      "input": "fromUrl"
    },
    "pReqId": {
      "type": "string",
      "required": true,
      "input": "fromUrl"
    },
    "primaryAlwaysOn": {
      "type": "boolean",
      "defaultValue": false
    },
    "purchaseRequisitionsLines": {
      "type": "getPurchaseRequisitionsLinesResponse"
    },
    "saveOption": {
      "type": "string",
      "defaultValue": "off"
    }

  },
  "metadata": {},
  "types": {
    "@decorators.getPurchaseRequisitionsLinesResponse": {
      "endpoint": "get_purchaseRequisitions-lines",
      "service": "sn_pr_01",
      "path": "response"
    },
    "getPurchaseRequisitionsLinesResponse": {
      "CategoryName": "string",
      "CostCenter": "string",
      "DeliverToLocationCode": "string",
      "DestinationOrganization": "string",
      "DestinationOrganizationCode": "string",
      "DestinationType": "string",
      "DestinationTypeCode": "string",
      "DFF": {
        "items": [
          {
            "demoRedwood": "string"
          }
        ]
      },
      "Item": "string",
      "ItemDescription": "string",
      "LineImageURL": "string",
      "LineNumber": "number",
      "LineStatus": "string",
      "LineStatusDisplayValue": "string",
      "LineType": "string",
      "Price": "number",
      "ProcurementBU": "string",
      "ProductCategory": "string",
      "ProductType": "string",
      "ProductTypeCode": "string",
      "Quantity": "number",
      "Requester": "string",
      "SourceOrganization": "string",
      "SourceOrganizationCode": "string",
      "SourceType": "string",
      "Supplier": "string",
      "SupplierSite": "string",
      "UnitPrice": "number",
      "UOM": "string"
    }
  },
  "eventListeners": {
    "confirmNoOjAction": {
      "chains": [
        {
          "chain": "dialogResponseChain",
          "parameters": {
            "detail": "{{ $event.detail }}",
            "response": "NO"
          }
        }
      ]
    },
    "confirmYesOjAction": {
      "chains": [
        {
          "chain": "dialogResponseChain",
          "parameters": {
            "detail": "{{ $event.detail }}",
            "response": "YES"
          }
        }
      ]
    },
    "ojdynamicFormTransientValueChangeChain": {
      "chains": [
        {
          "chain": "dynamicFormTransientValueChangeChain",
          "parameters": {
            "detail": "{{ $event.detail}}"
          }
        }
      ]
    },
    "ojSpCancel": {
      "chains": [
        {
          "chain": "spCancelChain",
          "parameters": {
            "detail": "{{ $event.detail }}"
          }
        }
      ]
    },
    "ojSpGoToParent": {
      "chains": [
        {
          "chain": "goToParent",
          "parameters": {}
        }
      ]
    },
    "ojSpSave": {
      "chains": [
        {
          "chain": "spSaveChain"
        }
      ]
    },
    "ojSpSubmit": {
      "chains": [
        {
          "chain": "spSubmitChain",
          "parameters": {
            "detail": "{{ $event.detail }}"
          }
        }
      ]
    },
    "vbBeforeExit": {
      "chains": [
        {
          "chain": "checkBeforeExit",
          "parameters": {}
        }
      ]
    },
    "vbEnter": {
      "chains": [
        {
          "chain": "loadPurchaseRequisitionsLinesChain",
          "parameters": {
            "purchaseRequisitionsId": "{{ $variables.pReqId }}",
            "purchaseRequisitionsLinesId": "{{ $variables.pLineId }}"
          }
        }
      ]
    }
  },
  "imports": {
    "components": {
      "oj-dynamic-form": {
        "path": "oj-dynamic/form/loader"
      },
      "oj-form-layout": {
        "path": "ojs/ojformlayout"
      },
      "oj-input-number": {
        "path": "ojs/ojinputnumber"
      },
      "oj-input-text": {
        "path": "ojs/ojinputtext"
      },
      "oj-sp-message-unsaved-changes": {
        "path": "oj-sp/message-unsaved-changes/loader"
      },
      "oj-sp-simple-create-edit": {
        "path": "oj-sp/simple-create-edit/loader"
      }
    },
    "modules": {
      "ojValidationBase": {
        "path": "ojs/ojvalidation-base"
      }
    }
  },
  "@dt": {
    "iconClass": "vbdt-dynamic-icon-13-icoSimpleCreateAndEdit48Svg"
  }
}
