{
  "title": "",
  "description": "",
  "variables": {
    "departmentListSDP": {
      "type": "vb/ServiceDataProvider",
      "defaultValue": {
        "endpoint": "businessObjects/getall_Department",
        "keyAttributes": "id",
        "itemsPath": "items",
        "responseType": "getallDepartmentResponse"
      }
    },
    "employeeListSDP": {
      "type": "vb/ServiceDataProvider",
      "defaultValue": {
        "endpoint": "businessObjects/getall_Employee",
        "keyAttributes": "id",
        "itemsPath": "items",
        "responseType": "getallEmployeeResponse",
        "uriParameters": {
          "orderBy": "salary:desc",
          "limit": "5"
        }
      }
    },
    "gridLayout": {
      "type": "string",
      "defaultValue": "above-fold"
    },
    "kpisADP": {
      "type": "vb/ArrayDataProvider2",
      "defaultValue": {
        "data": "{{ $page.variables.kpisArray }}",
        "itemType": "object",
        "keyAttributes": "id"
      }
    },
    "kpisArray": {
      "type": "object[]",
      "defaultValue": [
        {
          "id": "KPI_1_id",
          "title": "Total Salary Departments",
          "metric": "Total Salary Departments",
          "meta": "Metadata 1"
        },
        {
          "id": "KPI_2_id",
          "title": "Top 5 Employees",
          "metric": "Top 5 Employees",
          "meta": "Metadata 2"
        }
      ]
    },
    "primaryAction": {
      "type": "actionType"
    },
    "selectedKpi": {
      "type": "string",
      "defaultValue": "KPI_1_id"
    }

  },
  "metadata": {},
  "types": {
    "@decorators.getallDepartmentResponse": {
      "endpoint": "getall_Department",
      "service": "businessObjects",
      "path": "response"
    },
    "@decorators.getallEmployeeResponse": {
      "endpoint": "getall_Employee",
      "service": "businessObjects",
      "path": "response"
    },
    "actionType": {
      "label": "string",
      "display": "string"
    },
    "getallDepartmentResponse": {
      "items": [
        {
          "departmentName": "string",
          "id": "number",
          "totalSalaryDept": "number"
        }
      ]
    },
    "getallEmployeeResponse": {
      "items": [
        {
          "firstName": "string",
          "id": "number",
          "lastName": "string",
          "salary": "number"
        }
      ]
    }
  },
  "eventListeners": {
    "vbEnter": {
      "chains": [
        {
          "chain": "loadKpisDataChain",
          "parameters": {}
        }
      ]
    }
  },
  "imports": {
    "components": {
      "oj-chart": {
        "path": "ojs/ojchart"
      },
      "oj-chart-item": {
        "path": "ojs/ojchart"
      },
      "oj-defer": {
        "path": "ojs/ojdefer"
      },
      "oj-sp-dashboard-grid": {
        "path": "oj-sp/dashboard-grid/loader"
      },
      "oj-sp-dashboard-landing-page": {
        "path": "oj-sp/dashboard-landing-page/loader"
      },
      "oj-sp-dashboard-panel": {
        "path": "oj-sp/dashboard-panel/loader"
      },
      "oj-sp-scoreboard": {
        "path": "oj-sp/scoreboard/loader"
      },
      "oj-switcher": {
        "path": "ojs/ojswitcher"
      }

    }
  }
}
