{
  "title": "",
  "description": "",
  "variables": {
    "backgroundColor": {
      "type": "string",
      "defaultValue": "dark-ocean"
    },
    "distributionsListSDP": {
      "type": "vb/ServiceDataProvider",
      "defaultValue": {
        "endpoint": "sn_pr_01/getall_purchaseRequisitions-lines-distributions",
        "keyAttributes": "RequisitionDistributionId",
        "itemsPath": "items",
        "responseType": "getallPurchaseRequisitionsLinesDistributionsResponse",
        "uriParameters": {
          "purchaseRequisitions_Id": "{{ $variables.varPO_REQ_iD }}",
          "purchaseRequisitions_lines_Id": "{{ $variables.varPO_REQ_LINE_ID }}"
        }
      }
    },
    "illustrationBackground": {
      "type": "string",
      "defaultValue": "https://static.oracle.com/cdn/fnd/gallery/2307.0.2/images/illust-welcome-banner-bg-01.png"
    },
    "illustrationForeground": {
      "type": "string",
      "defaultValue": "https://static.oracle.com/cdn/fnd/gallery/2307.0.2/images/illust-welcome-banner-fg-01.png"
    },
    "imageStretch": {
      "type": "string",
      "defaultValue": "none"
    },
    "linesListSDP": {
      "type": "vb/ServiceDataProvider",
      "defaultValue": {
        "endpoint": "sn_pr_01/getall_purchaseRequisitions-lines",
        "keyAttributes": "RequisitionLineId",
        "itemsPath": "items",
        "responseType": "getallPurchaseRequisitionsLinesResponse",
        "uriParameters": {
          "purchaseRequisitions_Id": "{{ $variables.varPO_REQ_iD }}",
          "onlyData": true
        }
      }
    },
    "mobileImage": {
      "type": "string",
      "defaultValue": "on"
    },
    "oj_table_1896815765_1SelectedId": {
      "type": "string",
      "defaultValue": ""
    },
    "purchaseRequisitionsListSDP": {
      "type": "vb/ServiceDataProvider",
      "defaultValue": {
        "endpoint": "sn_pr_01/getall_purchaseRequisitions",
        "keyAttributes": "RequisitionHeaderId",
        "itemsPath": "items",
        "responseType": "getallPurchaseRequisitionsResponse",
        "filterCriterion": {
          "op": "$co",
          "attribute": "Requisition",
          "value": "{{ $variables.varSearch }}"
        }
      }
    },
    "suppliers": {
      "type": "getSuppliersResponse"
    },
    "varLine": {
      "type": "string"
    },
    "varOpenedDrawer": {
      "type": "boolean",
      "defaultValue": false
    },
    "varPO_REQ_iD": {
      "type": "string"
    },
    "varPO_REQ_LINE_ID": {
      "type": "string"
    },
    "varReq": {
      "type": "string"
    },
    "varSearch": {
      "type": "string",
      "defaultValue": "20363"
    },
    "varVendorId": {
      "type": "string",
      "onValueChanged": {
        "chains": [
          {
            "chain": "loadSuppliersChain",
            "parameters": {
              "suppliersId": "{{ $variables.varVendorId }}"
            }
          }
        ]
      }
    }

  },
  "metadata": {},
  "types": {
    "@decorators.getallPurchaseRequisitionsLinesDistributionsResponse": {
      "endpoint": "getall_purchaseRequisitions-lines-distributions",
      "service": "sn_pr_01",
      "path": "response"
    },
    "@decorators.getallPurchaseRequisitionsLinesDistributionsResponse2": {
      "endpoint": "getall_purchaseRequisitions-lines-distributions",
      "service": "sn_pr_01",
      "path": "response"
    },
    "@decorators.getallPurchaseRequisitionsLinesResponse": {
      "endpoint": "getall_purchaseRequisitions-lines",
      "service": "sn_pr_01",
      "path": "response"
    },
    "@decorators.getallPurchaseRequisitionsResponse": {
      "endpoint": "getall_purchaseRequisitions",
      "service": "sn_pr_01",
      "path": "response"
    },
    "@decorators.getSuppliersResponse": {
      "endpoint": "get_suppliers",
      "service": "sn_supp_01",
      "path": "response"
    },
    "getallPurchaseRequisitionsLinesDistributionsResponse": {
      "items": [
        {
          "ChargeAccount": "string",
          "CurrencyAmount": "number",
          "DistributionNumber": "number",
          "Quantity": "number",
          "RequisitionDistributionId": "number",
          "RequisitionLineId": "number"
        }
      ]
    },
    "getallPurchaseRequisitionsLinesDistributionsResponse2": {
      "items": [
        {
          "ChargeAccount": "string",
          "CurrencyAmount": "number",
          "DistributionNumber": "number",
          "Quantity": "number",
          "RequisitionDistributionId": "number",
          "RequisitionLineId": "number"
        }
      ]
    },
    "getallPurchaseRequisitionsLinesResponse": {
      "items": [
        {
          "Amount": "number",
          "Currency": "string",
          "CurrencyAmount": "number",
          "DeliverToLocationCode": "string",
          "DestinationOrganization": "string",
          "DestinationOrganizationCode": "string",
          "DestinationType": "string",
          "DFF": {
            "items": [
              {
                "demoRedwood": "string"
              }
            ]
          },
          "Item": "string",
          "ItemDescription": "string",
          "ItemId": "number",
          "LineImageURL": "string",
          "LineNumber": "number",
          "LineStatus": "string",
          "LineType": "string",
          "POLineId": "number",
          "Price": "number",
          "ProcurementBU": "string",
          "ProcurementBUId": "number",
          "ProductType": "string",
          "ProductTypeCode": "string",
          "Quantity": "number",
          "Requester": "string",
          "RequisitionHeaderId": "number",
          "RequisitionLineId": "number",
          "Supplier": "string",
          "SupplierId": "number",
          "SupplierSite": "string"

        }
      ]
    },
    "getallPurchaseRequisitionsResponse": {
      "items": [
        {
          "ApprovedByEmail": "string",
          "ApprovedDate": "string",
          "Description": "string",
          "DFF": {
            "items": [
              {
                "demoRedwood": "string"
              }
            ]
          },
          "DocumentStatus": "string",
          "Justification": "string",
          "Preparer": "string",
          "Requisition": "string",
          "RequisitionHeaderId": "number",
          "RequisitioningBU": "string",
          "SubmissionDate": "string"

        }
      ]
    },
    "getSuppliersResponse": {
      "BusinessRelationship": "string",
      "sites": {
        "items": [
          {
            "PayGroup": "string",
            "PaymentTerms": "string",
            "SitePurposePurchasingFlag": "boolean",
            "SupplierSite": "string"
          }
        ]
      },
      "Status": "string",
      "Supplier": "string",
      "SupplierNumber": "string",
      "SupplierType": "string",
      "TaxOrganizationType": "string",
      "TaxpayerId": "string",
      "TaxRegistrationCountry": "string",
      "TaxRegistrationNumber": "string"
    }

  },
  "eventListeners": {
    "buttonAction": {
      "chains": [
        {
          "chain": "EnableDrawer"
        }
      ]
    },
    "purchaseRequisitionsLinesDetailButtonClicked": {
      "chains": [
        {
          "chain": "navigateToPR_LinesDetailChain",
          "parameters": {
            "purchaseRequisitionsLinesId": "[[ $variables.oj_table_1896815765_1SelectedId ]]"
          }
        }
      ]
    },
    "tableFirstSelectedRow": {
      "chains": [
        {
          "chain": "TableFirstSelectedRowChangeChain",
          "parameters": {
            "rowKey": "{{$event.detail.value.key}}",
            "rowData": "{{$event.detail.value.data}}"
          }
        }
      ]
    },
    "tableFirstSelectedRow2": {
      "chains": [
        {
          "chain": "TableFirstSelectedRowChangeChain1",
          "parameters": {
            "rowKey": "{{$event.detail.value.key}}",
            "rowData": "{{$event.detail.value.data}}"
          }
        }
      ]
    },
    "tableFirstSelectedRow3": {
      "chains": [
{
          "chain": "TableFirstSelectedRowChangeChain2",
          "parameters": {
            "rowKey": "{{$event.detail.value.key}}",
            "rowData": "{{$event.detail.value.data}}"
          }
        },
        {
          "chain": "ojTable18968157651ChangeSelectionChain",
          "parameters": {
            "purchaseRequisitionsLinesId": "[[ $event.detail.value.key || '' ]]"
          }
        }
      ]
    }

  },
  "imports": {
    "components": {
      "oj-button": {
        "path": "ojs/ojbutton"
      },
      "oj-drawer-popup": {
        "path": "ojs/ojdrawerpopup"
      },
      "oj-form-layout": {
        "path": "ojs/ojformlayout"
      },
      "oj-input-date": {
        "path": "ojs/ojdatetimepicker"
      },
      "oj-input-number": {
        "path": "ojs/ojinputnumber"
      },
      "oj-input-search": {
        "path": "ojs/ojinputsearch"
      },
      "oj-input-text": {
        "path": "ojs/ojinputtext"
      },
      "oj-sp-welcome-page": {
        "path": "oj-sp/welcome-page/loader"
      },
      "oj-switch": {
        "path": "ojs/ojswitch"
      },
      "oj-table": {
        "path": "ojs/ojtable"
      },
      "oj-toolbar": {
        "path": "ojs/ojtoolbar"
      }

    },
    "modules": {
      "ojValidationBase": {
        "path": "ojs/ojvalidation-base"
      },
      "ojValidationDateTime": {
        "path": "ojs/ojvalidation-datetime"
      },
      "ojValidationNumber": {
        "path": "ojs/ojvalidation-number"
      }
    }
  }
}
