{
    "displayLabel": "Department",
    "fields": [
        {
            "displayLabel": "Id",
            "key": true,
            "name": "id",
            "oid": "fb18b05d-48de-4de5-9b75-da9338bb4637",
            "required": true,
            "type": "number",
            "unique": true
        },
        {
            "displayLabel": "Created",
            "historyType": "timeCreated",
            "name": "creationDate",
            "oid": "1eded151-6f3b-4197-a712-0e7cff758cd2",
            "required": true,
            "type": "datetime"
        },
        {
            "displayLabel": "Last Updated",
            "historyType": "timeUpdated",
            "name": "lastUpdateDate",
            "oid": "6d31f4c8-5ecc-4e87-bfc1-807996d927cb",
            "required": true,
            "type": "datetime"
        },
        {
            "displayLabel": "Created By",
            "historyType": "createdBy",
            "name": "createdBy",
            "oid": "8b560c4e-ebfa-4438-a829-b3c334ef9010",
            "required": true,
            "type": "string"
        },
        {
            "displayLabel": "Last Updated By",
            "historyType": "updatedBy",
            "name": "lastUpdatedBy",
            "oid": "ba77ade5-fb5e-4d75-8faf-0e5161c4eaf1",
            "required": true,
            "type": "string"
        },
        {
            "displayLabel": "Version Number",
            "historyType": "versionNumber",
            "name": "versionNumber",
            "oid": "f6f31c08-2f5b-49c5-8730-1607aa5668b1",
            "type": "number"
        },
        {
            "displayLabel": "departmentName",
            "name": "departmentName",
            "oid": "c87af9d9-0267-4312-9b48-9e280ceee7f4",
            "required": true,
            "type": "string"
        },
        {
            "displayLabel": "manager",
            "name": "manager",
            "oid": "64f9302a-c5d5-4336-a6a9-edfb7c4fd197",
            "required": false,
            "type": "number"
        },
        {
            "displayLabel": "location",
            "name": "location",
            "oid": "48bb23e7-6dcb-4fb8-9273-0d36e451d55e",
            "required": true,
            "type": "number"
        }
    ],
    "hidden": false,
    "name": "Department",
    "oid": "7bb0bb91-c0ae-4eae-973a-cb11a1b6ad86",
    "relationships": [
        {
            "displayField": "departmentName",
            "exposeAccessor": true,
            "mappingField": "id",
            "name": "employeeCollection",
            "reverseRelationship": "departmentObject",
            "targetEntity": "Employee",
            "type": "incoming"
        }
    ]
}