{
  "title": "",
  "description": "",
  "variables": {
    "backgroundColor": {
      "type": "string",
      "defaultValue": "dark-ocean"
    },
    "billToCustomerListSDP": {
      "type": "vb/ServiceDataProvider",
      "defaultValue": {
        "endpoint": "sn_salesOrdersForOrderHub/getall_salesOrdersForOrderHub-lines-billToCustomer",
        "keyAttributes": "AddressId",
        "itemsPath": "items",
        "responseType": "getallSalesOrdersForOrderHubLinesBillToCustomerResponse",
        "uriParameters": {
          "salesOrdersForOrderHub_Id": "{{ $variables.pOrder }}",
          "salesOrdersForOrderHub_lines_Id": "{{ $variables.pHash }}"
        }
      }
    },
    "illustrationBackground": {
      "type": "string",
      "defaultValue": "https://static.oracle.com/cdn/fnd/gallery/2307.0.2/images/illust-welcome-banner-bg-01.png"
    },
    "illustrationForeground": {
      "type": "string",
      "defaultValue": "https://static.oracle.com/cdn/fnd/gallery/2307.0.2/images/illust-welcome-banner-fg-01.png"
    },
    "imageStretch": {
      "type": "string",
      "defaultValue": "none"
    },
    "mobileImage": {
      "type": "string",
      "defaultValue": "on"
    },
    "pHash": {
      "type": "string",
      "input": "fromCaller"
    },
    "pLineNumber": {
      "type": "string",
      "input": "fromCaller"
    },
    "pOrder": {
      "type": "string",
      "input": "fromCaller"
    }
  },
  "metadata": {},
  "types": {
    "@decorators.getallSalesOrdersForOrderHubLinesBillToCustomerResponse": {
      "endpoint": "getall_salesOrdersForOrderHub-lines-billToCustomer",
      "service": "sn_salesOrdersForOrderHub",
      "path": "response"
    },
    "getallSalesOrdersForOrderHubLinesBillToCustomerResponse": {
      "items": [
        {
          "AccountNumber": "string",
          "Address1": "string",
          "Address2": "string",
          "AddressId": "number",
          "City": "string",
          "ContactName": "string",
          "ContactNumber": "string",
          "Country": "string",
          "PartyName": "string",
          "PostalCode": "string",
          "State": "string"
        }
      ]
    }
  },
  "eventListeners": {
    "ojSpWp1SpInFlowBack": {
      "chains": [
        {
          "chain": "WelcomePageTemplateSpInFlowBackChain"
        }
      ]
    },
    "ojSpWp1SpPrimaryAction": {
      "chains": [
        {
          "chain": "WelcomePageTemplateSpPrimaryActionChain"
        }
      ]
    }
  },
  "imports": {
    "components": {
      "oj-sp-welcome-page": {
        "path": "oj-sp/welcome-page/loader"
      },
      "oj-table": {
        "path": "ojs/ojtable"
      }
    }
  },
  "@dt": {
    "iconClass": "vbdt-dynamic-icon-15-icoWelcomePageTemplate48Svg"
  }
}
