{
  "title": "",
  "description": "",
  "variables": {
    "backgroundColor": {
      "type": "string",
      "defaultValue": "dark-ocean"
    },
    "finBusinessUnitsLOVListSDP": {
      "type": "vb/ServiceDataProvider",
      "defaultValue": {
        "endpoint": "sn_bus/getall_finBusinessUnitsLOV",
        "keyAttributes": "BusinessUnitId",
        "itemsPath": "items",
        "responseType": "getallFinBusinessUnitsLOVResponse",
        "transformsContext": {
          "vb-textFilterAttributes": [
            "BusinessUnitName"
          ]
        }
      }
    },
    "illustrationBackground": {
      "type": "string",
      "defaultValue": "https://static.oracle.com/cdn/fnd/gallery/2307.0.2/images/illust-welcome-banner-bg-01.png"
    },
    "illustrationForeground": {
      "type": "string",
      "defaultValue": "https://static.oracle.com/cdn/fnd/gallery/2307.0.2/images/illust-welcome-banner-fg-01.png"
    },
    "imageStretch": {
      "type": "string",
      "defaultValue": "none"
    },
    "mobileImage": {
      "type": "string",
      "defaultValue": "on"
    },
    "salesOrdersForOrderHubListSDP": {
      "type": "vb/ServiceDataProvider",
      "defaultValue": {
        "endpoint": "sn_salesOrdersForOrderHub/getall_salesOrdersForOrderHub",
        "keyAttributes": "HeaderId",
        "itemsPath": "items",
        "responseType": "getallSalesOrdersForOrderHubResponse",
        "filterCriterion": {
          "op": "$and",
          "criteria": [
            {
              "op": "$eq",
              "attribute": "BusinessUnitId",
              "value": "{{ $variables.varBuId }}"
            },
            {
              "op": "$co",
              "attribute": "OrderNumber",
              "value": "{{ $variables.varSearch }}"
            }
          ]
        }
      }
    },
    "varBuId": {
      "type": "number"
    },
    "varHeaderId": {
      "type": "string"
    },
    "varOrderKey": {
      "type": "string"
    },
    "varOrderNumber": {
      "type": "string"
    },
    "varSearch": {
      "type": "string",
      "defaultValue": "%"
    }

  },
  "metadata": {},
  "types": {
    "@decorators.getallFinBusinessUnitsLOVResponse": {
      "endpoint": "getall_finBusinessUnitsLOV",
      "service": "sn_bus",
      "path": "response"
    },
    "@decorators.getallSalesOrdersForOrderHubResponse": {
      "endpoint": "getall_salesOrdersForOrderHub",
      "service": "sn_salesOrdersForOrderHub",
      "path": "response"
    },
    "getallFinBusinessUnitsLOVResponse": {
      "items": [
        {
          "BusinessUnitId": "number",
          "BusinessUnitName": "string",
          "PrimaryLedgerId": "string"
        }
      ]
    },
    "getallSalesOrdersForOrderHubResponse": {
      "items": [
        {
          "BusinessUnitId": "number",
          "BusinessUnitName": "string",
          "BuyingPartyName": "string",
          "BuyingPartyNumber": "string",
          "CanceledFlag": "boolean",
          "Comments": "string",
          "CreationDate": "string",
          "CustomerPONumber": "string",
          "FreightTerms": "string",
          "HeaderId": "number",
          "OnHoldFlag": "boolean",
          "OpenFlag": "boolean",
          "OrderKey": "string",
          "OrderNumber": "string",
          "PaymentTerms": "string",
          "RequestedShipDate": "string",
          "RequestingBusinessUnitName": "string",
          "RequestingLegalEntity": "string",
          "ShippingCarrier": "string",
          "ShippingMode": "string",
          "SourceTransactionNumber": "string",
          "SourceTransactionSystem": "string",
          "Status": "string",
          "SubmittedDate": "string",
          "SupplierName": "string",
          "SupplierSiteName": "string",
          "TransactionOn": "string",
          "TransactionType": "string"

        }
      ]
    }

  },
  "eventListeners": {
    "ojSpWp1SpPrimaryAction": {
      "chains": [
        {
          "chain": "WelcomePageTemplateSpPAC"
        }
      ]
    },
    "ojSpWp1SpSecondaryAction": {
      "chains": [
        {
          "chain": "WelcomePageTemplateSpSAC",
          "parameters": {
            "actionId": "{{ $event.detail.actionId }}"
          }
        }
      ]
    },
    "tableFirstSelectedRow": {
      "chains": [
        {
          "chain": "TableFirstSelectedRowChangeChain",
          "parameters": {
            "rowKey": "{{$event.detail.value.key}}",
            "rowData": "{{$event.detail.value.data}}"
          }
        }
      ]
    }
  },
  "imports": {
    "components": {
      "oj-input-search": {
        "path": "ojs/ojinputsearch"
      },
      "oj-select-single": {
        "path": "ojs/ojselectsingle"
      },
      "oj-sp-welcome-page": {
        "path": "oj-sp/welcome-page/loader"
      },
      "oj-table": {
        "path": "ojs/ojtable"
      }

    }
  },
  "security": {
    "access": {
      "requiresAuthentication": false
    }
  }
}
