{
    "displayLabel": "Region",
    "fields": [
        {
            "displayLabel": "Id",
            "key": true,
            "name": "id",
            "oid": "d27ed4af-8995-4085-a41d-9cb234b4ed92",
            "required": true,
            "type": "number",
            "unique": true
        },
        {
            "displayLabel": "Created",
            "historyType": "timeCreated",
            "name": "creationDate",
            "oid": "436f39ea-9859-4dc8-9b09-3f31cb10eef6",
            "required": true,
            "type": "datetime"
        },
        {
            "displayLabel": "Last Updated",
            "historyType": "timeUpdated",
            "name": "lastUpdateDate",
            "oid": "ad5f64e9-0f56-4a9a-a48d-f30296e9f07b",
            "required": true,
            "type": "datetime"
        },
        {
            "displayLabel": "Created By",
            "historyType": "createdBy",
            "name": "createdBy",
            "oid": "e94abdb7-8071-4a59-aaf8-316303b36665",
            "required": true,
            "type": "string"
        },
        {
            "displayLabel": "Last Updated By",
            "historyType": "updatedBy",
            "name": "lastUpdatedBy",
            "oid": "a2ff7b18-68f3-4380-8f0d-66a10e7b06b2",
            "required": true,
            "type": "string"
        },
        {
            "displayLabel": "Version Number",
            "historyType": "versionNumber",
            "name": "versionNumber",
            "oid": "3446c1b0-f655-4bfe-b7eb-ee33cea6af83",
            "type": "number"
        },
        {
            "displayLabel": "regionName",
            "name": "regionName",
            "oid": "0002538a-a0d4-4d68-9f7d-cfd44dd0e897",
            "required": true,
            "type": "string"
        }
    ],
    "hidden": false,
    "name": "Region",
    "oid": "46175f84-d781-4f5b-9054-8e7259b642db"
}