{
  "title": "",
  "description": "",
  "variables": {
    "animate": {
      "type": "string",
      "defaultValue": "auto"
    },
    "bidirectionalNavigation": {
      "type": "boolean",
      "defaultValue": true,
      "input": "fromCaller"
    },
    "displayMode": {
      "type": "string"
    },
    "goToParent": {
      "type": "boolean",
      "defaultValue": true,
      "input": "fromCaller"
    },
    "nextStep": {
      "type": "any",
      "defaultValue": {}
    },
    "pageTitle": {
      "type": "string",
      "defaultValue": "Horizontal Overview Title"
    },
    "panelOneTitle": {
      "type": "string",
      "defaultValue": "Panel one title"
    },
    "panelTwoTitle": {
      "type": "string",
      "defaultValue": "Panel two title"
    },
    "paramEmpId": {
      "type": "string",
      "input": "fromUrl"
    },
    "parentPage": {
      "type": "string",
      "input": "fromCaller"
    },
    "previousStep": {
      "type": "any"
    },
    "rowIndex": {
      "type": "number",
      "input": "fromUrl",
      "description": "Zero-based index referring to the current row",
      "onValueChanged": {
        "chains": [
          {
            "chainId": "fetchChain",
            "parameters": {
              "limit": 3,
              "offset": "{{ $page.variables.rowIndex > 0 ? ($page.variables.rowIndex - 1) : 0 }}"
            }
          }
        ]
      }
    },
    "selectedPanel": {
      "type": "number",
      "input": "fromUrl"
    },
    "varEmp": {
      "type": "get_Employee"
    }

  },
  "metadata": {},
  "types": {
    "@decorators.get_Employee": {
      "endpoint": "get_Employee",
      "service": "businessObjects",
      "path": "response"
    },
    "get_Employee": {
      "commissionPct": "number",
      "createdBy": "string",
      "creationDate": "string",
      "department": "number",
      "email": "string",
      "firstName": "string",
      "hireDate": "string",
      "id": "number",
      "job": "number",
      "lastName": "string",
      "lastUpdateDate": "string",
      "lastUpdatedBy": "string",
      "manager": "number",
      "phoneNumber": "string",
      "salary": "number"
    }
  },
  "eventListeners": {
    "onSpGoToParent": {
      "chains": [
        {
          "chainId": "goToParentChain",
          "parameters": {
            "parentPage": "{{ $page.variables.parentPage }}"
          }
        }
      ]
    },
    "onSpNext": {
      "chains": [
        {
          "chainId": "next",
          "parameters": {
            "event": "{{ $event }}"
          }
        }
      ]
    },
    "onSpPrevious": {
      "chains": [
        {
          "chainId": "previous",
          "parameters": {
            "event": "{{ $event }}"
          }
        }
      ]
    },
    "vbEnter": {
      "chains": [
        {
          "chainId": "firePageLayoutEventChain"
        },
        {
          "parameters": {},
          "chain": "vbEnterListener"
        }
      ]
    }
  },
  "imports": {
    "components": {
      "oj-sp-foldout-layout": {
        "path": "oj-sp/foldout-layout/loader"
      },
      "oj-sp-foldout-panel-summarizing": {
        "path": "oj-sp/foldout-panel-summarizing/loader"
      },
      "oj-sp-horizontal-overview": {
        "path": "oj-sp/horizontal-overview/loader"
      },
      "oj-sp-list-section": {
        "path": "oj-sp/list-section/loader"
      },
      "oj-sp-object-card": {
        "path": "oj-sp/object-card/loader"
      },
      "oj-sp-profile-card": {
        "path": "oj-sp/profile-card/loader"
      },
      "oj-sp-recommendation-card": {
        "path": "oj-sp/recommendation-card/loader"
      },
      "oj-sp-section": {
        "path": "oj-sp/section/loader"
      }
    }
  },
  "@dt": {
    "iconClass": "vbdt-dynamic-icon-60-icoFoldoutLayout48Svg"
  },
  "events": {
    "test": {}
  }
}
