{
    "displayLabel": "JobHistory",
    "fields": [
        {
            "displayLabel": "Id",
            "key": true,
            "name": "id",
            "oid": "3ef0ecaa-95d1-4e2c-8dbb-794c2e821e07",
            "required": true,
            "type": "number",
            "unique": true
        },
        {
            "displayLabel": "Created",
            "historyType": "timeCreated",
            "name": "creationDate",
            "oid": "1a5be03a-3f20-4dfc-8c70-ef50935900cc",
            "required": true,
            "type": "datetime"
        },
        {
            "displayLabel": "Last Updated",
            "historyType": "timeUpdated",
            "name": "lastUpdateDate",
            "oid": "5864dadf-436d-4925-83ae-86205a09ce4f",
            "required": true,
            "type": "datetime"
        },
        {
            "displayLabel": "Created By",
            "historyType": "createdBy",
            "name": "createdBy",
            "oid": "34bcaf13-dd89-479f-a3b9-d7353c2a1a2a",
            "required": true,
            "type": "string"
        },
        {
            "displayLabel": "Last Updated By",
            "historyType": "updatedBy",
            "name": "lastUpdatedBy",
            "oid": "25b78c90-3749-4af6-903f-660113879b12",
            "required": true,
            "type": "string"
        },
        {
            "displayLabel": "Version Number",
            "historyType": "versionNumber",
            "name": "versionNumber",
            "oid": "63b9b783-e310-4177-96df-6872018e98a3",
            "type": "number"
        },
        {
            "displayLabel": "employee",
            "name": "employee",
            "oid": "bdb92484-4b56-4e94-9eaa-0c795d62e0c7",
            "required": true,
            "type": "number"
        },
        {
            "displayLabel": "startDate",
            "name": "startDate",
            "oid": "a8adf634-1e6f-4bcc-a6f7-9ce95edfbeb2",
            "required": true,
            "type": "date"
        },
        {
            "displayLabel": "endDate",
            "name": "endDate",
            "oid": "91d9c4bb-307e-413a-89b8-fd6536025472",
            "required": true,
            "type": "date"
        },
        {
            "displayLabel": "job",
            "name": "job",
            "oid": "c6b341ea-2d71-4433-a4cb-0a0986d341a0",
            "required": true,
            "type": "number"
        },
        {
            "displayLabel": "department",
            "name": "department",
            "oid": "50f64bcf-df70-4b61-8f0a-84432da3233a",
            "required": true,
            "type": "number"
        }
    ],
    "hidden": false,
    "name": "JobHistory",
    "oid": "2a82fea6-7503-4988-9979-36f34f66dd61"
}