{
  "component-dependencies": {
    "oj-sp": {
      "version": "2304.0.1",
      "components": {
        "messages-banner": "2407.0.0",
        "messages-toast": "2304.0.1",
        "welcome-page": "2304.0.1",
        "collection-container": "2407.0.0",
        "list-item-template": "2407.0.0",
        "guided-process": "2304.0.1",
        "message-unsaved-changes": "2304.0.1",
        "profile-card": "2304.0.1",
        "object-card": "2304.0.1",
        "recommendation-card": "2304.0.1"
      }
    }
  }
 }