{
    "openapi": "3.0.0",
    "info": {
        "version": "01.00.0001",
        "title": "XX_GET_SO_HASH_LINE",
        "x-vb": {
            "serviceType": "ics"
        }
    },
    "servers": [
        {
            "url": "vb-catalog://backends/ics/ic/api/integration/v1/flows/rest"
        }
    ],
    "paths": {
        "/XX_GET_SO_HASH_LINE/1.0/": {
            "get": {
                "tags": [
                    "XX_SCM_HASH_FOR_VB/XX_GET_SO_HASH_LINE|01.00.0001",
                    "XX_SCM_HASH_FOR_VB"
                ],
                "operationId": "getXX_GET_SO_HASH_LINE1_0",
                "parameters": [
                    {
                        "name": "pLineId",
                        "in": "query",
                        "required": false,
                        "schema": {
                            "type": "string"
                        }
                    },
                    {
                        "name": "pOrderKey",
                        "in": "query",
                        "required": false,
                        "schema": {
                            "type": "string"
                        }
                    }
                ],
                "responses": {
                    "500": {
                        "description": "Faults",
                        "content": {
                            "application/json": {
                                "schema": {
                                    "$ref": "#/components/schemas/APIInvocationError"
                                }
                            }
                        }
                    },
                    "default": {
                        "description": "A sample description of the Response",
                        "content": {
                            "application/json": {
                                "schema": {
                                    "$ref": "#/components/schemas/response-wrapper"
                                },
                                "examples": {
                                    "vb": {
                                        "value": "{\"CompleteURL\":\"yy\",\"HashCode\":\"xx\"}"
                                    }
                                }
                            }
                        }
                    }
                },
                "security": [
                    {
                        "oauth2Authentication": []
                    },
                    {
                        "basicAuthentication": []
                    }
                ]
            }
        }
    },
    "components": {
        "schemas": {
            "APIInvocationError": {
                "type": "object",
                "required": [
                    "detail",
                    "errorCode",
                    "errorDetails",
                    "title",
                    "type"
                ],
                "properties": {
                    "type": {
                        "type": "string"
                    },
                    "title": {
                        "type": "string"
                    },
                    "detail": {
                        "type": "string"
                    },
                    "errorCode": {
                        "type": "string"
                    },
                    "errorDetails": {
                        "type": "array",
                        "items": {
                            "type": "object",
                            "properties": {
                                "type": {
                                    "type": "string"
                                },
                                "instance": {
                                    "type": "string"
                                },
                                "title": {
                                    "type": "string"
                                },
                                "errorPath": {
                                    "type": "string"
                                },
                                "errorCode": {
                                    "type": "string"
                                }
                            },
                            "required": [
                                "errorCode",
                                "errorPath",
                                "instance",
                                "title",
                                "type"
                            ]
                        },
                        "minItems": 1
                    }
                }
            },
            "response-wrapper": {
                "type": "object",
                "required": [
                    "CompleteURL",
                    "HashCode"
                ],
                "properties": {
                    "HashCode": {
                        "type": "string"
                    },
                    "CompleteURL": {
                        "type": "string"
                    }
                },
                "example": "{\"CompleteURL\":\"yy\",\"HashCode\":\"xx\"}"
            }
        }
    }
}