{
    "openapi": "3.0.0",
    "info": {
        "title": "Ics",
        "version": "1.0.0"
    },
    "servers": [
        {
            "url": "vb-catalog://backends/ics",
            "description": "Ics"
        }
    ],
    "paths": {
        "/ic/api/integration/v1/flows/rest/VSD_AP_INVS_PART_DE/1.0/data/PartnerAP_File": {
            "post": {
                "operationId": "post_XX_AP_INV_DE1_0DataPartnerAP_File",
                "requestBody": {
                    "content": {
                        "application/json": {
                            "schema": {
                                "$ref": "#/components/schemas/PostIcApiIntegrationV1FlowsRestVSD_AP_INV_DE1_0DataPartnerAP_FileRequest"
                            },
                            "examples": {
                                "vb": {
                                    "externalValue": "./examples/postIcApiIntegrationV1FlowsRestVSD_AP_INV_DE1_0DataPartnerAP_File/request_application_json_vb.json"
                                }
                            }
                        }
                    }
                },
                "responses": {
                    "default": {
                        "description": "Response for default",
                        "content": {
                            "application/json": {
                                "schema": {
                                    "$ref": "#/components/schemas/PostIcApiIntegrationV1FlowsRestVSD_AP_INV_DE1_0DataPartnerAP_FileResponse"
                                },
                                "examples": {
                                    "vb": {
                                        "summary": "Example stored by VB User",
                                        "externalValue": "./examples/postIcApiIntegrationV1FlowsRestVSD_AP_INV_DE1_0DataPartnerAP_File/response_default_application_json_vb.json"
                                    }
                                }
                            }
                        }
                    }
                },
                "x-vb": {
                    "actionHint": "create"
                }
            },
            "summary": "Run OIC MAIN.",
            "description": "Run OIC MAIN."
        }
    },
    "components": {
        "schemas": {
            "PostIcApiIntegrationV1FlowsRestVSD_AP_INV_DE1_0DataPartnerAP_FileRequest": {
                "type": "object",
                "properties": {
                    "pBatchId": {
                        "type": "string"
                    },
                    "Id": {
                        "type": "string"
                    }
                }
            },
            "PostIcApiIntegrationV1FlowsRestVSD_AP_INV_DE1_0DataPartnerAP_FileResponse": {
                "type": "object",
                "properties": {
                    "Status": {
                        "type": "string"
                    },
                    "StatusMessage": {
                        "type": "string"
                    }
                }
            }
        }
    }
}