{
    "addMetadataRules": [
        {
            "id": "br001",
            "label": "br_0001",
            "description": "",
            "status": "active",
            "overlay": {
                "fields": {
                    "personNames.FirstName": {
                        "readonly": {
                            "value": true
                        }
                    },
                    "personNames.LastName": {
                        "readonly": {
                            "value": true
                        }
                    },
                    "personNames.MiddleNames": {
                        "readonly": {
                            "value": true
                        }
                    }
                }
            },
            "condition": {
                "expression": "[[ (!$user.roles.includes('GSE_HCMMANAGER_UHP')) ]]"
            }
        }
      ],
    "addCollectionMetadataRules": {
        "metadataRules": []
    },
    "imports": {},
    "@dt": {
        "conditionFieldLabels": {
            "$user.roles": {
                "GSE_HCMMANAGER_UHP": "GSE_HCMMANAGER_UHP"
            }
        }
    },
    "metadataRulesVersion": "17.1.9"
}
