{
    "displayLabel": "Employee",
    "fields": [
        {
            "displayLabel": "Id",
            "key": true,
            "name": "id",
            "oid": "0e615892-dc65-4baf-acb5-8f7a6f5b7d94",
            "required": true,
            "type": "number",
            "unique": true
        },
        {
            "displayLabel": "Created",
            "historyType": "timeCreated",
            "name": "creationDate",
            "oid": "eb684a46-020b-4326-8d48-0f0b469044cb",
            "required": true,
            "type": "datetime"
        },
        {
            "displayLabel": "Last Updated",
            "historyType": "timeUpdated",
            "name": "lastUpdateDate",
            "oid": "262ab2d2-05da-454f-8a45-a592687d7a97",
            "required": true,
            "type": "datetime"
        },
        {
            "displayLabel": "Created By",
            "historyType": "createdBy",
            "name": "createdBy",
            "oid": "d79cef44-470a-49a3-b99c-d1f1c9dede4f",
            "required": true,
            "type": "string"
        },
        {
            "displayLabel": "Last Updated By",
            "historyType": "updatedBy",
            "name": "lastUpdatedBy",
            "oid": "7c4fdda5-2291-478e-bc54-fc0173a97895",
            "required": true,
            "type": "string"
        },
        {
            "displayLabel": "Version Number",
            "historyType": "versionNumber",
            "name": "versionNumber",
            "oid": "787e8b23-ffb7-4e2e-9360-10c427211566",
            "type": "number"
        },
        {
            "displayLabel": "firstName",
            "name": "firstName",
            "oid": "56a58b33-01dc-4659-8096-a6c510f7eaa6",
            "required": true,
            "type": "string"
        },
        {
            "displayLabel": "lastName",
            "name": "lastName",
            "oid": "cc845e20-b419-4a58-a888-3eaa92cc7b9d",
            "required": true,
            "type": "string"
        },
        {
            "displayLabel": "email",
            "name": "email",
            "oid": "09a4b448-db80-4e0f-ac28-b84885f93fda",
            "required": true,
            "type": "string"
        },
        {
            "displayLabel": "phoneNumber",
            "name": "phoneNumber",
            "oid": "b646b453-b400-4b8d-a513-ea9d2d0d8e4e",
            "required": true,
            "type": "string"
        },
        {
            "displayLabel": "hireDate",
            "name": "hireDate",
            "oid": "ea6701ae-e445-443a-9f08-7806da21823e",
            "required": true,
            "type": "date"
        },
        {
            "displayLabel": "job",
            "name": "job",
            "oid": "975f6585-94e1-4f48-8a9c-6e66b1c44bd8",
            "required": true,
            "type": "number"
        },
        {
            "displayLabel": "salary",
            "name": "salary",
            "oid": "8d817a1e-114f-4ff2-9e82-ae3d10f10f47",
            "required": true,
            "scale": 1,
            "type": "number"
        },
        {
            "displayLabel": "commissionPct",
            "name": "commissionPct",
            "oid": "f974fb4f-a78c-4658-8238-d5cbbdcdfcd1",
            "required": false,
            "scale": 2,
            "type": "number"
        },
        {
            "displayLabel": "manager",
            "name": "manager",
            "oid": "1cf26f66-908b-4d0b-a3c3-a9a88c68a37c",
            "required": false,
            "type": "number"
        },
        {
            "displayLabel": "department",
            "name": "department",
            "oid": "6bf233a5-d3da-40f6-9126-86659bf27331",
            "required": true,
            "type": "number"
        }
    ],
    "hidden": false,
    "name": "Employee",
    "oid": "9e7742fd-81c6-49b8-b02f-4b88d635bfb8",
    "relationships": [
        {
            "deleteRule": "restrict",
            "exposeAccessor": true,
            "mappingField": "department",
            "name": "departmentObject",
            "reverseRelationship": "employeeCollection",
            "targetEntity": "Department",
            "type": "outgoing"
        }
    ]
}